[2026-04-17T11:15:24.689Z] [INFO] ================================================
[2026-04-17T11:15:24.692Z] [INFO] 🚀 ZYNDRIX COMMANDER v2.2 - Discovery Robustness
[2026-04-17T11:15:24.692Z] [INFO] ================================================
[2026-04-17T11:15:24.693Z] [INFO] Phase 1: Starting Autonomous Discovery Scan...
[2026-04-17T11:15:24.693Z] [INFO] Targeting: peluquería in Reus
[2026-04-17T11:15:26.209Z] [SUCCESS] Found 6 new leads. Synchronizing with Supabase...
[2026-04-17T11:15:27.227Z] [INFO] Searching for NEW leads to audit...
[2026-04-17T11:15:27.293Z] [INFO] No new leads found for audit.
[2026-04-17T11:15:27.294Z] [INFO] Searching for candidates for Asset Generation...
[2026-04-17T11:15:27.367Z] [INFO] Phase 3: Found 5 candidates for personalzed design generation.
[2026-04-17T11:15:27.368Z] [INFO] Triggering Automatic Stitch Project for restaurante Principal Sant Antoni de Vilamajor...
[2026-04-17T11:15:29.596Z] [ERROR] Direct sync failed for restaurante Principal Sant Antoni de Vilamajor: Could not find the 'stitch_project_id' column of 'leads' in the schema cache
[2026-04-17T11:15:29.597Z] [INFO] Triggering Automatic Stitch Project for Especialistas restaurante Sant Antoni de Vilamajor...
[2026-04-17T11:15:31.801Z] [ERROR] Direct sync failed for Especialistas restaurante Sant Antoni de Vilamajor: Could not find the 'stitch_project_id' column of 'leads' in the schema cache
[2026-04-17T11:15:31.802Z] [INFO] Triggering Automatic Stitch Project for clínica dental Principal Granollers...
[2026-04-17T11:15:34.002Z] [ERROR] Direct sync failed for clínica dental Principal Granollers: Could not find the 'stitch_project_id' column of 'leads' in the schema cache
[2026-04-17T11:15:34.003Z] [INFO] Triggering Automatic Stitch Project for Especialistas clínica dental Granollers...
[2026-04-17T11:15:36.223Z] [ERROR] Direct sync failed for Especialistas clínica dental Granollers: Could not find the 'stitch_project_id' column of 'leads' in the schema cache
[2026-04-17T11:15:36.224Z] [INFO] Triggering Automatic Stitch Project for restaurante Principal Barcelona...
[2026-04-17T11:15:38.457Z] [ERROR] Direct sync failed for restaurante Principal Barcelona: Could not find the 'stitch_project_id' column of 'leads' in the schema cache
[2026-04-17T11:15:38.458Z] [INFO] Phase 4: Checking for Outreach candidates...
[2026-04-17T11:15:38.523Z] [INFO] Cycle complete. Sleeping for 60s...
[2026-04-17T11:16:38.536Z] [INFO] Searching for NEW leads to audit...
[2026-04-17T11:16:38.713Z] [INFO] No new leads found for audit.
[2026-04-17T11:16:38.714Z] [INFO] Searching for candidates for Asset Generation...
[2026-04-17T11:16:38.816Z] [INFO] Phase 3: Found 5 candidates for personalzed design generation.
[2026-04-17T11:16:38.817Z] [INFO] Triggering Automatic Stitch Project for restaurante Principal Sant Antoni de Vilamajor...
[2026-04-17T11:16:41.109Z] [ERROR] Direct sync failed for restaurante Principal Sant Antoni de Vilamajor: Could not find the 'stitch_project_id' column of 'leads' in the schema cache
[2026-04-17T11:16:41.109Z] [INFO] Triggering Automatic Stitch Project for Especialistas restaurante Sant Antoni de Vilamajor...
[2026-04-17T11:16:43.320Z] [ERROR] Direct sync failed for Especialistas restaurante Sant Antoni de Vilamajor: Could not find the 'stitch_project_id' column of 'leads' in the schema cache
[2026-04-17T11:16:43.320Z] [INFO] Triggering Automatic Stitch Project for clínica dental Principal Granollers...
[2026-04-17T11:16:45.517Z] [ERROR] Direct sync failed for clínica dental Principal Granollers: Could not find the 'stitch_project_id' column of 'leads' in the schema cache
[2026-04-17T11:16:45.517Z] [INFO] Triggering Automatic Stitch Project for Especialistas clínica dental Granollers...
[2026-04-17T11:16:47.725Z] [ERROR] Direct sync failed for Especialistas clínica dental Granollers: Could not find the 'stitch_project_id' column of 'leads' in the schema cache
[2026-04-17T11:16:47.725Z] [INFO] Triggering Automatic Stitch Project for restaurante Principal Barcelona...
[2026-04-17T11:16:49.927Z] [ERROR] Direct sync failed for restaurante Principal Barcelona: Could not find the 'stitch_project_id' column of 'leads' in the schema cache
[2026-04-17T11:16:49.928Z] [INFO] Phase 4: Checking for Outreach candidates...
[2026-04-17T11:16:49.994Z] [INFO] Cycle complete. Sleeping for 60s...
[2026-04-17T11:17:49.996Z] [INFO] Searching for NEW leads to audit...
[2026-04-17T11:17:50.184Z] [INFO] No new leads found for audit.
[2026-04-17T11:17:50.185Z] [INFO] Searching for candidates for Asset Generation...
[2026-04-17T11:17:50.303Z] [INFO] Phase 3: Found 5 candidates for personalzed design generation.
[2026-04-17T11:17:50.304Z] [INFO] Triggering Automatic Stitch Project for restaurante Principal Sant Antoni de Vilamajor...
[2026-04-17T11:17:52.612Z] [ERROR] Direct sync failed for restaurante Principal Sant Antoni de Vilamajor: Could not find the 'stitch_project_id' column of 'leads' in the schema cache
[2026-04-17T11:17:52.613Z] [INFO] Triggering Automatic Stitch Project for Especialistas restaurante Sant Antoni de Vilamajor...
[2026-04-17T11:17:54.837Z] [ERROR] Direct sync failed for Especialistas restaurante Sant Antoni de Vilamajor: Could not find the 'stitch_project_id' column of 'leads' in the schema cache
[2026-04-17T11:17:54.837Z] [INFO] Triggering Automatic Stitch Project for clínica dental Principal Granollers...
[2026-04-17T11:17:57.054Z] [ERROR] Direct sync failed for clínica dental Principal Granollers: Could not find the 'stitch_project_id' column of 'leads' in the schema cache
[2026-04-17T11:17:57.055Z] [INFO] Triggering Automatic Stitch Project for Especialistas clínica dental Granollers...
[2026-04-17T11:17:59.356Z] [ERROR] Direct sync failed for Especialistas clínica dental Granollers: Could not find the 'stitch_project_id' column of 'leads' in the schema cache
[2026-04-17T11:17:59.357Z] [INFO] Triggering Automatic Stitch Project for restaurante Principal Barcelona...
[2026-04-17T11:18:01.568Z] [ERROR] Direct sync failed for restaurante Principal Barcelona: Could not find the 'stitch_project_id' column of 'leads' in the schema cache
[2026-04-17T11:18:01.568Z] [INFO] Phase 4: Checking for Outreach candidates...
[2026-04-17T11:18:01.641Z] [INFO] Cycle complete. Sleeping for 60s...
[2026-04-17T11:19:01.642Z] [INFO] Searching for NEW leads to audit...
[2026-04-17T11:19:01.782Z] [INFO] No new leads found for audit.
[2026-04-17T11:19:01.783Z] [INFO] Searching for candidates for Asset Generation...
[2026-04-17T11:19:01.888Z] [INFO] Phase 3: Found 5 candidates for personalzed design generation.
[2026-04-17T11:19:01.888Z] [INFO] Triggering Automatic Stitch Project for restaurante Principal Sant Antoni de Vilamajor...
[2026-04-17T11:19:04.230Z] [ERROR] Direct sync failed for restaurante Principal Sant Antoni de Vilamajor: Could not find the 'stitch_project_id' column of 'leads' in the schema cache
[2026-04-17T11:19:04.230Z] [INFO] Triggering Automatic Stitch Project for Especialistas restaurante Sant Antoni de Vilamajor...
[2026-04-17T11:19:06.451Z] [ERROR] Direct sync failed for Especialistas restaurante Sant Antoni de Vilamajor: Could not find the 'stitch_project_id' column of 'leads' in the schema cache
[2026-04-17T11:19:06.451Z] [INFO] Triggering Automatic Stitch Project for clínica dental Principal Granollers...
[2026-04-17T11:19:08.659Z] [ERROR] Direct sync failed for clínica dental Principal Granollers: Could not find the 'stitch_project_id' column of 'leads' in the schema cache
[2026-04-17T11:19:08.660Z] [INFO] Triggering Automatic Stitch Project for Especialistas clínica dental Granollers...
[2026-04-17T11:19:10.869Z] [ERROR] Direct sync failed for Especialistas clínica dental Granollers: Could not find the 'stitch_project_id' column of 'leads' in the schema cache
[2026-04-17T11:19:10.869Z] [INFO] Triggering Automatic Stitch Project for restaurante Principal Barcelona...
[2026-04-17T11:19:13.078Z] [ERROR] Direct sync failed for restaurante Principal Barcelona: Could not find the 'stitch_project_id' column of 'leads' in the schema cache
[2026-04-17T11:19:13.078Z] [INFO] Phase 4: Checking for Outreach candidates...
[2026-04-17T11:19:13.160Z] [INFO] Cycle complete. Sleeping for 60s...
[2026-04-17T11:20:13.169Z] [INFO] Searching for NEW leads to audit...
[2026-04-17T11:20:13.362Z] [INFO] No new leads found for audit.
[2026-04-17T11:20:13.363Z] [INFO] Searching for candidates for Asset Generation...
[2026-04-17T11:20:13.471Z] [INFO] Phase 3: Found 5 candidates for personalzed design generation.
[2026-04-17T11:20:13.472Z] [INFO] Triggering Automatic Stitch Project for restaurante Principal Sant Antoni de Vilamajor...
[2026-04-17T11:20:15.756Z] [ERROR] Direct sync failed for restaurante Principal Sant Antoni de Vilamajor: Could not find the 'stitch_project_id' column of 'leads' in the schema cache
[2026-04-17T11:20:15.757Z] [INFO] Triggering Automatic Stitch Project for Especialistas restaurante Sant Antoni de Vilamajor...
[2026-04-17T11:20:17.970Z] [ERROR] Direct sync failed for Especialistas restaurante Sant Antoni de Vilamajor: Could not find the 'stitch_project_id' column of 'leads' in the schema cache
[2026-04-17T11:20:17.970Z] [INFO] Triggering Automatic Stitch Project for clínica dental Principal Granollers...
[2026-04-17T11:20:20.180Z] [ERROR] Direct sync failed for clínica dental Principal Granollers: Could not find the 'stitch_project_id' column of 'leads' in the schema cache
[2026-04-17T11:20:20.181Z] [INFO] Triggering Automatic Stitch Project for Especialistas clínica dental Granollers...
[2026-04-17T11:20:22.387Z] [ERROR] Direct sync failed for Especialistas clínica dental Granollers: Could not find the 'stitch_project_id' column of 'leads' in the schema cache
[2026-04-17T11:20:22.388Z] [INFO] Triggering Automatic Stitch Project for restaurante Principal Barcelona...
[2026-04-17T11:20:24.619Z] [ERROR] Direct sync failed for restaurante Principal Barcelona: Could not find the 'stitch_project_id' column of 'leads' in the schema cache
[2026-04-17T11:20:24.620Z] [INFO] Phase 4: Checking for Outreach candidates...
[2026-04-17T11:20:24.695Z] [INFO] Cycle complete. Sleeping for 60s...
[2026-04-17T11:21:05.311Z] [INFO] ================================================
[2026-04-17T11:21:05.314Z] [INFO] 🚀 ZYNDRIX COMMANDER v2.2 - Discovery Robustness
[2026-04-17T11:21:05.314Z] [INFO] ================================================
[2026-04-17T11:21:05.316Z] [INFO] Phase 1: Starting Autonomous Discovery Scan...
[2026-04-17T11:21:05.316Z] [INFO] Targeting: clínica dental in Málaga
[2026-04-17T11:21:06.805Z] [SUCCESS] Found 6 new leads. Synchronizing with Supabase...
[2026-04-17T11:21:07.798Z] [INFO] Searching for NEW leads to audit...
[2026-04-17T11:21:07.879Z] [INFO] No new leads found for audit.
[2026-04-17T11:21:07.880Z] [INFO] Searching for candidates for Asset Generation...
[2026-04-17T11:21:07.959Z] [INFO] Phase 3: Found 5 candidates for personalzed design generation.
[2026-04-17T11:21:07.960Z] [INFO] Triggering Automatic Stitch Project for restaurante Principal Sant Antoni de Vilamajor...
[2026-04-17T11:21:10.172Z] [SUCCESS] Project generated and synced (DIRECT) for restaurante Principal Sant Antoni de Vilamajor: /demo/c743f652-b383-40cc-8ab8-13754c7d7091
[2026-04-17T11:21:10.172Z] [INFO] Triggering Automatic Stitch Project for Especialistas restaurante Sant Antoni de Vilamajor...
[2026-04-17T11:21:12.385Z] [SUCCESS] Project generated and synced (DIRECT) for Especialistas restaurante Sant Antoni de Vilamajor: /demo/659379c2-04c1-4a24-a253-79a3118aa985
[2026-04-17T11:21:12.386Z] [INFO] Triggering Automatic Stitch Project for clínica dental Principal Granollers...
[2026-04-17T11:21:14.600Z] [SUCCESS] Project generated and synced (DIRECT) for clínica dental Principal Granollers: /demo/6edbbe0a-4754-4241-8a6b-e6653bf795c2
[2026-04-17T11:21:14.600Z] [INFO] Triggering Automatic Stitch Project for Especialistas clínica dental Granollers...
[2026-04-17T11:21:16.827Z] [SUCCESS] Project generated and synced (DIRECT) for Especialistas clínica dental Granollers: /demo/59df53fe-a19f-4faf-a784-24291e7bdf2b
[2026-04-17T11:21:16.828Z] [INFO] Triggering Automatic Stitch Project for restaurante Principal Barcelona...
[2026-04-17T11:21:19.052Z] [SUCCESS] Project generated and synced (DIRECT) for restaurante Principal Barcelona: /demo/11dd4241-4e57-49d3-adb0-730dd1b266b4
[2026-04-17T11:21:19.053Z] [INFO] Phase 4: Checking for Outreach candidates...
[2026-04-17T11:21:19.162Z] [INFO] Automating Outreach for restaurante Principal Sant Antoni de Vilamajor...
[2026-04-17T11:21:19.312Z] [SUCCESS] Outreach successful for restaurante Principal Sant Antoni de Vilamajor
[2026-04-17T11:21:19.450Z] [INFO] Automating Outreach for Especialistas restaurante Sant Antoni de Vilamajor...
[2026-04-17T11:21:19.645Z] [SUCCESS] Outreach successful for Especialistas restaurante Sant Antoni de Vilamajor
[2026-04-17T11:21:19.779Z] [INFO] Automating Outreach for clínica dental Principal Granollers...
[2026-04-17T11:21:19.910Z] [SUCCESS] Outreach successful for clínica dental Principal Granollers
[2026-04-17T11:21:20.042Z] [INFO] Automating Outreach for Especialistas clínica dental Granollers...
[2026-04-17T11:21:20.174Z] [SUCCESS] Outreach successful for Especialistas clínica dental Granollers
[2026-04-17T11:21:20.312Z] [INFO] Automating Outreach for restaurante Principal Barcelona...
[2026-04-17T11:21:20.445Z] [SUCCESS] Outreach successful for restaurante Principal Barcelona
[2026-04-17T11:21:20.576Z] [INFO] Cycle complete. Sleeping for 60s...
[2026-04-17T11:22:20.577Z] [INFO] Searching for NEW leads to audit...
[2026-04-17T11:22:20.786Z] [INFO] No new leads found for audit.
[2026-04-17T11:22:20.787Z] [INFO] Searching for candidates for Asset Generation...
[2026-04-17T11:22:20.896Z] [INFO] Phase 3: Found 5 candidates for personalzed design generation.
[2026-04-17T11:22:20.896Z] [INFO] Triggering Automatic Stitch Project for restaurante Elite Barcelona...
[2026-04-17T11:22:23.171Z] [SUCCESS] Project generated and synced (DIRECT) for restaurante Elite Barcelona: /demo/6d1a05e4-e1b0-4c05-8f17-9d81ee2a7644
[2026-04-17T11:22:23.172Z] [INFO] Triggering Automatic Stitch Project for Especialistas restaurante Barcelona...
[2026-04-17T11:22:25.449Z] [SUCCESS] Project generated and synced (DIRECT) for Especialistas restaurante Barcelona: /demo/f957dabc-2910-47c4-b99a-8f705df1f7ec
[2026-04-17T11:22:25.450Z] [INFO] Triggering Automatic Stitch Project for Barcelona restaurante & Boutique...
[2026-04-17T11:22:27.659Z] [SUCCESS] Project generated and synced (DIRECT) for Barcelona restaurante & Boutique: /demo/703b7adf-aa54-4619-ae36-7a8c23c0911e
[2026-04-17T11:22:27.659Z] [INFO] Triggering Automatic Stitch Project for The restaurante Alliance...
[2026-04-17T11:22:29.869Z] [SUCCESS] Project generated and synced (DIRECT) for The restaurante Alliance: /demo/64037e7d-70a4-4866-a487-7ecaea6fbb6c
[2026-04-17T11:22:29.869Z] [INFO] Triggering Automatic Stitch Project for restaurante Elite Sant Antoni de Vilamajor...
[2026-04-17T11:22:32.088Z] [SUCCESS] Project generated and synced (DIRECT) for restaurante Elite Sant Antoni de Vilamajor: /demo/4881ced5-730d-42a8-946e-b3c6d873891e
[2026-04-17T11:22:32.090Z] [INFO] Phase 4: Checking for Outreach candidates...
[2026-04-17T11:22:32.223Z] [INFO] Automating Outreach for restaurante Principal Sant Antoni de Vilamajor...
[2026-04-17T11:22:32.359Z] [SUCCESS] Outreach successful for restaurante Principal Sant Antoni de Vilamajor
[2026-04-17T11:22:32.495Z] [INFO] Automating Outreach for Especialistas restaurante Sant Antoni de Vilamajor...
[2026-04-17T11:22:32.694Z] [SUCCESS] Outreach successful for Especialistas restaurante Sant Antoni de Vilamajor
[2026-04-17T11:22:32.837Z] [INFO] Automating Outreach for clínica dental Principal Granollers...
[2026-04-17T11:22:32.972Z] [SUCCESS] Outreach successful for clínica dental Principal Granollers
[2026-04-17T11:22:33.104Z] [INFO] Automating Outreach for Especialistas clínica dental Granollers...
[2026-04-17T11:22:33.232Z] [SUCCESS] Outreach successful for Especialistas clínica dental Granollers
[2026-04-17T11:22:33.366Z] [INFO] Automating Outreach for restaurante Principal Barcelona...
[2026-04-17T11:22:33.494Z] [SUCCESS] Outreach successful for restaurante Principal Barcelona
[2026-04-17T11:22:33.635Z] [INFO] Cycle complete. Sleeping for 60s...
[2026-04-17T11:23:33.637Z] [INFO] Searching for NEW leads to audit...
[2026-04-17T11:23:33.777Z] [INFO] No new leads found for audit.
[2026-04-17T11:23:33.778Z] [INFO] Searching for candidates for Asset Generation...
[2026-04-17T11:23:33.881Z] [INFO] Phase 3: Found 5 candidates for personalzed design generation.
[2026-04-17T11:23:33.881Z] [INFO] Triggering Automatic Stitch Project for Deixalleria municipal...
[2026-04-17T11:23:36.181Z] [SUCCESS] Project generated and synced (DIRECT) for Deixalleria municipal: /demo/fa7d07e9-134d-47db-a718-78196b4355c6
[2026-04-17T11:23:36.182Z] [INFO] Triggering Automatic Stitch Project for Condis...
[2026-04-17T11:23:38.405Z] [SUCCESS] Project generated and synced (DIRECT) for Condis: /demo/0c883b9e-c910-4db8-9fa5-4f1bdd9f93a9
[2026-04-17T11:23:38.406Z] [INFO] Triggering Automatic Stitch Project for VILAINFORMÀTIC...
[2026-04-17T11:23:40.616Z] [SUCCESS] Project generated and synced (DIRECT) for VILAINFORMÀTIC: /demo/e26bda27-bf11-4f72-9ed4-4e3b129338c9
[2026-04-17T11:23:40.617Z] [INFO] Triggering Automatic Stitch Project for Bonpreu...
[2026-04-17T11:23:42.822Z] [SUCCESS] Project generated and synced (DIRECT) for Bonpreu: /demo/4339ebe8-ff76-4fff-a43d-0d05554de84e
[2026-04-17T11:23:42.822Z] [INFO] Triggering Automatic Stitch Project for Jardimec venda, reparació i lloguer de maquinària de jardí...
[2026-04-17T11:23:45.040Z] [SUCCESS] Project generated and synced (DIRECT) for Jardimec venda, reparació i lloguer de maquinària de jardí: /demo/c82ad557-6498-4736-913b-d39b557e45bc
[2026-04-17T11:23:45.041Z] [INFO] Phase 4: Checking for Outreach candidates...
[2026-04-17T11:23:45.160Z] [INFO] Automating Outreach for restaurante Principal Sant Antoni de Vilamajor...
[2026-04-17T11:23:45.316Z] [SUCCESS] Outreach successful for restaurante Principal Sant Antoni de Vilamajor
[2026-04-17T11:23:45.451Z] [INFO] Automating Outreach for Especialistas restaurante Sant Antoni de Vilamajor...
[2026-04-17T11:23:45.692Z] [SUCCESS] Outreach successful for Especialistas restaurante Sant Antoni de Vilamajor
[2026-04-17T11:23:45.831Z] [INFO] Automating Outreach for clínica dental Principal Granollers...
[2026-04-17T11:23:45.983Z] [SUCCESS] Outreach successful for clínica dental Principal Granollers
[2026-04-17T11:23:46.114Z] [INFO] Automating Outreach for Especialistas clínica dental Granollers...
[2026-04-17T11:23:46.247Z] [SUCCESS] Outreach successful for Especialistas clínica dental Granollers
[2026-04-17T11:23:46.405Z] [INFO] Automating Outreach for restaurante Principal Barcelona...
[2026-04-17T11:23:46.553Z] [SUCCESS] Outreach successful for restaurante Principal Barcelona
[2026-04-17T11:23:46.695Z] [INFO] Cycle complete. Sleeping for 60s...
[2026-04-17T11:24:46.699Z] [INFO] Searching for NEW leads to audit...
[2026-04-17T11:24:47.101Z] [INFO] No new leads found for audit.
[2026-04-17T11:24:47.102Z] [INFO] Searching for candidates for Asset Generation...
[2026-04-17T11:24:47.221Z] [INFO] Phase 3: Found 5 candidates for personalzed design generation.
[2026-04-17T11:24:47.221Z] [INFO] Triggering Automatic Stitch Project for Western Union...
[2026-04-17T11:24:49.526Z] [SUCCESS] Project generated and synced (DIRECT) for Western Union: /demo/3ee2c8ec-f25f-4786-a73c-27f4783e71c7
[2026-04-17T11:24:49.526Z] [INFO] Triggering Automatic Stitch Project for Willy Barber Club...
[2026-04-17T11:24:51.730Z] [SUCCESS] Project generated and synced (DIRECT) for Willy Barber Club: /demo/c7bbc299-898d-41de-b13f-1cf6a9471813
[2026-04-17T11:24:51.731Z] [INFO] Triggering Automatic Stitch Project for Sant Antoni de Vilamajor restaurante & Boutique...
[2026-04-17T11:24:53.942Z] [SUCCESS] Project generated and synced (DIRECT) for Sant Antoni de Vilamajor restaurante & Boutique: /demo/bc2fd477-2964-4f5b-9e47-e59553168bb4
[2026-04-17T11:24:53.943Z] [INFO] Triggering Automatic Stitch Project for Ricardo Barber Shop...
[2026-04-17T11:24:56.151Z] [SUCCESS] Project generated and synced (DIRECT) for Ricardo Barber Shop: /demo/f3594323-cb95-4961-926b-6acebb6ae3cc
[2026-04-17T11:24:56.152Z] [INFO] Triggering Automatic Stitch Project for Fusteria Fontané...
[2026-04-17T11:24:58.386Z] [SUCCESS] Project generated and synced (DIRECT) for Fusteria Fontané: /demo/346e2fe6-fba2-46e2-a929-19c3f8416771
[2026-04-17T11:24:58.387Z] [INFO] Phase 4: Checking for Outreach candidates...
[2026-04-17T11:24:58.500Z] [INFO] Automating Outreach for restaurante Principal Sant Antoni de Vilamajor...
[2026-04-17T11:24:58.632Z] [SUCCESS] Outreach successful for restaurante Principal Sant Antoni de Vilamajor
[2026-04-17T11:24:58.773Z] [INFO] Automating Outreach for Especialistas restaurante Sant Antoni de Vilamajor...
[2026-04-17T11:24:58.973Z] [SUCCESS] Outreach successful for Especialistas restaurante Sant Antoni de Vilamajor
[2026-04-17T11:24:59.106Z] [INFO] Automating Outreach for clínica dental Principal Granollers...
[2026-04-17T11:24:59.238Z] [SUCCESS] Outreach successful for clínica dental Principal Granollers
[2026-04-17T11:24:59.420Z] [INFO] Automating Outreach for Especialistas clínica dental Granollers...
[2026-04-17T11:24:59.547Z] [SUCCESS] Outreach successful for Especialistas clínica dental Granollers
[2026-04-17T11:24:59.677Z] [INFO] Automating Outreach for restaurante Principal Barcelona...
[2026-04-17T11:24:59.812Z] [SUCCESS] Outreach successful for restaurante Principal Barcelona
[2026-04-17T11:24:59.955Z] [INFO] Cycle complete. Sleeping for 60s...
[2026-04-17T11:25:59.965Z] [INFO] Searching for NEW leads to audit...
[2026-04-17T11:26:00.117Z] [INFO] No new leads found for audit.
[2026-04-17T11:26:00.118Z] [INFO] Searching for candidates for Asset Generation...
[2026-04-17T11:26:00.231Z] [INFO] Phase 3: Found 5 candidates for personalzed design generation.
[2026-04-17T11:26:00.232Z] [INFO] Triggering Automatic Stitch Project for A.G.carpinteria a medida Antonio Giménez...
[2026-04-17T11:26:02.531Z] [SUCCESS] Project generated and synced (DIRECT) for A.G.carpinteria a medida Antonio Giménez: /demo/f1b66111-7a99-4470-97fd-53832c9d8251
[2026-04-17T11:26:02.532Z] [INFO] Triggering Automatic Stitch Project for Dental Sant Esteve...
[2026-04-17T11:26:04.743Z] [SUCCESS] Project generated and synced (DIRECT) for Dental Sant Esteve: /demo/9929efb2-0658-4db1-a3e2-a1517d2b9b9a
[2026-04-17T11:26:04.744Z] [INFO] Triggering Automatic Stitch Project for Clínica Dentalqb...
[2026-04-17T11:26:07.012Z] [SUCCESS] Project generated and synced (DIRECT) for Clínica Dentalqb: /demo/05468edf-fe2a-47cb-ab22-4b4edad87f83
[2026-04-17T11:26:07.013Z] [INFO] Triggering Automatic Stitch Project for Arima clínica dental...
[2026-04-17T11:26:09.252Z] [SUCCESS] Project generated and synced (DIRECT) for Arima clínica dental: /demo/2a6ed03e-781f-4b68-b122-aec688920d2d
[2026-04-17T11:26:09.252Z] [INFO] Triggering Automatic Stitch Project for Restaurant Sant Antoni...
[2026-04-17T11:26:11.519Z] [SUCCESS] Project generated and synced (DIRECT) for Restaurant Sant Antoni: /demo/caf3fa19-3d38-46ff-9e55-ba4f5060899c
[2026-04-17T11:26:11.520Z] [INFO] Phase 4: Checking for Outreach candidates...
[2026-04-17T11:26:11.621Z] [INFO] Automating Outreach for restaurante Principal Sant Antoni de Vilamajor...
[2026-04-17T11:26:11.752Z] [SUCCESS] Outreach successful for restaurante Principal Sant Antoni de Vilamajor
[2026-04-17T11:26:11.893Z] [INFO] Automating Outreach for Especialistas restaurante Sant Antoni de Vilamajor...
[2026-04-17T11:26:12.085Z] [SUCCESS] Outreach successful for Especialistas restaurante Sant Antoni de Vilamajor
[2026-04-17T11:26:12.217Z] [INFO] Automating Outreach for clínica dental Principal Granollers...
[2026-04-17T11:26:12.351Z] [SUCCESS] Outreach successful for clínica dental Principal Granollers
[2026-04-17T11:26:12.499Z] [INFO] Automating Outreach for Especialistas clínica dental Granollers...
[2026-04-17T11:26:12.633Z] [SUCCESS] Outreach successful for Especialistas clínica dental Granollers
[2026-04-17T11:26:12.767Z] [INFO] Automating Outreach for restaurante Principal Barcelona...
[2026-04-17T11:26:12.901Z] [SUCCESS] Outreach successful for restaurante Principal Barcelona
[2026-04-17T11:26:13.035Z] [INFO] Cycle complete. Sleeping for 60s...
[2026-04-17T11:27:13.045Z] [INFO] Searching for NEW leads to audit...
[2026-04-17T11:27:13.221Z] [INFO] No new leads found for audit.
[2026-04-17T11:27:13.222Z] [INFO] Searching for candidates for Asset Generation...
[2026-04-17T11:27:13.328Z] [INFO] Phase 3: Found 5 candidates for personalzed design generation.
[2026-04-17T11:27:13.329Z] [INFO] Triggering Automatic Stitch Project for restaurante Principal Sitges...
[2026-04-17T11:27:15.610Z] [SUCCESS] Project generated and synced (DIRECT) for restaurante Principal Sitges: /demo/f6530b98-9151-4a72-ab84-49677f0c552e
[2026-04-17T11:27:15.610Z] [INFO] Triggering Automatic Stitch Project for restaurante Elite Sitges...
[2026-04-17T11:27:17.822Z] [SUCCESS] Project generated and synced (DIRECT) for restaurante Elite Sitges: /demo/e5cb72e3-1423-4290-b4b8-a360a7d9724f
[2026-04-17T11:27:17.823Z] [INFO] Triggering Automatic Stitch Project for Especialistas restaurante Sitges...
[2026-04-17T11:27:20.031Z] [SUCCESS] Project generated and synced (DIRECT) for Especialistas restaurante Sitges: /demo/c40f854c-6bd5-4fa1-ae6f-5932863ea686
[2026-04-17T11:27:20.032Z] [INFO] Triggering Automatic Stitch Project for Sitges restaurante & Boutique...
[2026-04-17T11:27:22.246Z] [SUCCESS] Project generated and synced (DIRECT) for Sitges restaurante & Boutique: /demo/9d3106c7-6505-4804-81c8-491f08fae16f
[2026-04-17T11:27:22.246Z] [INFO] Triggering Automatic Stitch Project for GOIANOCAR | Taller mecánico y neumáticos Badalona...
[2026-04-17T11:27:24.445Z] [SUCCESS] Project generated and synced (DIRECT) for GOIANOCAR | Taller mecánico y neumáticos Badalona: /demo/b7556134-f4b7-43e2-9be8-925472a56437
[2026-04-17T11:27:24.445Z] [INFO] Phase 4: Checking for Outreach candidates...
[2026-04-17T11:27:24.582Z] [INFO] Automating Outreach for restaurante Principal Sant Antoni de Vilamajor...
[2026-04-17T11:27:24.727Z] [SUCCESS] Outreach successful for restaurante Principal Sant Antoni de Vilamajor
[2026-04-17T11:27:24.869Z] [INFO] Automating Outreach for Especialistas restaurante Sant Antoni de Vilamajor...
[2026-04-17T11:27:25.060Z] [SUCCESS] Outreach successful for Especialistas restaurante Sant Antoni de Vilamajor
[2026-04-17T11:27:25.195Z] [INFO] Automating Outreach for clínica dental Principal Granollers...
[2026-04-17T11:27:25.333Z] [SUCCESS] Outreach successful for clínica dental Principal Granollers
[2026-04-17T11:27:25.461Z] [INFO] Automating Outreach for Especialistas clínica dental Granollers...
[2026-04-17T11:27:25.592Z] [SUCCESS] Outreach successful for Especialistas clínica dental Granollers
[2026-04-17T11:27:25.731Z] [INFO] Automating Outreach for restaurante Principal Barcelona...
[2026-04-17T11:27:25.860Z] [SUCCESS] Outreach successful for restaurante Principal Barcelona
[2026-04-17T11:27:25.996Z] [INFO] Cycle complete. Sleeping for 60s...
[2026-04-17T11:28:26.008Z] [INFO] Searching for NEW leads to audit...
[2026-04-17T11:28:26.152Z] [INFO] No new leads found for audit.
[2026-04-17T11:28:26.153Z] [INFO] Searching for candidates for Asset Generation...
[2026-04-17T11:28:26.259Z] [INFO] Phase 3: Found 5 candidates for personalzed design generation.
[2026-04-17T11:28:26.260Z] [INFO] Triggering Automatic Stitch Project for restaurante Principal Santa Coloma de Gramenet...
[2026-04-17T11:28:28.587Z] [SUCCESS] Project generated and synced (DIRECT) for restaurante Principal Santa Coloma de Gramenet: /demo/f1731184-54cf-484f-a92d-932b74882ec0
[2026-04-17T11:28:28.587Z] [INFO] Triggering Automatic Stitch Project for restaurante Elite Santa Coloma de Gramenet...
[2026-04-17T11:28:30.894Z] [SUCCESS] Project generated and synced (DIRECT) for restaurante Elite Santa Coloma de Gramenet: /demo/5207a7d3-a8a2-4b4a-b457-2a9b7c1e4488
[2026-04-17T11:28:30.895Z] [INFO] Triggering Automatic Stitch Project for Especialistas restaurante Santa Coloma de Gramenet...
[2026-04-17T11:28:33.142Z] [SUCCESS] Project generated and synced (DIRECT) for Especialistas restaurante Santa Coloma de Gramenet: /demo/0b1b4085-512d-44d6-b982-dc2774b43935
[2026-04-17T11:28:33.143Z] [INFO] Triggering Automatic Stitch Project for Principal Garage...
[2026-04-17T11:28:35.352Z] [SUCCESS] Project generated and synced (DIRECT) for Principal Garage: /demo/49912c70-4336-477f-9f5e-057aabcc7c37
[2026-04-17T11:28:35.353Z] [INFO] Triggering Automatic Stitch Project for TALLER RICARD MAÇANET | Taller mecànic a Maçanet de la Selva...
[2026-04-17T11:28:37.573Z] [SUCCESS] Project generated and synced (DIRECT) for TALLER RICARD MAÇANET | Taller mecànic a Maçanet de la Selva: /demo/eafb0ac3-856c-4b7d-87a5-ff79216b9436
[2026-04-17T11:28:37.573Z] [INFO] Phase 4: Checking for Outreach candidates...
[2026-04-17T11:28:37.675Z] [INFO] Automating Outreach for restaurante Principal Sant Antoni de Vilamajor...
[2026-04-17T11:28:37.809Z] [SUCCESS] Outreach successful for restaurante Principal Sant Antoni de Vilamajor
[2026-04-17T11:28:37.956Z] [INFO] Automating Outreach for Especialistas restaurante Sant Antoni de Vilamajor...
[2026-04-17T11:28:38.163Z] [SUCCESS] Outreach successful for Especialistas restaurante Sant Antoni de Vilamajor
[2026-04-17T11:28:38.298Z] [INFO] Automating Outreach for clínica dental Principal Granollers...
[2026-04-17T11:28:38.437Z] [SUCCESS] Outreach successful for clínica dental Principal Granollers
[2026-04-17T11:28:38.589Z] [INFO] Automating Outreach for Especialistas clínica dental Granollers...
[2026-04-17T11:28:38.733Z] [SUCCESS] Outreach successful for Especialistas clínica dental Granollers
[2026-04-17T11:28:38.870Z] [INFO] Automating Outreach for restaurante Principal Barcelona...
[2026-04-17T11:28:39.000Z] [SUCCESS] Outreach successful for restaurante Principal Barcelona
[2026-04-17T11:28:39.185Z] [INFO] Cycle complete. Sleeping for 60s...
[2026-04-17T11:29:39.189Z] [INFO] Searching for NEW leads to audit...
[2026-04-17T11:29:39.366Z] [INFO] No new leads found for audit.
[2026-04-17T11:29:39.366Z] [INFO] Searching for candidates for Asset Generation...
[2026-04-17T11:29:39.495Z] [INFO] Phase 3: Found 5 candidates for personalzed design generation.
[2026-04-17T11:29:39.495Z] [INFO] Triggering Automatic Stitch Project for Taller Vidiella...
[2026-04-17T11:29:41.782Z] [SUCCESS] Project generated and synced (DIRECT) for Taller Vidiella: /demo/bc563efa-5e2e-4d7e-a248-e4569275e347
[2026-04-17T11:29:41.783Z] [INFO] Triggering Automatic Stitch Project for Tallers Ronda...
[2026-04-17T11:29:43.986Z] [SUCCESS] Project generated and synced (DIRECT) for Tallers Ronda: /demo/8e30db90-c56f-45a2-a83f-230a377837ab
[2026-04-17T11:29:43.986Z] [INFO] Triggering Automatic Stitch Project for NASARRE G. AUTOMOCIÓ - TotalEnergies Quartz Auto Service...
[2026-04-17T11:29:46.192Z] [SUCCESS] Project generated and synced (DIRECT) for NASARRE G. AUTOMOCIÓ - TotalEnergies Quartz Auto Service: /demo/24d0f1ff-c60f-49fe-b8e3-ecf01eebf84f
[2026-04-17T11:29:46.192Z] [INFO] Triggering Automatic Stitch Project for Tallers Abril...
[2026-04-17T11:29:48.391Z] [SUCCESS] Project generated and synced (DIRECT) for Tallers Abril: /demo/c43c3053-d7f6-4208-9c95-0fc34427f086
[2026-04-17T11:29:48.392Z] [INFO] Triggering Automatic Stitch Project for Santa Coloma de Gramenet restaurante & Boutique...
[2026-04-17T11:29:50.585Z] [SUCCESS] Project generated and synced (DIRECT) for Santa Coloma de Gramenet restaurante & Boutique: /demo/07eff22a-2a89-4acc-9bae-75da31d64fea
[2026-04-17T11:29:50.586Z] [INFO] Phase 4: Checking for Outreach candidates...
[2026-04-17T11:29:50.701Z] [INFO] Automating Outreach for restaurante Principal Sant Antoni de Vilamajor...
[2026-04-17T11:29:50.841Z] [SUCCESS] Outreach successful for restaurante Principal Sant Antoni de Vilamajor
[2026-04-17T11:29:50.985Z] [INFO] Automating Outreach for Especialistas restaurante Sant Antoni de Vilamajor...
[2026-04-17T11:29:51.243Z] [SUCCESS] Outreach successful for Especialistas restaurante Sant Antoni de Vilamajor
[2026-04-17T11:29:51.378Z] [INFO] Automating Outreach for clínica dental Principal Granollers...
[2026-04-17T11:29:51.506Z] [SUCCESS] Outreach successful for clínica dental Principal Granollers
[2026-04-17T11:29:51.640Z] [INFO] Automating Outreach for Especialistas clínica dental Granollers...
[2026-04-17T11:29:51.770Z] [SUCCESS] Outreach successful for Especialistas clínica dental Granollers
[2026-04-17T11:29:51.903Z] [INFO] Automating Outreach for restaurante Principal Barcelona...
[2026-04-17T11:29:52.031Z] [SUCCESS] Outreach successful for restaurante Principal Barcelona
[2026-04-17T11:29:52.156Z] [INFO] Cycle complete. Sleeping for 60s...
[2026-04-17T11:30:52.157Z] [INFO] Searching for NEW leads to audit...
[2026-04-17T11:30:52.657Z] [INFO] No new leads found for audit.
[2026-04-17T11:30:52.657Z] [INFO] Searching for candidates for Asset Generation...
[2026-04-17T11:30:52.763Z] [INFO] Phase 3: Found 5 candidates for personalzed design generation.
[2026-04-17T11:30:52.763Z] [INFO] Triggering Automatic Stitch Project for Taller Mecánico Dasercars...
[2026-04-17T11:30:55.067Z] [SUCCESS] Project generated and synced (DIRECT) for Taller Mecánico Dasercars: /demo/9fde2fa3-2474-4691-be94-e14eaff6bd87
[2026-04-17T11:30:55.067Z] [INFO] Triggering Automatic Stitch Project for Taller J. Enrique - Especialistas en chapa y pintura...
[2026-04-17T11:30:57.275Z] [SUCCESS] Project generated and synced (DIRECT) for Taller J. Enrique - Especialistas en chapa y pintura: /demo/3b8363e9-07d0-4446-9f0c-ec1d48344deb
[2026-04-17T11:30:57.276Z] [INFO] Triggering Automatic Stitch Project for Taller Mecánica y Pintura Golden Car Service...
[2026-04-17T11:30:59.488Z] [SUCCESS] Project generated and synced (DIRECT) for Taller Mecánica y Pintura Golden Car Service: /demo/210fee3f-1241-4109-9978-0b6e95b6da42
[2026-04-17T11:30:59.488Z] [INFO] Triggering Automatic Stitch Project for peluquería Principal Reus...
[2026-04-17T11:31:01.753Z] [SUCCESS] Project generated and synced (DIRECT) for peluquería Principal Reus: /demo/4055cddc-f197-4679-bbd1-c12a37051c37
[2026-04-17T11:31:01.754Z] [INFO] Triggering Automatic Stitch Project for Talleres Chapa JF...
[2026-04-17T11:31:03.960Z] [SUCCESS] Project generated and synced (DIRECT) for Talleres Chapa JF: /demo/81636799-d112-4272-83d1-0db65d4e3fd2
[2026-04-17T11:31:03.960Z] [INFO] Phase 4: Checking for Outreach candidates...
[2026-04-17T11:31:04.075Z] [INFO] Automating Outreach for restaurante Principal Sant Antoni de Vilamajor...
[2026-04-17T11:31:04.209Z] [SUCCESS] Outreach successful for restaurante Principal Sant Antoni de Vilamajor
[2026-04-17T11:31:04.352Z] [INFO] Automating Outreach for Especialistas restaurante Sant Antoni de Vilamajor...
[2026-04-17T11:31:04.558Z] [SUCCESS] Outreach successful for Especialistas restaurante Sant Antoni de Vilamajor
[2026-04-17T11:31:04.691Z] [INFO] Automating Outreach for clínica dental Principal Granollers...
[2026-04-17T11:31:04.821Z] [SUCCESS] Outreach successful for clínica dental Principal Granollers
[2026-04-17T11:31:04.966Z] [INFO] Automating Outreach for Especialistas clínica dental Granollers...
[2026-04-17T11:31:05.099Z] [SUCCESS] Outreach successful for Especialistas clínica dental Granollers
[2026-04-17T11:31:05.232Z] [INFO] Automating Outreach for restaurante Principal Barcelona...
[2026-04-17T11:31:05.366Z] [SUCCESS] Outreach successful for restaurante Principal Barcelona
[2026-04-17T11:31:05.567Z] [INFO] Cycle complete. Sleeping for 60s...
[2026-04-17T11:32:05.572Z] [INFO] Searching for NEW leads to audit...
[2026-04-17T11:32:05.761Z] [INFO] No new leads found for audit.
[2026-04-17T11:32:05.762Z] [INFO] Searching for candidates for Asset Generation...
[2026-04-17T11:32:05.890Z] [INFO] Phase 3: Found 5 candidates for personalzed design generation.
[2026-04-17T11:32:05.891Z] [INFO] Triggering Automatic Stitch Project for peluquería Elite Reus...
[2026-04-17T11:32:08.188Z] [SUCCESS] Project generated and synced (DIRECT) for peluquería Elite Reus: /demo/625ba0b7-454b-438e-8c71-46591b36cbdf
[2026-04-17T11:32:08.188Z] [INFO] Triggering Automatic Stitch Project for Especialistas peluquería Reus...
[2026-04-17T11:32:10.403Z] [SUCCESS] Project generated and synced (DIRECT) for Especialistas peluquería Reus: /demo/2ae681cc-f2a6-4184-9930-cf5323f720e5
[2026-04-17T11:32:10.404Z] [INFO] Triggering Automatic Stitch Project for Reus peluquería & Boutique...
[2026-04-17T11:32:12.628Z] [SUCCESS] Project generated and synced (DIRECT) for Reus peluquería & Boutique: /demo/03ea11c7-f788-4ba7-aa55-25c027c9d78a
[2026-04-17T11:32:12.629Z] [INFO] Triggering Automatic Stitch Project for peluquería Metropolitano...
[2026-04-17T11:32:14.835Z] [SUCCESS] Project generated and synced (DIRECT) for peluquería Metropolitano: /demo/d01c0d71-cca1-4c84-a788-10a9cbbdd3d8
[2026-04-17T11:32:14.836Z] [INFO] Triggering Automatic Stitch Project for The peluquería Alliance...
[2026-04-17T11:32:17.050Z] [SUCCESS] Project generated and synced (DIRECT) for The peluquería Alliance: /demo/bdd3165d-e1c1-4ee1-baac-a05e85907100
[2026-04-17T11:32:17.051Z] [INFO] Phase 4: Checking for Outreach candidates...
[2026-04-17T11:32:17.156Z] [INFO] Automating Outreach for restaurante Principal Sant Antoni de Vilamajor...
[2026-04-17T11:32:17.286Z] [SUCCESS] Outreach successful for restaurante Principal Sant Antoni de Vilamajor
[2026-04-17T11:32:17.434Z] [INFO] Automating Outreach for Especialistas restaurante Sant Antoni de Vilamajor...
[2026-04-17T11:32:17.632Z] [SUCCESS] Outreach successful for Especialistas restaurante Sant Antoni de Vilamajor
[2026-04-17T11:32:17.775Z] [INFO] Automating Outreach for clínica dental Principal Granollers...
[2026-04-17T11:32:17.903Z] [SUCCESS] Outreach successful for clínica dental Principal Granollers
[2026-04-17T11:32:18.037Z] [INFO] Automating Outreach for Especialistas clínica dental Granollers...
[2026-04-17T11:32:18.176Z] [SUCCESS] Outreach successful for Especialistas clínica dental Granollers
[2026-04-17T11:32:18.344Z] [INFO] Automating Outreach for restaurante Principal Barcelona...
[2026-04-17T11:32:18.476Z] [SUCCESS] Outreach successful for restaurante Principal Barcelona
[2026-04-17T11:32:18.606Z] [INFO] Cycle complete. Sleeping for 60s...
[2026-04-17T11:33:18.610Z] [INFO] Searching for NEW leads to audit...
[2026-04-17T11:33:18.788Z] [INFO] No new leads found for audit.
[2026-04-17T11:33:18.788Z] [INFO] Searching for candidates for Asset Generation...
[2026-04-17T11:33:18.895Z] [INFO] Phase 3: Found 5 candidates for personalzed design generation.
[2026-04-17T11:33:18.896Z] [INFO] Triggering Automatic Stitch Project for clínica dental Principal Málaga...
[2026-04-17T11:33:21.204Z] [SUCCESS] Project generated and synced (DIRECT) for clínica dental Principal Málaga: /demo/c953ba5d-c3be-4240-9a2e-94cd1ac4681b
[2026-04-17T11:33:21.205Z] [INFO] Triggering Automatic Stitch Project for clínica dental Elite Málaga...
[2026-04-17T11:33:23.412Z] [SUCCESS] Project generated and synced (DIRECT) for clínica dental Elite Málaga: /demo/57fe2dcb-bd33-4694-b2d8-2df7c6ce2a62
[2026-04-17T11:33:23.413Z] [INFO] Triggering Automatic Stitch Project for Talleres Fernández Uterga...
[2026-04-17T11:33:25.626Z] [SUCCESS] Project generated and synced (DIRECT) for Talleres Fernández Uterga: /demo/8d70cee2-274c-4ac5-9014-e9ef743ac8e7
[2026-04-17T11:33:25.626Z] [INFO] Triggering Automatic Stitch Project for Botanical Hair Spa...
[2026-04-17T11:33:27.837Z] [SUCCESS] Project generated and synced (DIRECT) for Botanical Hair Spa: /demo/294ba40e-be25-4ee9-ba84-e639eca6453f
[2026-04-17T11:33:27.837Z] [INFO] Triggering Automatic Stitch Project for The Studio...
[2026-04-17T11:33:30.047Z] [SUCCESS] Project generated and synced (DIRECT) for The Studio: /demo/cb485878-4ffd-4494-98cc-cb9c0f7e0252
[2026-04-17T11:33:30.048Z] [INFO] Phase 4: Checking for Outreach candidates...
[2026-04-17T11:33:30.170Z] [INFO] Automating Outreach for restaurante Principal Sant Antoni de Vilamajor...
[2026-04-17T11:33:30.307Z] [SUCCESS] Outreach successful for restaurante Principal Sant Antoni de Vilamajor
[2026-04-17T11:33:30.455Z] [INFO] Automating Outreach for Especialistas restaurante Sant Antoni de Vilamajor...
[2026-04-17T11:33:30.661Z] [SUCCESS] Outreach successful for Especialistas restaurante Sant Antoni de Vilamajor
[2026-04-17T11:33:30.805Z] [INFO] Automating Outreach for clínica dental Principal Granollers...
[2026-04-17T11:33:30.937Z] [SUCCESS] Outreach successful for clínica dental Principal Granollers
[2026-04-17T11:33:31.069Z] [INFO] Automating Outreach for Especialistas clínica dental Granollers...
[2026-04-17T11:33:31.219Z] [SUCCESS] Outreach successful for Especialistas clínica dental Granollers
[2026-04-17T11:33:31.349Z] [INFO] Automating Outreach for restaurante Principal Barcelona...
[2026-04-17T11:33:31.490Z] [SUCCESS] Outreach successful for restaurante Principal Barcelona
[2026-04-17T11:33:31.637Z] [INFO] Cycle complete. Sleeping for 60s...
[2026-04-17T11:34:31.640Z] [INFO] Searching for NEW leads to audit...
[2026-04-17T11:34:31.894Z] [INFO] No new leads found for audit.
[2026-04-17T11:34:31.895Z] [INFO] Searching for candidates for Asset Generation...
[2026-04-17T11:34:32.017Z] [INFO] Phase 3: Found 5 candidates for personalzed design generation.
[2026-04-17T11:34:32.018Z] [INFO] Triggering Automatic Stitch Project for Estètica Somni's Begur...
[2026-04-17T11:34:34.320Z] [SUCCESS] Project generated and synced (DIRECT) for Estètica Somni's Begur: /demo/1e808e96-6045-4c34-8d00-38673bd058ce
[2026-04-17T11:34:34.321Z] [INFO] Triggering Automatic Stitch Project for Especialistas clínica dental Málaga...
[2026-04-17T11:34:36.549Z] [SUCCESS] Project generated and synced (DIRECT) for Especialistas clínica dental Málaga: /demo/732503fb-522d-4914-a24b-35409769a856
[2026-04-17T11:34:36.549Z] [INFO] Triggering Automatic Stitch Project for Málaga clínica dental & Boutique...
[2026-04-17T11:34:38.753Z] [SUCCESS] Project generated and synced (DIRECT) for Málaga clínica dental & Boutique: /demo/2e201c05-9fe7-4c95-b0fa-e793e56d9c3c
[2026-04-17T11:34:38.754Z] [INFO] Triggering Automatic Stitch Project for clínica dental Metropolitano...
[2026-04-17T11:34:40.958Z] [SUCCESS] Project generated and synced (DIRECT) for clínica dental Metropolitano: /demo/42b63129-39a9-496e-ba7c-0930e87fb518
[2026-04-17T11:34:40.959Z] [INFO] Triggering Automatic Stitch Project for The clínica dental Alliance...
[2026-04-17T11:34:43.172Z] [SUCCESS] Project generated and synced (DIRECT) for The clínica dental Alliance: /demo/c6882fe2-4628-4a59-bfa3-ae6b66fb0b84
[2026-04-17T11:34:43.173Z] [INFO] Phase 4: Checking for Outreach candidates...
[2026-04-17T11:34:43.288Z] [INFO] Automating Outreach for restaurante Principal Sant Antoni de Vilamajor...
[2026-04-17T11:34:43.419Z] [SUCCESS] Outreach successful for restaurante Principal Sant Antoni de Vilamajor
[2026-04-17T11:34:43.559Z] [INFO] Automating Outreach for Especialistas restaurante Sant Antoni de Vilamajor...
[2026-04-17T11:34:43.748Z] [SUCCESS] Outreach successful for Especialistas restaurante Sant Antoni de Vilamajor
[2026-04-17T11:34:43.883Z] [INFO] Automating Outreach for clínica dental Principal Granollers...
[2026-04-17T11:34:44.017Z] [SUCCESS] Outreach successful for clínica dental Principal Granollers
[2026-04-17T11:34:44.144Z] [INFO] Automating Outreach for Especialistas clínica dental Granollers...
[2026-04-17T11:34:44.280Z] [SUCCESS] Outreach successful for Especialistas clínica dental Granollers
[2026-04-17T11:34:44.422Z] [INFO] Automating Outreach for restaurante Principal Barcelona...
[2026-04-17T11:34:44.559Z] [SUCCESS] Outreach successful for restaurante Principal Barcelona
[2026-04-17T11:34:44.703Z] [INFO] Cycle complete. Sleeping for 60s...
[2026-04-17T11:35:44.704Z] [INFO] Searching for NEW leads to audit...
[2026-04-17T11:35:44.829Z] [INFO] No new leads found for audit.
[2026-04-17T11:35:44.829Z] [INFO] Searching for candidates for Asset Generation...
[2026-04-17T11:35:45.030Z] [INFO] Phase 3: Found 5 candidates for personalzed design generation.
[2026-04-17T11:35:45.031Z] [INFO] Triggering Automatic Stitch Project for Peluqueria PeinArte estilistes...
[2026-04-17T11:35:47.347Z] [SUCCESS] Project generated and synced (DIRECT) for Peluqueria PeinArte estilistes: /demo/923a747e-24b9-43b0-aeb7-213a523df4cf
[2026-04-17T11:35:47.348Z] [INFO] Triggering Automatic Stitch Project for Taller Mecánico en Getafe - Pintura - Carrocería - Chapa - CAR CARE Taller - GRUPO TORREJON...
[2026-04-17T11:35:49.569Z] [SUCCESS] Project generated and synced (DIRECT) for Taller Mecánico en Getafe - Pintura - Carrocería - Chapa - CAR CARE Taller - GRUPO TORREJON: /demo/3a8942f7-99e4-4222-b37e-ca2594784f0e
[2026-04-17T11:35:49.570Z] [INFO] Triggering Automatic Stitch Project for Getauto | Taller mecánico en Getafe | Taller de chapa y pintura Madrid...
[2026-04-17T11:35:51.777Z] [SUCCESS] Project generated and synced (DIRECT) for Getauto | Taller mecánico en Getafe | Taller de chapa y pintura Madrid: /demo/940d1de7-770d-4aea-a745-c6f6bef43e44
[2026-04-17T11:35:51.778Z] [INFO] Triggering Automatic Stitch Project for Talleres Lancar Motor...
[2026-04-17T11:35:53.980Z] [SUCCESS] Project generated and synced (DIRECT) for Talleres Lancar Motor: /demo/207e8ef2-03bf-437d-9083-ca0087802c14
[2026-04-17T11:35:53.980Z] [INFO] Triggering Automatic Stitch Project for MECAUTO 21 S.L....
[2026-04-17T11:35:56.183Z] [SUCCESS] Project generated and synced (DIRECT) for MECAUTO 21 S.L.: /demo/160a372b-7f18-4cdf-97ca-db599fe39ef1
[2026-04-17T11:35:56.183Z] [INFO] Phase 4: Checking for Outreach candidates...
[2026-04-17T11:35:56.297Z] [INFO] Automating Outreach for restaurante Principal Sant Antoni de Vilamajor...
[2026-04-17T11:35:56.466Z] [SUCCESS] Outreach successful for restaurante Principal Sant Antoni de Vilamajor
[2026-04-17T11:35:56.611Z] [INFO] Automating Outreach for Especialistas restaurante Sant Antoni de Vilamajor...
[2026-04-17T11:35:56.837Z] [SUCCESS] Outreach successful for Especialistas restaurante Sant Antoni de Vilamajor
[2026-04-17T11:35:56.972Z] [INFO] Automating Outreach for clínica dental Principal Granollers...
[2026-04-17T11:35:57.104Z] [SUCCESS] Outreach successful for clínica dental Principal Granollers
[2026-04-17T11:35:57.251Z] [INFO] Automating Outreach for Especialistas clínica dental Granollers...
[2026-04-17T11:35:57.381Z] [SUCCESS] Outreach successful for Especialistas clínica dental Granollers
[2026-04-17T11:35:57.552Z] [INFO] Automating Outreach for restaurante Principal Barcelona...
[2026-04-17T11:35:57.690Z] [SUCCESS] Outreach successful for restaurante Principal Barcelona
[2026-04-17T11:35:57.833Z] [INFO] Cycle complete. Sleeping for 60s...
[2026-04-17T11:36:57.836Z] [INFO] Searching for NEW leads to audit...
[2026-04-17T11:36:58.007Z] [INFO] No new leads found for audit.
[2026-04-17T11:36:58.008Z] [INFO] Searching for candidates for Asset Generation...
[2026-04-17T11:36:58.127Z] [INFO] Phase 3: Found 5 candidates for personalzed design generation.
[2026-04-17T11:36:58.127Z] [INFO] Triggering Automatic Stitch Project for Taller Mecánico Mecha Auto Getafe, S.L....
[2026-04-17T11:37:00.438Z] [SUCCESS] Project generated and synced (DIRECT) for Taller Mecánico Mecha Auto Getafe, S.L.: /demo/bc185146-2ab1-4e70-8f1e-e5f786c2a92b
[2026-04-17T11:37:00.439Z] [INFO] Triggering Automatic Stitch Project for Mecha Auto Getafe...
[2026-04-17T11:37:02.643Z] [SUCCESS] Project generated and synced (DIRECT) for Mecha Auto Getafe: /demo/83226552-9f74-44b7-8d7f-06d359794250
[2026-04-17T11:37:02.644Z] [INFO] Triggering Automatic Stitch Project for Taller Mecánico Basilio...
[2026-04-17T11:37:04.936Z] [SUCCESS] Project generated and synced (DIRECT) for Taller Mecánico Basilio: /demo/5ec21dc2-bfef-4317-9619-b78c50a76be3
[2026-04-17T11:37:04.937Z] [INFO] Triggering Automatic Stitch Project for Lever Touch S.p.A....
[2026-04-17T11:37:07.230Z] [SUCCESS] Project generated and synced (DIRECT) for Lever Touch S.p.A.: /demo/8b8af9e0-9ce9-4720-8855-ca0b38de43a8
[2026-04-17T11:37:07.231Z] [INFO] Triggering Automatic Stitch Project for Pneumàtics Blai - Servei de planxa i pintura...
[2026-04-17T11:37:09.450Z] [SUCCESS] Project generated and synced (DIRECT) for Pneumàtics Blai - Servei de planxa i pintura: /demo/36bfbc84-1ce8-418f-ac76-a83d56e42973
[2026-04-17T11:37:09.451Z] [INFO] Phase 4: Checking for Outreach candidates...
[2026-04-17T11:37:09.588Z] [INFO] Automating Outreach for restaurante Principal Sant Antoni de Vilamajor...
[2026-04-17T11:37:09.735Z] [SUCCESS] Outreach successful for restaurante Principal Sant Antoni de Vilamajor
[2026-04-17T11:37:09.874Z] [INFO] Automating Outreach for Especialistas restaurante Sant Antoni de Vilamajor...
[2026-04-17T11:37:10.072Z] [SUCCESS] Outreach successful for Especialistas restaurante Sant Antoni de Vilamajor
[2026-04-17T11:37:10.209Z] [INFO] Automating Outreach for clínica dental Principal Granollers...
[2026-04-17T11:37:10.347Z] [SUCCESS] Outreach successful for clínica dental Principal Granollers
[2026-04-17T11:37:10.480Z] [INFO] Automating Outreach for Especialistas clínica dental Granollers...
[2026-04-17T11:37:10.613Z] [SUCCESS] Outreach successful for Especialistas clínica dental Granollers
[2026-04-17T11:37:10.752Z] [INFO] Automating Outreach for restaurante Principal Barcelona...
[2026-04-17T11:37:10.889Z] [SUCCESS] Outreach successful for restaurante Principal Barcelona
[2026-04-17T11:37:11.036Z] [INFO] Cycle complete. Sleeping for 60s...
[2026-04-17T11:38:11.042Z] [INFO] Searching for NEW leads to audit...
[2026-04-17T11:38:11.177Z] [INFO] No new leads found for audit.
[2026-04-17T11:38:11.177Z] [INFO] Searching for candidates for Asset Generation...
[2026-04-17T11:38:11.570Z] [INFO] Phase 3: Found 5 candidates for personalzed design generation.
[2026-04-17T11:38:11.571Z] [INFO] Triggering Automatic Stitch Project for Taller Mecánico en Torrejón de Velasco - Pintura - Carrocería - Chapa - TORREJON CARS - GRUPO TORREJON...
[2026-04-17T11:38:13.844Z] [SUCCESS] Project generated and synced (DIRECT) for Taller Mecánico en Torrejón de Velasco - Pintura - Carrocería - Chapa - TORREJON CARS - GRUPO TORREJON: /demo/e073d664-efb2-4c64-9dfe-18440df0277e
[2026-04-17T11:38:13.844Z] [INFO] Triggering Automatic Stitch Project for Pneumàtics i Accessoris Larrotcha SL...
[2026-04-17T11:38:16.047Z] [SUCCESS] Project generated and synced (DIRECT) for Pneumàtics i Accessoris Larrotcha SL: /demo/7a5845d7-205f-4c63-bcc3-ab9a93a5579c
[2026-04-17T11:38:16.047Z] [INFO] Triggering Automatic Stitch Project for Auto Garrofers...
[2026-04-17T11:38:18.261Z] [SUCCESS] Project generated and synced (DIRECT) for Auto Garrofers: /demo/3ca8d524-690d-4882-8335-c29e7bca82d9
[2026-04-17T11:38:18.261Z] [INFO] Triggering Automatic Stitch Project for Taberna El Sur...
[2026-04-17T11:38:20.962Z] [SUCCESS] Project generated and synced (DIRECT) for Taberna El Sur: /demo/8c0ad46c-ae2d-4a39-a5ff-0330c94d1df9
[2026-04-17T11:38:20.963Z] [INFO] Triggering Automatic Stitch Project for Rosi La Loca...
[2026-04-17T11:38:23.268Z] [SUCCESS] Project generated and synced (DIRECT) for Rosi La Loca: /demo/52234ed9-e3bb-4b6d-9313-d41e7b24fd31
[2026-04-17T11:38:23.268Z] [INFO] Phase 4: Checking for Outreach candidates...
[2026-04-17T11:38:23.411Z] [INFO] Automating Outreach for restaurante Principal Sant Antoni de Vilamajor...
[2026-04-17T11:38:23.545Z] [SUCCESS] Outreach successful for restaurante Principal Sant Antoni de Vilamajor
[2026-04-17T11:38:23.683Z] [INFO] Automating Outreach for Especialistas restaurante Sant Antoni de Vilamajor...
[2026-04-17T11:38:23.889Z] [SUCCESS] Outreach successful for Especialistas restaurante Sant Antoni de Vilamajor
[2026-04-17T11:38:24.023Z] [INFO] Automating Outreach for clínica dental Principal Granollers...
[2026-04-17T11:38:24.153Z] [SUCCESS] Outreach successful for clínica dental Principal Granollers
[2026-04-17T11:38:24.287Z] [INFO] Automating Outreach for Especialistas clínica dental Granollers...
[2026-04-17T11:38:24.419Z] [SUCCESS] Outreach successful for Especialistas clínica dental Granollers
[2026-04-17T11:38:24.559Z] [INFO] Automating Outreach for restaurante Principal Barcelona...
[2026-04-17T11:38:24.695Z] [SUCCESS] Outreach successful for restaurante Principal Barcelona
[2026-04-17T11:38:24.833Z] [INFO] Cycle complete. Sleeping for 60s...
[2026-04-17T11:39:24.845Z] [INFO] Searching for NEW leads to audit...
[2026-04-17T11:39:25.022Z] [INFO] No new leads found for audit.
[2026-04-17T11:39:25.023Z] [INFO] Searching for candidates for Asset Generation...
[2026-04-17T11:39:25.925Z] [INFO] Phase 3: Found 5 candidates for personalzed design generation.
[2026-04-17T11:39:25.926Z] [INFO] Triggering Automatic Stitch Project for Taberna 4 Tapas...
[2026-04-17T11:39:29.050Z] [SUCCESS] Project generated and synced (DIRECT) for Taberna 4 Tapas: /demo/9e4f1dde-9a97-4b0b-a694-a7631b01a151
[2026-04-17T11:39:29.050Z] [INFO] Triggering Automatic Stitch Project for Taberna Restaurante El Típico Madrid...
[2026-04-17T11:39:31.686Z] [SUCCESS] Project generated and synced (DIRECT) for Taberna Restaurante El Típico Madrid: /demo/9d8e1faf-c36c-4f71-912d-c9fa7520ffee
[2026-04-17T11:39:31.687Z] [INFO] Triggering Automatic Stitch Project for Vinitus Gran Via Restaurant...
[2026-04-17T11:39:34.172Z] [SUCCESS] Project generated and synced (DIRECT) for Vinitus Gran Via Restaurant: /demo/a9590db7-d5e3-4207-aa2e-79ae4d93788a
[2026-04-17T11:39:34.173Z] [INFO] Triggering Automatic Stitch Project for Tapas & Más...
[2026-04-17T11:39:36.397Z] [SUCCESS] Project generated and synced (DIRECT) for Tapas & Más: /demo/c4b227c5-f93e-4eaf-b6a1-d21c95740f4e
[2026-04-17T11:39:36.398Z] [INFO] Triggering Automatic Stitch Project for Tapa Tapa Montera...
[2026-04-17T11:39:39.197Z] [SUCCESS] Project generated and synced (DIRECT) for Tapa Tapa Montera: /demo/1c701ff2-bf5f-47e2-a7dd-b8fc0a58c30a
[2026-04-17T11:39:39.198Z] [INFO] Phase 4: Checking for Outreach candidates...
[2026-04-17T11:39:39.316Z] [INFO] Automating Outreach for restaurante Principal Sant Antoni de Vilamajor...
[2026-04-17T11:39:39.455Z] [SUCCESS] Outreach successful for restaurante Principal Sant Antoni de Vilamajor
[2026-04-17T11:39:39.594Z] [INFO] Automating Outreach for Especialistas restaurante Sant Antoni de Vilamajor...
[2026-04-17T11:39:39.800Z] [SUCCESS] Outreach successful for Especialistas restaurante Sant Antoni de Vilamajor
[2026-04-17T11:39:39.938Z] [INFO] Automating Outreach for clínica dental Principal Granollers...
[2026-04-17T11:39:40.096Z] [SUCCESS] Outreach successful for clínica dental Principal Granollers
[2026-04-17T11:39:40.237Z] [INFO] Automating Outreach for Especialistas clínica dental Granollers...
[2026-04-17T11:39:40.370Z] [SUCCESS] Outreach successful for Especialistas clínica dental Granollers
[2026-04-17T11:39:40.510Z] [INFO] Automating Outreach for restaurante Principal Barcelona...
[2026-04-17T11:39:40.638Z] [SUCCESS] Outreach successful for restaurante Principal Barcelona
[2026-04-17T11:39:40.772Z] [INFO] Cycle complete. Sleeping for 60s...
[2026-04-17T11:40:40.787Z] [INFO] Searching for NEW leads to audit...
[2026-04-17T11:40:40.927Z] [INFO] No new leads found for audit.
[2026-04-17T11:40:40.927Z] [INFO] Searching for candidates for Asset Generation...
[2026-04-17T11:40:41.659Z] [INFO] Phase 3: Found 5 candidates for personalzed design generation.
[2026-04-17T11:40:41.660Z] [INFO] Triggering Automatic Stitch Project for Tapa Tapa Santa Ana...
[2026-04-17T11:40:44.620Z] [SUCCESS] Project generated and synced (DIRECT) for Tapa Tapa Santa Ana: /demo/e3d05d44-14ce-4d09-bc28-5a8ae3fe6e8c
[2026-04-17T11:40:44.621Z] [INFO] Triggering Automatic Stitch Project for La Mi Venta...
[2026-04-17T11:40:47.602Z] [SUCCESS] Project generated and synced (DIRECT) for La Mi Venta: /demo/b33908a4-5ace-4dae-b526-d42a3219ebe7
[2026-04-17T11:40:47.602Z] [INFO] Triggering Automatic Stitch Project for Casa Toni...
[2026-04-17T11:40:50.280Z] [SUCCESS] Project generated and synced (DIRECT) for Casa Toni: /demo/c21747fd-ac48-4a26-8d5b-18fae0895134
[2026-04-17T11:40:50.281Z] [INFO] Triggering Automatic Stitch Project for Talleres Moises Chapa - Pintura - Mecanica...
[2026-04-17T11:40:53.005Z] [SUCCESS] Project generated and synced (DIRECT) for Talleres Moises Chapa - Pintura - Mecanica: /demo/18056750-a83e-4bf1-828f-8d2719f76c46
[2026-04-17T11:40:53.006Z] [INFO] Triggering Automatic Stitch Project for TALLER GMB ARCO IRIS S.L. (TALLER CHAPA PINTURA MECÁNICA COCHE SUSTITUCIÓN GRATIS VEHÍCULO CORTESÍA GRATUITO ALCORCÓN MADRID)...
[2026-04-17T11:40:55.787Z] [SUCCESS] Project generated and synced (DIRECT) for TALLER GMB ARCO IRIS S.L. (TALLER CHAPA PINTURA MECÁNICA COCHE SUSTITUCIÓN GRATIS VEHÍCULO CORTESÍA GRATUITO ALCORCÓN MADRID): /demo/20c56a06-17bf-4559-af4b-0855bb149245
[2026-04-17T11:40:55.788Z] [INFO] Phase 4: Checking for Outreach candidates...
[2026-04-17T11:40:55.902Z] [INFO] Automating Outreach for restaurante Principal Sant Antoni de Vilamajor...
[2026-04-17T11:40:56.030Z] [SUCCESS] Outreach successful for restaurante Principal Sant Antoni de Vilamajor
[2026-04-17T11:40:56.173Z] [INFO] Automating Outreach for Especialistas restaurante Sant Antoni de Vilamajor...
[2026-04-17T11:40:56.418Z] [SUCCESS] Outreach successful for Especialistas restaurante Sant Antoni de Vilamajor
[2026-04-17T11:40:56.557Z] [INFO] Automating Outreach for clínica dental Principal Granollers...
[2026-04-17T11:40:56.686Z] [SUCCESS] Outreach successful for clínica dental Principal Granollers
[2026-04-17T11:40:56.819Z] [INFO] Automating Outreach for Especialistas clínica dental Granollers...
[2026-04-17T11:40:56.950Z] [SUCCESS] Outreach successful for Especialistas clínica dental Granollers
[2026-04-17T11:40:57.086Z] [INFO] Automating Outreach for restaurante Principal Barcelona...
[2026-04-17T11:40:57.232Z] [SUCCESS] Outreach successful for restaurante Principal Barcelona
[2026-04-17T11:40:57.366Z] [INFO] Cycle complete. Sleeping for 60s...
[2026-04-17T11:41:57.375Z] [INFO] Searching for NEW leads to audit...
[2026-04-17T11:41:57.540Z] [INFO] No new leads found for audit.
[2026-04-17T11:41:57.541Z] [INFO] Searching for candidates for Asset Generation...
[2026-04-17T11:41:58.093Z] [INFO] Phase 3: Found 5 candidates for personalzed design generation.
[2026-04-17T11:41:58.093Z] [INFO] Triggering Automatic Stitch Project for Dávila Auto....
[2026-04-17T11:42:00.377Z] [SUCCESS] Project generated and synced (DIRECT) for Dávila Auto.: /demo/fac6e9fa-76de-4f4c-b02e-902fbb4653e4
[2026-04-17T11:42:00.378Z] [INFO] Triggering Automatic Stitch Project for Talleres Santa Juliana...
[2026-04-17T11:42:03.174Z] [SUCCESS] Project generated and synced (DIRECT) for Talleres Santa Juliana: /demo/37b018bf-8984-4b03-9206-570ea6f38daf
[2026-04-17T11:42:03.175Z] [INFO] Triggering Automatic Stitch Project for JS Integral del Motor 👨‍🔧 Taller Mecánico Chapa y Pintura Vallecas...
[2026-04-17T11:42:05.972Z] [SUCCESS] Project generated and synced (DIRECT) for JS Integral del Motor 👨‍🔧 Taller Mecánico Chapa y Pintura Vallecas: /demo/71d88eaa-7fa7-4c12-b44a-7e830f455500
[2026-04-17T11:42:05.973Z] [INFO] Triggering Automatic Stitch Project for Taller 24 horas madrid mecanico abierto madrid mecanico 24 horas a domicilio de bateria 24 horas pinchazos 24 horas 24/7motos...
[2026-04-17T11:42:08.695Z] [SUCCESS] Project generated and synced (DIRECT) for Taller 24 horas madrid mecanico abierto madrid mecanico 24 horas a domicilio de bateria 24 horas pinchazos 24 horas 24/7motos: /demo/a439af88-94a1-4031-aa2a-e93bc1b3c589
[2026-04-17T11:42:08.696Z] [INFO] Triggering Automatic Stitch Project for Taller de chapa y pintura Vitalauto...
[2026-04-17T11:42:11.323Z] [SUCCESS] Project generated and synced (DIRECT) for Taller de chapa y pintura Vitalauto: /demo/08f032df-b7a1-499b-a8d6-9055794b4e04
[2026-04-17T11:42:11.324Z] [INFO] Phase 4: Checking for Outreach candidates...
[2026-04-17T11:42:11.447Z] [INFO] Automating Outreach for restaurante Principal Sant Antoni de Vilamajor...
[2026-04-17T11:42:11.585Z] [SUCCESS] Outreach successful for restaurante Principal Sant Antoni de Vilamajor
[2026-04-17T11:42:11.736Z] [INFO] Automating Outreach for Especialistas restaurante Sant Antoni de Vilamajor...
[2026-04-17T11:42:11.958Z] [SUCCESS] Outreach successful for Especialistas restaurante Sant Antoni de Vilamajor
[2026-04-17T11:42:12.089Z] [INFO] Automating Outreach for clínica dental Principal Granollers...
[2026-04-17T11:42:12.218Z] [SUCCESS] Outreach successful for clínica dental Principal Granollers
[2026-04-17T11:42:12.353Z] [INFO] Automating Outreach for Especialistas clínica dental Granollers...
[2026-04-17T11:42:12.484Z] [SUCCESS] Outreach successful for Especialistas clínica dental Granollers
[2026-04-17T11:42:12.618Z] [INFO] Automating Outreach for restaurante Principal Barcelona...
[2026-04-17T11:42:12.750Z] [SUCCESS] Outreach successful for restaurante Principal Barcelona
[2026-04-17T11:42:12.894Z] [INFO] Cycle complete. Sleeping for 60s...
[2026-04-17T11:43:12.896Z] [INFO] Searching for NEW leads to audit...
[2026-04-17T11:43:13.042Z] [INFO] No new leads found for audit.
[2026-04-17T11:43:13.043Z] [INFO] Searching for candidates for Asset Generation...
[2026-04-17T11:43:13.532Z] [INFO] Phase 3: Found 5 candidates for personalzed design generation.
[2026-04-17T11:43:13.533Z] [INFO] Triggering Automatic Stitch Project for TALLERES REY - Reparación del automóvil. Chapa y Pintura....
[2026-04-17T11:43:16.026Z] [SUCCESS] Project generated and synced (DIRECT) for TALLERES REY - Reparación del automóvil. Chapa y Pintura.: /demo/645b6304-1444-4dfc-8830-ffce93824c6b
[2026-04-17T11:43:16.026Z] [INFO] Triggering Automatic Stitch Project for TALLERES DELICIAS...
[2026-04-17T11:43:18.235Z] [SUCCESS] Project generated and synced (DIRECT) for TALLERES DELICIAS: /demo/57473136-7e30-4ed3-b9ed-203790ed0c9a
[2026-04-17T11:43:18.236Z] [INFO] Triggering Automatic Stitch Project for Autos R12 neumáticos y mecánica rápida...
[2026-04-17T11:43:20.632Z] [SUCCESS] Project generated and synced (DIRECT) for Autos R12 neumáticos y mecánica rápida: /demo/eb0185e7-1086-48d2-859f-743ef51eec88
[2026-04-17T11:43:20.632Z] [INFO] Triggering Automatic Stitch Project for Hermanos Vallcorba Taller Chapa y Pintura y Mecánica...
[2026-04-17T11:43:23.471Z] [SUCCESS] Project generated and synced (DIRECT) for Hermanos Vallcorba Taller Chapa y Pintura y Mecánica: /demo/6d9b0979-5bd9-4a6b-8341-b44f56bef2a0
[2026-04-17T11:43:23.471Z] [INFO] Triggering Automatic Stitch Project for Taller Mecanico, Chapa, Pintura y Neumaticos...
[2026-04-17T11:43:26.122Z] [SUCCESS] Project generated and synced (DIRECT) for Taller Mecanico, Chapa, Pintura y Neumaticos: /demo/1a20302d-9916-4cdd-a066-42a2320f4502
[2026-04-17T11:43:26.123Z] [INFO] Phase 4: Checking for Outreach candidates...
[2026-04-17T11:43:26.267Z] [INFO] Automating Outreach for restaurante Principal Sant Antoni de Vilamajor...
[2026-04-17T11:43:26.396Z] [SUCCESS] Outreach successful for restaurante Principal Sant Antoni de Vilamajor
[2026-04-17T11:43:26.558Z] [INFO] Automating Outreach for Especialistas restaurante Sant Antoni de Vilamajor...
[2026-04-17T11:43:26.757Z] [SUCCESS] Outreach successful for Especialistas restaurante Sant Antoni de Vilamajor
[2026-04-17T11:43:26.904Z] [INFO] Automating Outreach for clínica dental Principal Granollers...
[2026-04-17T11:43:27.043Z] [SUCCESS] Outreach successful for clínica dental Principal Granollers
[2026-04-17T11:43:27.174Z] [INFO] Automating Outreach for Especialistas clínica dental Granollers...
[2026-04-17T11:43:27.308Z] [SUCCESS] Outreach successful for Especialistas clínica dental Granollers
[2026-04-17T11:43:27.439Z] [INFO] Automating Outreach for restaurante Principal Barcelona...
[2026-04-17T11:43:27.572Z] [SUCCESS] Outreach successful for restaurante Principal Barcelona
[2026-04-17T11:43:27.707Z] [INFO] Cycle complete. Sleeping for 60s...
[2026-04-17T11:44:27.708Z] [INFO] Searching for NEW leads to audit...
[2026-04-17T11:44:27.954Z] [INFO] No new leads found for audit.
[2026-04-17T11:44:27.954Z] [INFO] Searching for candidates for Asset Generation...
[2026-04-17T11:44:28.177Z] [INFO] Phase 3: Found 5 candidates for personalzed design generation.
[2026-04-17T11:44:28.178Z] [INFO] Triggering Automatic Stitch Project for Taller Licer...
[2026-04-17T11:44:30.847Z] [SUCCESS] Project generated and synced (DIRECT) for Taller Licer: /demo/a024ef2b-e0a9-49d7-bb1c-ecfa92ed04e2
[2026-04-17T11:44:30.848Z] [INFO] Triggering Automatic Stitch Project for Olívia Plaza Hotel...
[2026-04-17T11:44:33.054Z] [SUCCESS] Project generated and synced (DIRECT) for Olívia Plaza Hotel: /demo/90b8caa1-f7fc-45ab-abac-e7d978c84b07
[2026-04-17T11:44:33.054Z] [INFO] Triggering Automatic Stitch Project for Hotel Pulitzer...
[2026-04-17T11:44:35.259Z] [SUCCESS] Project generated and synced (DIRECT) for Hotel Pulitzer: /demo/b0816505-b748-4d63-b02b-988362074fb0
[2026-04-17T11:44:35.259Z] [INFO] Triggering Automatic Stitch Project for Grand Hotel Central...
[2026-04-17T11:44:37.467Z] [SUCCESS] Project generated and synced (DIRECT) for Grand Hotel Central: /demo/ec36d382-8638-41be-9157-127a7a5b1fab
[2026-04-17T11:44:37.467Z] [INFO] Triggering Automatic Stitch Project for Hotel Hesperia Presidente Barcelona...
[2026-04-17T11:44:39.684Z] [SUCCESS] Project generated and synced (DIRECT) for Hotel Hesperia Presidente Barcelona: /demo/c795cca5-e9a8-4228-9b08-197f1f98b6b4
[2026-04-17T11:44:39.685Z] [INFO] Phase 4: Checking for Outreach candidates...
[2026-04-17T11:44:39.796Z] [INFO] Automating Outreach for restaurante Principal Sant Antoni de Vilamajor...
[2026-04-17T11:44:39.929Z] [SUCCESS] Outreach successful for restaurante Principal Sant Antoni de Vilamajor
[2026-04-17T11:44:40.074Z] [INFO] Automating Outreach for Especialistas restaurante Sant Antoni de Vilamajor...
[2026-04-17T11:44:40.289Z] [SUCCESS] Outreach successful for Especialistas restaurante Sant Antoni de Vilamajor
[2026-04-17T11:44:40.421Z] [INFO] Automating Outreach for clínica dental Principal Granollers...
[2026-04-17T11:44:40.555Z] [SUCCESS] Outreach successful for clínica dental Principal Granollers
[2026-04-17T11:44:40.734Z] [INFO] Automating Outreach for Especialistas clínica dental Granollers...
[2026-04-17T11:44:40.865Z] [SUCCESS] Outreach successful for Especialistas clínica dental Granollers
[2026-04-17T11:44:41.013Z] [INFO] Automating Outreach for restaurante Principal Barcelona...
[2026-04-17T11:44:41.149Z] [SUCCESS] Outreach successful for restaurante Principal Barcelona
[2026-04-17T11:44:41.283Z] [INFO] Cycle complete. Sleeping for 60s...
[2026-04-17T11:45:41.290Z] [INFO] Searching for NEW leads to audit...
[2026-04-17T11:45:41.626Z] [INFO] No new leads found for audit.
[2026-04-17T11:45:41.627Z] [INFO] Searching for candidates for Asset Generation...
[2026-04-17T11:45:41.737Z] [INFO] Phase 3: Found 5 candidates for personalzed design generation.
[2026-04-17T11:45:41.738Z] [INFO] Triggering Automatic Stitch Project for Tàmara | Barcelona...
[2026-04-17T11:45:44.059Z] [SUCCESS] Project generated and synced (DIRECT) for Tàmara | Barcelona: /demo/a787157f-4c83-488f-94c5-9cf68f1adcf3
[2026-04-17T11:45:44.059Z] [INFO] Triggering Automatic Stitch Project for Hotel Barcelona Universal...
[2026-04-17T11:45:46.277Z] [SUCCESS] Project generated and synced (DIRECT) for Hotel Barcelona Universal: /demo/e68f794c-be8b-4285-8f2f-c2b634adef80
[2026-04-17T11:45:46.277Z] [INFO] Triggering Automatic Stitch Project for Hotel Constanza...
[2026-04-17T11:45:48.570Z] [SUCCESS] Project generated and synced (DIRECT) for Hotel Constanza: /demo/3ece38ba-d8ff-4649-8784-46042b41aaf3
[2026-04-17T11:45:48.571Z] [INFO] Triggering Automatic Stitch Project for Dentistas en Sitges | Dental Sitges...
[2026-04-17T11:45:50.818Z] [SUCCESS] Project generated and synced (DIRECT) for Dentistas en Sitges | Dental Sitges: /demo/a29ffc00-04b7-4ddd-9e0b-4175e6cb3c34
[2026-04-17T11:45:50.819Z] [INFO] Triggering Automatic Stitch Project for Hotel Ohla Barcelona...
[2026-04-17T11:45:53.048Z] [SUCCESS] Project generated and synced (DIRECT) for Hotel Ohla Barcelona: /demo/56a44341-5afd-4386-a46d-86a1f8ed20e0
[2026-04-17T11:45:53.048Z] [INFO] Phase 4: Checking for Outreach candidates...
[2026-04-17T11:45:53.165Z] [INFO] Automating Outreach for restaurante Principal Sant Antoni de Vilamajor...
[2026-04-17T11:45:53.298Z] [SUCCESS] Outreach successful for restaurante Principal Sant Antoni de Vilamajor
[2026-04-17T11:45:53.437Z] [INFO] Automating Outreach for Especialistas restaurante Sant Antoni de Vilamajor...
[2026-04-17T11:45:53.646Z] [SUCCESS] Outreach successful for Especialistas restaurante Sant Antoni de Vilamajor
[2026-04-17T11:45:53.779Z] [INFO] Automating Outreach for clínica dental Principal Granollers...
[2026-04-17T11:45:53.908Z] [SUCCESS] Outreach successful for clínica dental Principal Granollers
[2026-04-17T11:45:54.044Z] [INFO] Automating Outreach for Especialistas clínica dental Granollers...
[2026-04-17T11:45:54.175Z] [SUCCESS] Outreach successful for Especialistas clínica dental Granollers
[2026-04-17T11:45:54.315Z] [INFO] Automating Outreach for restaurante Principal Barcelona...
[2026-04-17T11:45:54.441Z] [SUCCESS] Outreach successful for restaurante Principal Barcelona
[2026-04-17T11:45:54.580Z] [INFO] Cycle complete. Sleeping for 60s...
[2026-04-17T11:46:54.583Z] [INFO] Searching for NEW leads to audit...
[2026-04-17T11:46:54.863Z] [INFO] No new leads found for audit.
[2026-04-17T11:46:54.864Z] [INFO] Searching for candidates for Asset Generation...
[2026-04-17T11:46:54.978Z] [INFO] Phase 3: Found 5 candidates for personalzed design generation.
[2026-04-17T11:46:54.979Z] [INFO] Triggering Automatic Stitch Project for Instituts Odontològics - Clínica Dental Barcelona Sagrada Família...
[2026-04-17T11:46:57.393Z] [SUCCESS] Project generated and synced (DIRECT) for Instituts Odontològics - Clínica Dental Barcelona Sagrada Família: /demo/9188b67a-8a11-40d5-aa62-82a4dd63fc1b
[2026-04-17T11:46:57.394Z] [INFO] Triggering Automatic Stitch Project for Sanitas Bupa Dental Centre...
[2026-04-17T11:46:59.697Z] [SUCCESS] Project generated and synced (DIRECT) for Sanitas Bupa Dental Centre: /demo/efde956c-2b63-4701-9c8a-a3d984321740
[2026-04-17T11:46:59.698Z] [INFO] Triggering Automatic Stitch Project for Clínica Dental Miravé - Tuset...
[2026-04-17T11:47:01.931Z] [SUCCESS] Project generated and synced (DIRECT) for Clínica Dental Miravé - Tuset: /demo/e795baa0-a936-4766-b1d2-0c571fcaaa9e
[2026-04-17T11:47:01.932Z] [INFO] Triggering Automatic Stitch Project for Clínica dental IMOI Barcelona...
[2026-04-17T11:47:04.168Z] [SUCCESS] Project generated and synced (DIRECT) for Clínica dental IMOI Barcelona: /demo/9ceddc06-310c-4343-b22c-eb8ebc37e8ea
[2026-04-17T11:47:04.169Z] [INFO] Triggering Automatic Stitch Project for Clinica Beltran Y Obradors SL...
[2026-04-17T11:47:06.385Z] [SUCCESS] Project generated and synced (DIRECT) for Clinica Beltran Y Obradors SL: /demo/c2ef463b-fb75-439d-b683-d72229172f9f
[2026-04-17T11:47:06.385Z] [INFO] Phase 4: Checking for Outreach candidates...
[2026-04-17T11:47:06.494Z] [INFO] Automating Outreach for restaurante Principal Sant Antoni de Vilamajor...
[2026-04-17T11:47:06.638Z] [SUCCESS] Outreach successful for restaurante Principal Sant Antoni de Vilamajor
[2026-04-17T11:47:06.801Z] [INFO] Automating Outreach for Especialistas restaurante Sant Antoni de Vilamajor...
[2026-04-17T11:47:07.008Z] [SUCCESS] Outreach successful for Especialistas restaurante Sant Antoni de Vilamajor
[2026-04-17T11:47:07.160Z] [INFO] Automating Outreach for clínica dental Principal Granollers...
[2026-04-17T11:47:07.293Z] [SUCCESS] Outreach successful for clínica dental Principal Granollers
[2026-04-17T11:47:07.454Z] [INFO] Automating Outreach for Especialistas clínica dental Granollers...
[2026-04-17T11:47:07.590Z] [SUCCESS] Outreach successful for Especialistas clínica dental Granollers
[2026-04-17T11:47:07.748Z] [INFO] Automating Outreach for restaurante Principal Barcelona...
[2026-04-17T11:47:07.879Z] [SUCCESS] Outreach successful for restaurante Principal Barcelona
[2026-04-17T11:47:08.026Z] [INFO] Cycle complete. Sleeping for 60s...
[2026-04-17T11:48:08.027Z] [INFO] Searching for NEW leads to audit...
[2026-04-17T11:48:08.156Z] [INFO] No new leads found for audit.
[2026-04-17T11:48:08.156Z] [INFO] Searching for candidates for Asset Generation...
[2026-04-17T11:48:08.280Z] [INFO] Phase 3: Found 5 candidates for personalzed design generation.
[2026-04-17T11:48:08.280Z] [INFO] Triggering Automatic Stitch Project for Hotel HCC St. Moritz...
[2026-04-17T11:48:10.570Z] [SUCCESS] Project generated and synced (DIRECT) for Hotel HCC St. Moritz: /demo/5d1ebe91-c755-4117-b2ce-2de1eab9b549
[2026-04-17T11:48:10.571Z] [INFO] Triggering Automatic Stitch Project for Claris Hotel & Spa, SLH Hotel...
[2026-04-17T11:48:12.781Z] [SUCCESS] Project generated and synced (DIRECT) for Claris Hotel & Spa, SLH Hotel: /demo/6e088a79-e3cd-4bdf-821b-07c1d50d1b55
[2026-04-17T11:48:12.781Z] [INFO] Triggering Automatic Stitch Project for Clinica Dental Echeverria | Especialistas Implantes Dentales...
[2026-04-17T11:48:14.988Z] [SUCCESS] Project generated and synced (DIRECT) for Clinica Dental Echeverria | Especialistas Implantes Dentales: /demo/4305bc1f-54d1-4ff0-bf14-ebf956c36aa2
[2026-04-17T11:48:14.988Z] [INFO] Triggering Automatic Stitch Project for Instituts Odontològics - Clínica Dental Diputació...
[2026-04-17T11:48:17.213Z] [SUCCESS] Project generated and synced (DIRECT) for Instituts Odontològics - Clínica Dental Diputació: /demo/4cac8211-0757-40f6-8dba-854497dfa2f3
[2026-04-17T11:48:17.214Z] [INFO] Triggering Automatic Stitch Project for Clínica Dental Padrós...
[2026-04-17T11:48:19.426Z] [SUCCESS] Project generated and synced (DIRECT) for Clínica Dental Padrós: /demo/4f061d79-3545-4d43-9176-32a0c9465be1
[2026-04-17T11:48:19.426Z] [INFO] Phase 4: Checking for Outreach candidates...
[2026-04-17T11:48:19.532Z] [INFO] Automating Outreach for restaurante Principal Sant Antoni de Vilamajor...
[2026-04-17T11:48:19.665Z] [SUCCESS] Outreach successful for restaurante Principal Sant Antoni de Vilamajor
[2026-04-17T11:48:19.816Z] [INFO] Automating Outreach for Especialistas restaurante Sant Antoni de Vilamajor...
[2026-04-17T11:48:20.061Z] [SUCCESS] Outreach successful for Especialistas restaurante Sant Antoni de Vilamajor
[2026-04-17T11:48:20.190Z] [INFO] Automating Outreach for clínica dental Principal Granollers...
[2026-04-17T11:48:20.328Z] [SUCCESS] Outreach successful for clínica dental Principal Granollers
[2026-04-17T11:48:20.461Z] [INFO] Automating Outreach for Especialistas clínica dental Granollers...
[2026-04-17T11:48:20.615Z] [SUCCESS] Outreach successful for Especialistas clínica dental Granollers
[2026-04-17T11:48:20.751Z] [INFO] Automating Outreach for restaurante Principal Barcelona...
[2026-04-17T11:48:20.887Z] [SUCCESS] Outreach successful for restaurante Principal Barcelona
[2026-04-17T11:48:21.029Z] [INFO] Cycle complete. Sleeping for 60s...
[2026-04-17T11:49:09.252Z] [INFO] ================================================
[2026-04-17T11:49:09.254Z] [INFO] 🚀 ZYNDRIX COMMANDER v2.2 - Discovery Robustness
[2026-04-17T11:49:09.254Z] [INFO] ================================================
[2026-04-17T11:49:09.255Z] [INFO] Phase 1: Starting Autonomous Discovery Scan...
[2026-04-17T11:49:09.255Z] [INFO] Targeting: peluquería in Ávila
[2026-04-17T11:49:10.659Z] [SUCCESS] Found 6 new leads. Synchronizing with Supabase...
[2026-04-17T11:49:11.667Z] [INFO] Searching for NEW leads to audit...
[2026-04-17T11:49:11.742Z] [INFO] No new leads found for audit.
[2026-04-17T11:49:11.743Z] [INFO] Searching for candidates for Asset Generation...
[2026-04-17T11:49:11.813Z] [INFO] Phase 3: Found 5 candidates for personalzed design generation.
[2026-04-17T11:49:11.813Z] [INFO] Triggering Automatic Stitch Project for Hotel Condes de Barcelona...
[2026-04-17T11:49:14.034Z] [SUCCESS] Project generated and synced (DIRECT) for Hotel Condes de Barcelona: /demo/48a79e5b-2322-411d-98c4-c0581e61e0eb
[2026-04-17T11:49:14.035Z] [INFO] Triggering Automatic Stitch Project for Alexandra Barcelona Hotel, Curio Collection by Hilton...
[2026-04-17T11:49:16.250Z] [SUCCESS] Project generated and synced (DIRECT) for Alexandra Barcelona Hotel, Curio Collection by Hilton: /demo/c77e535f-4b16-4db6-bf90-1224381f748e
[2026-04-17T11:49:16.251Z] [INFO] Triggering Automatic Stitch Project for Renaissance Barcelona Hotel...
[2026-04-17T11:49:18.452Z] [SUCCESS] Project generated and synced (DIRECT) for Renaissance Barcelona Hotel: /demo/8314812d-ea63-4a87-9f5b-26f446ebd6c9
[2026-04-17T11:49:18.453Z] [INFO] Triggering Automatic Stitch Project for Hotel Praktik Rambla...
[2026-04-17T11:49:20.656Z] [SUCCESS] Project generated and synced (DIRECT) for Hotel Praktik Rambla: /demo/b301d705-3111-485f-bee9-beefabd6e48a
[2026-04-17T11:49:20.657Z] [INFO] Triggering Automatic Stitch Project for Hotel Market Barcelona....
[2026-04-17T11:49:21.043Z] [INFO] Searching for NEW leads to audit...
[2026-04-17T11:49:21.149Z] [INFO] No new leads found for audit.
[2026-04-17T11:49:21.149Z] [INFO] Searching for candidates for Asset Generation...
[2026-04-17T11:49:21.254Z] [INFO] Phase 3: Found 5 candidates for personalzed design generation.
[2026-04-17T11:49:21.255Z] [INFO] Triggering Automatic Stitch Project for Hotel Market Barcelona....
[2026-04-17T11:49:22.858Z] [SUCCESS] Project generated and synced (DIRECT) for Hotel Market Barcelona.: /demo/0ca45914-241e-4445-9936-ab8caf5823b6
[2026-04-17T11:49:22.859Z] [INFO] Phase 4: Checking for Outreach candidates...
[2026-04-17T11:49:22.981Z] [INFO] Automating Outreach for restaurante Principal Sant Antoni de Vilamajor...
[2026-04-17T11:49:22.981Z] [WARNING] Skipping outreach for restaurante Principal Sant Antoni de Vilamajor: No corporate email discovered yet.
[2026-04-17T11:49:22.982Z] [INFO] Automating Outreach for Especialistas restaurante Sant Antoni de Vilamajor...
[2026-04-17T11:49:22.982Z] [WARNING] Skipping outreach for Especialistas restaurante Sant Antoni de Vilamajor: No corporate email discovered yet.
[2026-04-17T11:49:22.983Z] [INFO] Automating Outreach for clínica dental Principal Granollers...
[2026-04-17T11:49:22.983Z] [WARNING] Skipping outreach for clínica dental Principal Granollers: No corporate email discovered yet.
[2026-04-17T11:49:22.984Z] [INFO] Automating Outreach for Especialistas clínica dental Granollers...
[2026-04-17T11:49:22.984Z] [WARNING] Skipping outreach for Especialistas clínica dental Granollers: No corporate email discovered yet.
[2026-04-17T11:49:22.984Z] [INFO] Automating Outreach for restaurante Principal Barcelona...
[2026-04-17T11:49:22.985Z] [WARNING] Skipping outreach for restaurante Principal Barcelona: No corporate email discovered yet.
[2026-04-17T11:49:22.985Z] [INFO] Cycle complete. Sleeping for 60s...
[2026-04-17T11:49:23.513Z] [SUCCESS] Project generated and synced (DIRECT) for Hotel Market Barcelona.: /demo/0ca45914-241e-4445-9936-ab8caf5823b6
[2026-04-17T11:49:23.514Z] [INFO] Triggering Automatic Stitch Project for Guesthouse Barcelona Rooms 294...
[2026-04-17T11:49:25.710Z] [SUCCESS] Project generated and synced (DIRECT) for Guesthouse Barcelona Rooms 294: /demo/25dab4b8-8980-4a70-ad69-8d188515d2ea
[2026-04-17T11:49:25.710Z] [INFO] Triggering Automatic Stitch Project for Acacia Premium Suite Barcelona...
[2026-04-17T11:49:27.913Z] [SUCCESS] Project generated and synced (DIRECT) for Acacia Premium Suite Barcelona: /demo/3c8c3823-044a-477f-bc1b-9a9efecbb480
[2026-04-17T11:49:27.913Z] [INFO] Triggering Automatic Stitch Project for Blanc Guesthouse...
[2026-04-17T11:49:30.124Z] [SUCCESS] Project generated and synced (DIRECT) for Blanc Guesthouse: /demo/4abc5cdd-021d-453e-8c4b-e1cb4f372329
[2026-04-17T11:49:30.124Z] [INFO] Triggering Automatic Stitch Project for My Space Barcelona City Center...
[2026-04-17T11:49:32.317Z] [SUCCESS] Project generated and synced (DIRECT) for My Space Barcelona City Center: /demo/757af93e-fed2-42bf-8342-08252451c23e
[2026-04-17T11:49:32.318Z] [INFO] Phase 4: Checking for Outreach candidates...
[2026-04-17T11:49:32.423Z] [INFO] Automating Outreach for restaurante Principal Sant Antoni de Vilamajor...
[2026-04-17T11:49:32.558Z] [SUCCESS] Outreach successful for restaurante Principal Sant Antoni de Vilamajor
[2026-04-17T11:49:32.698Z] [INFO] Automating Outreach for Especialistas restaurante Sant Antoni de Vilamajor...
[2026-04-17T11:49:32.909Z] [SUCCESS] Outreach successful for Especialistas restaurante Sant Antoni de Vilamajor
[2026-04-17T11:49:33.045Z] [INFO] Automating Outreach for clínica dental Principal Granollers...
[2026-04-17T11:49:33.174Z] [SUCCESS] Outreach successful for clínica dental Principal Granollers
[2026-04-17T11:49:33.324Z] [INFO] Automating Outreach for Especialistas clínica dental Granollers...
[2026-04-17T11:49:33.469Z] [SUCCESS] Outreach successful for Especialistas clínica dental Granollers
[2026-04-17T11:49:33.600Z] [INFO] Automating Outreach for restaurante Principal Barcelona...
[2026-04-17T11:49:33.731Z] [SUCCESS] Outreach successful for restaurante Principal Barcelona
[2026-04-17T11:49:33.894Z] [INFO] Cycle complete. Sleeping for 60s...
[2026-04-17T11:50:22.995Z] [INFO] Searching for NEW leads to audit...
[2026-04-17T11:50:23.119Z] [INFO] No new leads found for audit.
[2026-04-17T11:50:23.120Z] [INFO] Searching for candidates for Asset Generation...
[2026-04-17T11:50:23.236Z] [INFO] Phase 3: Found 5 candidates for personalzed design generation.
[2026-04-17T11:50:23.237Z] [INFO] Triggering Automatic Stitch Project for Thai Barcelona...
[2026-04-17T11:50:25.541Z] [SUCCESS] Project generated and synced (DIRECT) for Thai Barcelona: /demo/0d178df0-53c3-467a-a95d-fef21a595440
[2026-04-17T11:50:25.542Z] [INFO] Triggering Automatic Stitch Project for Sweet BCN Apartments...
[2026-04-17T11:50:27.802Z] [SUCCESS] Project generated and synced (DIRECT) for Sweet BCN Apartments: /demo/966cde33-1220-4d51-a014-06f1781dc324
[2026-04-17T11:50:27.802Z] [INFO] Triggering Automatic Stitch Project for Friendly Rentals Music...
[2026-04-17T11:50:30.011Z] [SUCCESS] Project generated and synced (DIRECT) for Friendly Rentals Music: /demo/67f07320-2dba-41bf-978e-3bf4f01aceb3
[2026-04-17T11:50:30.011Z] [INFO] Triggering Automatic Stitch Project for My Space Barcelona Rambla Catalunya Center...
[2026-04-17T11:50:32.224Z] [SUCCESS] Project generated and synced (DIRECT) for My Space Barcelona Rambla Catalunya Center: /demo/ace94add-9d06-48dc-a864-aa2cc1b7e821
[2026-04-17T11:50:32.224Z] [INFO] Triggering Automatic Stitch Project for Vale Suites...
[2026-04-17T11:50:33.909Z] [INFO] Searching for NEW leads to audit...
[2026-04-17T11:50:34.061Z] [INFO] No new leads found for audit.
[2026-04-17T11:50:34.061Z] [INFO] Searching for candidates for Asset Generation...
[2026-04-17T11:50:34.180Z] [INFO] Phase 3: Found 5 candidates for personalzed design generation.
[2026-04-17T11:50:34.181Z] [INFO] Triggering Automatic Stitch Project for Vale Suites...
[2026-04-17T11:50:34.435Z] [SUCCESS] Project generated and synced (DIRECT) for Vale Suites: /demo/de76fe61-436b-4791-be48-d3a5e01c5865
[2026-04-17T11:50:34.436Z] [INFO] Phase 4: Checking for Outreach candidates...
[2026-04-17T11:50:34.554Z] [INFO] Automating Outreach for restaurante Principal Sant Antoni de Vilamajor...
[2026-04-17T11:50:34.555Z] [WARNING] Skipping outreach for restaurante Principal Sant Antoni de Vilamajor: No corporate email discovered yet.
[2026-04-17T11:50:34.556Z] [INFO] Automating Outreach for Especialistas restaurante Sant Antoni de Vilamajor...
[2026-04-17T11:50:34.556Z] [WARNING] Skipping outreach for Especialistas restaurante Sant Antoni de Vilamajor: No corporate email discovered yet.
[2026-04-17T11:50:34.557Z] [INFO] Automating Outreach for clínica dental Principal Granollers...
[2026-04-17T11:50:34.557Z] [WARNING] Skipping outreach for clínica dental Principal Granollers: No corporate email discovered yet.
[2026-04-17T11:50:34.558Z] [INFO] Automating Outreach for Especialistas clínica dental Granollers...
[2026-04-17T11:50:34.558Z] [WARNING] Skipping outreach for Especialistas clínica dental Granollers: No corporate email discovered yet.
[2026-04-17T11:50:34.558Z] [INFO] Automating Outreach for restaurante Principal Barcelona...
[2026-04-17T11:50:34.559Z] [WARNING] Skipping outreach for restaurante Principal Barcelona: No corporate email discovered yet.
[2026-04-17T11:50:34.559Z] [INFO] Cycle complete. Sleeping for 60s...
[2026-04-17T11:50:36.465Z] [SUCCESS] Project generated and synced (DIRECT) for Vale Suites: /demo/de76fe61-436b-4791-be48-d3a5e01c5865
[2026-04-17T11:50:36.466Z] [INFO] Triggering Automatic Stitch Project for Clínica EUGIN Barcelona...
[2026-04-17T11:50:38.693Z] [SUCCESS] Project generated and synced (DIRECT) for Clínica EUGIN Barcelona: /demo/6ec941f1-bc41-44ef-bee1-743c1932fbd4
[2026-04-17T11:50:38.694Z] [INFO] Triggering Automatic Stitch Project for Centre Mèdic Milenium Robresa...
[2026-04-17T11:50:40.913Z] [SUCCESS] Project generated and synced (DIRECT) for Centre Mèdic Milenium Robresa: /demo/0835e110-db28-46bd-bea0-71b7a448b0cd
[2026-04-17T11:50:40.914Z] [INFO] Triggering Automatic Stitch Project for Hospital Clínic de Barcelona...
[2026-04-17T11:50:43.136Z] [SUCCESS] Project generated and synced (DIRECT) for Hospital Clínic de Barcelona: /demo/b49c2d90-3b96-4d5d-a1c1-5b10f6e079c9
[2026-04-17T11:50:43.136Z] [INFO] Triggering Automatic Stitch Project for IVI Barcelona - Clínica de Reproducción Asistida y Fertilidad...
[2026-04-17T11:50:45.364Z] [SUCCESS] Project generated and synced (DIRECT) for IVI Barcelona - Clínica de Reproducción Asistida y Fertilidad: /demo/5d85719a-4855-4343-ba35-baf28adc7bd5
[2026-04-17T11:50:45.365Z] [INFO] Phase 4: Checking for Outreach candidates...
[2026-04-17T11:50:45.490Z] [INFO] Automating Outreach for restaurante Principal Sant Antoni de Vilamajor...
[2026-04-17T11:50:45.620Z] [SUCCESS] Outreach successful for restaurante Principal Sant Antoni de Vilamajor
[2026-04-17T11:50:45.759Z] [INFO] Automating Outreach for Especialistas restaurante Sant Antoni de Vilamajor...
[2026-04-17T11:50:45.957Z] [SUCCESS] Outreach successful for Especialistas restaurante Sant Antoni de Vilamajor
[2026-04-17T11:50:46.095Z] [INFO] Automating Outreach for clínica dental Principal Granollers...
[2026-04-17T11:50:46.229Z] [SUCCESS] Outreach successful for clínica dental Principal Granollers
[2026-04-17T11:50:46.367Z] [INFO] Automating Outreach for Especialistas clínica dental Granollers...
[2026-04-17T11:50:46.505Z] [SUCCESS] Outreach successful for Especialistas clínica dental Granollers
[2026-04-17T11:50:46.641Z] [INFO] Automating Outreach for restaurante Principal Barcelona...
[2026-04-17T11:50:46.802Z] [SUCCESS] Outreach successful for restaurante Principal Barcelona
[2026-04-17T11:50:46.940Z] [INFO] Cycle complete. Sleeping for 60s...
[2026-04-17T11:51:34.573Z] [INFO] Searching for NEW leads to audit...
[2026-04-17T11:51:34.869Z] [INFO] No new leads found for audit.
[2026-04-17T11:51:34.869Z] [INFO] Searching for candidates for Asset Generation...
[2026-04-17T11:51:35.000Z] [INFO] Phase 3: Found 5 candidates for personalzed design generation.
[2026-04-17T11:51:35.000Z] [INFO] Triggering Automatic Stitch Project for Hospital de Nens de Barcelona...
[2026-04-17T11:51:37.290Z] [SUCCESS] Project generated and synced (DIRECT) for Hospital de Nens de Barcelona: /demo/17940727-b814-404f-99e9-e998f62402dc
[2026-04-17T11:51:37.291Z] [INFO] Triggering Automatic Stitch Project for ADE - Asistencia Dental Especializada...
[2026-04-17T11:51:39.499Z] [SUCCESS] Project generated and synced (DIRECT) for ADE - Asistencia Dental Especializada: /demo/68229988-6f71-4bc5-bc40-f63318ec8f39
[2026-04-17T11:51:39.500Z] [INFO] Triggering Automatic Stitch Project for Centre Mèdic Quirónsalud Aribau...
[2026-04-17T11:51:41.705Z] [SUCCESS] Project generated and synced (DIRECT) for Centre Mèdic Quirónsalud Aribau: /demo/887851a4-c9cc-463c-b3b4-ef05690933bb
[2026-04-17T11:51:41.705Z] [INFO] Triggering Automatic Stitch Project for Centre Mèdic Urquinaona...
[2026-04-17T11:51:43.914Z] [SUCCESS] Project generated and synced (DIRECT) for Centre Mèdic Urquinaona: /demo/8c6f3346-cab6-4f38-bb0f-1a29046d66ba
[2026-04-17T11:51:43.915Z] [INFO] Triggering Automatic Stitch Project for Hotel Onix Rambla...
[2026-04-17T11:51:46.116Z] [SUCCESS] Project generated and synced (DIRECT) for Hotel Onix Rambla: /demo/56d6db2b-3689-48da-92c0-4ed87f55d319
[2026-04-17T11:51:46.117Z] [INFO] Phase 4: Checking for Outreach candidates...
[2026-04-17T11:51:46.222Z] [INFO] Automating Outreach for restaurante Principal Sant Antoni de Vilamajor...
[2026-04-17T11:51:46.222Z] [WARNING] Skipping outreach for restaurante Principal Sant Antoni de Vilamajor: No corporate email discovered yet.
[2026-04-17T11:51:46.223Z] [INFO] Automating Outreach for Especialistas restaurante Sant Antoni de Vilamajor...
[2026-04-17T11:51:46.224Z] [WARNING] Skipping outreach for Especialistas restaurante Sant Antoni de Vilamajor: No corporate email discovered yet.
[2026-04-17T11:51:46.224Z] [INFO] Automating Outreach for clínica dental Principal Granollers...
[2026-04-17T11:51:46.225Z] [WARNING] Skipping outreach for clínica dental Principal Granollers: No corporate email discovered yet.
[2026-04-17T11:51:46.225Z] [INFO] Automating Outreach for Especialistas clínica dental Granollers...
[2026-04-17T11:51:46.226Z] [WARNING] Skipping outreach for Especialistas clínica dental Granollers: No corporate email discovered yet.
[2026-04-17T11:51:46.226Z] [INFO] Automating Outreach for restaurante Principal Barcelona...
[2026-04-17T11:51:46.226Z] [WARNING] Skipping outreach for restaurante Principal Barcelona: No corporate email discovered yet.
[2026-04-17T11:51:46.227Z] [INFO] Cycle complete. Sleeping for 60s...
[2026-04-17T11:51:46.940Z] [INFO] Searching for NEW leads to audit...
[2026-04-17T11:51:47.058Z] [INFO] No new leads found for audit.
[2026-04-17T11:51:47.059Z] [INFO] Searching for candidates for Asset Generation...
[2026-04-17T11:51:47.178Z] [INFO] Phase 3: Found 5 candidates for personalzed design generation.
[2026-04-17T11:51:47.179Z] [INFO] Triggering Automatic Stitch Project for Centre Cívic Pi Novell...
[2026-04-17T11:51:49.455Z] [SUCCESS] Project generated and synced (DIRECT) for Centre Cívic Pi Novell: /demo/304f494e-9673-4df2-a6be-7ddd0ab70c67
[2026-04-17T11:51:49.456Z] [INFO] Triggering Automatic Stitch Project for Hotel Ibersol Antemare (Only Adults)...
[2026-04-17T11:51:51.655Z] [SUCCESS] Project generated and synced (DIRECT) for Hotel Ibersol Antemare (Only Adults): /demo/7e2ce219-f3ad-483c-b6f0-e7c7e6b435cd
[2026-04-17T11:51:51.656Z] [INFO] Triggering Automatic Stitch Project for Mare Nostrum2...
[2026-04-17T11:51:53.852Z] [SUCCESS] Project generated and synced (DIRECT) for Mare Nostrum2: /demo/4879b4bc-a82f-447b-90dd-93160a1a5192
[2026-04-17T11:51:53.853Z] [INFO] Triggering Automatic Stitch Project for La Masia de Sitges...
[2026-04-17T11:51:56.051Z] [SUCCESS] Project generated and synced (DIRECT) for La Masia de Sitges: /demo/a59681f2-0989-4421-b9b0-ebce845130d4
[2026-04-17T11:51:56.052Z] [INFO] Triggering Automatic Stitch Project for La Taberna del Puerto...
[2026-04-17T11:51:58.252Z] [SUCCESS] Project generated and synced (DIRECT) for La Taberna del Puerto: /demo/20bc78f2-fca5-4ed5-aa15-79e72b1fbb60
[2026-04-17T11:51:58.253Z] [INFO] Phase 4: Checking for Outreach candidates...
[2026-04-17T11:51:58.359Z] [INFO] Automating Outreach for restaurante Principal Sant Antoni de Vilamajor...
[2026-04-17T11:51:58.486Z] [SUCCESS] Outreach successful for restaurante Principal Sant Antoni de Vilamajor
[2026-04-17T11:51:58.624Z] [INFO] Automating Outreach for Especialistas restaurante Sant Antoni de Vilamajor...
[2026-04-17T11:51:58.873Z] [SUCCESS] Outreach successful for Especialistas restaurante Sant Antoni de Vilamajor
[2026-04-17T11:51:59.004Z] [INFO] Automating Outreach for clínica dental Principal Granollers...
[2026-04-17T11:51:59.145Z] [SUCCESS] Outreach successful for clínica dental Principal Granollers
[2026-04-17T11:51:59.275Z] [INFO] Automating Outreach for Especialistas clínica dental Granollers...
[2026-04-17T11:51:59.408Z] [SUCCESS] Outreach successful for Especialistas clínica dental Granollers
[2026-04-17T11:51:59.544Z] [INFO] Automating Outreach for restaurante Principal Barcelona...
[2026-04-17T11:51:59.674Z] [SUCCESS] Outreach successful for restaurante Principal Barcelona
[2026-04-17T11:51:59.820Z] [INFO] Cycle complete. Sleeping for 60s...
[2026-04-17T11:52:46.236Z] [INFO] Searching for NEW leads to audit...
[2026-04-17T11:52:46.423Z] [INFO] No new leads found for audit.
[2026-04-17T11:52:46.423Z] [INFO] Searching for candidates for Asset Generation...
[2026-04-17T11:52:46.543Z] [INFO] Phase 3: Found 5 candidates for personalzed design generation.
[2026-04-17T11:52:46.544Z] [INFO] Triggering Automatic Stitch Project for Restaurante El Mascarón...
[2026-04-17T11:52:48.824Z] [SUCCESS] Project generated and synced (DIRECT) for Restaurante El Mascarón: /demo/31efe3c4-fb44-4dc8-8dea-b20faea42eb3
[2026-04-17T11:52:48.825Z] [INFO] Triggering Automatic Stitch Project for Mediterrani Sitges Apartments...
[2026-04-17T11:52:51.036Z] [SUCCESS] Project generated and synced (DIRECT) for Mediterrani Sitges Apartments: /demo/8eb859c0-3901-4fec-af56-47c8cbb7a2ea
[2026-04-17T11:52:51.036Z] [INFO] Triggering Automatic Stitch Project for Clínica Londres | Cirugía y Medicina Estética...
[2026-04-17T11:52:53.250Z] [SUCCESS] Project generated and synced (DIRECT) for Clínica Londres | Cirugía y Medicina Estética: /demo/9b697d91-6f46-4486-beef-084f8f919806
[2026-04-17T11:52:53.251Z] [INFO] Triggering Automatic Stitch Project for Clínica dental en Sitges | DoctorDent...
[2026-04-17T11:52:55.456Z] [SUCCESS] Project generated and synced (DIRECT) for Clínica dental en Sitges | DoctorDent: /demo/8946f0a6-3a00-4bf1-bbf1-9939cd3982ca
[2026-04-17T11:52:55.457Z] [INFO] Triggering Automatic Stitch Project for CALIDENT | Clínica dental...
[2026-04-17T11:52:57.654Z] [SUCCESS] Project generated and synced (DIRECT) for CALIDENT | Clínica dental: /demo/5e989164-d31d-444c-9011-80418e7a4504
[2026-04-17T11:52:57.655Z] [INFO] Phase 4: Checking for Outreach candidates...
[2026-04-17T11:52:57.759Z] [INFO] Automating Outreach for restaurante Principal Sant Antoni de Vilamajor...
[2026-04-17T11:52:57.760Z] [WARNING] Skipping outreach for restaurante Principal Sant Antoni de Vilamajor: No corporate email discovered yet.
[2026-04-17T11:52:57.760Z] [INFO] Automating Outreach for Especialistas restaurante Sant Antoni de Vilamajor...
[2026-04-17T11:52:57.760Z] [WARNING] Skipping outreach for Especialistas restaurante Sant Antoni de Vilamajor: No corporate email discovered yet.
[2026-04-17T11:52:57.761Z] [INFO] Automating Outreach for clínica dental Principal Granollers...
[2026-04-17T11:52:57.761Z] [WARNING] Skipping outreach for clínica dental Principal Granollers: No corporate email discovered yet.
[2026-04-17T11:52:57.762Z] [INFO] Automating Outreach for Especialistas clínica dental Granollers...
[2026-04-17T11:52:57.762Z] [WARNING] Skipping outreach for Especialistas clínica dental Granollers: No corporate email discovered yet.
[2026-04-17T11:52:57.762Z] [INFO] Automating Outreach for restaurante Principal Barcelona...
[2026-04-17T11:52:57.763Z] [WARNING] Skipping outreach for restaurante Principal Barcelona: No corporate email discovered yet.
[2026-04-17T11:52:57.763Z] [INFO] Cycle complete. Sleeping for 60s...
[2026-04-17T11:52:59.834Z] [INFO] Searching for NEW leads to audit...
[2026-04-17T11:52:59.938Z] [INFO] No new leads found for audit.
[2026-04-17T11:52:59.938Z] [INFO] Searching for candidates for Asset Generation...
[2026-04-17T11:53:00.071Z] [INFO] Phase 3: Found 5 candidates for personalzed design generation.
[2026-04-17T11:53:00.072Z] [INFO] Triggering Automatic Stitch Project for Clínica Dental y Estética facial en Sitges | Durán & Burgos...
[2026-04-17T11:53:02.357Z] [SUCCESS] Project generated and synced (DIRECT) for Clínica Dental y Estética facial en Sitges | Durán & Burgos: /demo/c9921e7a-780b-4865-a7ee-f53a3064668c
[2026-04-17T11:53:02.358Z] [INFO] Triggering Automatic Stitch Project for CGV Clinica Dental...
[2026-04-17T11:53:04.554Z] [SUCCESS] Project generated and synced (DIRECT) for CGV Clinica Dental: /demo/3c111b62-2868-4661-8805-b5274fc7e91a
[2026-04-17T11:53:04.555Z] [INFO] Triggering Automatic Stitch Project for Barraquer Ophthalmology Cen...
[2026-04-17T11:53:06.752Z] [SUCCESS] Project generated and synced (DIRECT) for Barraquer Ophthalmology Cen: /demo/9bc6964f-f027-4dc6-abcc-d3245fa74875
[2026-04-17T11:53:06.752Z] [INFO] Triggering Automatic Stitch Project for Hotel Estela...
[2026-04-17T11:53:09.328Z] [SUCCESS] Project generated and synced (DIRECT) for Hotel Estela: /demo/bc89c1f2-944c-437a-9281-64220dcbca56
[2026-04-17T11:53:09.328Z] [INFO] Triggering Automatic Stitch Project for Hotel Sitges...
[2026-04-17T11:53:11.528Z] [SUCCESS] Project generated and synced (DIRECT) for Hotel Sitges: /demo/55c82c27-5e9b-45f7-aa4d-3e9ab30e1416
[2026-04-17T11:53:11.528Z] [INFO] Phase 4: Checking for Outreach candidates...
[2026-04-17T11:53:11.628Z] [INFO] Automating Outreach for restaurante Principal Sant Antoni de Vilamajor...
[2026-04-17T11:53:11.762Z] [SUCCESS] Outreach successful for restaurante Principal Sant Antoni de Vilamajor
[2026-04-17T11:53:11.905Z] [INFO] Automating Outreach for Especialistas restaurante Sant Antoni de Vilamajor...
[2026-04-17T11:53:12.096Z] [SUCCESS] Outreach successful for Especialistas restaurante Sant Antoni de Vilamajor
[2026-04-17T11:53:12.237Z] [INFO] Automating Outreach for clínica dental Principal Granollers...
[2026-04-17T11:53:12.370Z] [SUCCESS] Outreach successful for clínica dental Principal Granollers
[2026-04-17T11:53:12.512Z] [INFO] Automating Outreach for Especialistas clínica dental Granollers...
[2026-04-17T11:53:12.645Z] [SUCCESS] Outreach successful for Especialistas clínica dental Granollers
[2026-04-17T11:53:12.776Z] [INFO] Automating Outreach for restaurante Principal Barcelona...
[2026-04-17T11:53:12.919Z] [SUCCESS] Outreach successful for restaurante Principal Barcelona
[2026-04-17T11:53:13.065Z] [INFO] Cycle complete. Sleeping for 60s...
[2026-04-17T11:53:57.764Z] [INFO] Searching for NEW leads to audit...
[2026-04-17T11:53:57.949Z] [INFO] No new leads found for audit.
[2026-04-17T11:53:57.950Z] [INFO] Searching for candidates for Asset Generation...
[2026-04-17T11:53:58.076Z] [INFO] Phase 3: Found 5 candidates for personalzed design generation.
[2026-04-17T11:53:58.077Z] [INFO] Triggering Automatic Stitch Project for Port Sitges Hotel...
[2026-04-17T11:54:00.373Z] [SUCCESS] Project generated and synced (DIRECT) for Port Sitges Hotel: /demo/38be176a-7e66-4826-8a42-c5f21603e9ba
[2026-04-17T11:54:00.373Z] [INFO] Triggering Automatic Stitch Project for Hotel Celimar...
[2026-04-17T11:54:02.596Z] [SUCCESS] Project generated and synced (DIRECT) for Hotel Celimar: /demo/cd9b1dba-9432-4a88-abed-93465ec52d06
[2026-04-17T11:54:02.597Z] [INFO] Triggering Automatic Stitch Project for Sweet Home Sitges...
[2026-04-17T11:54:04.803Z] [SUCCESS] Project generated and synced (DIRECT) for Sweet Home Sitges: /demo/7680e675-22c1-45b1-b8dd-80128dba7ee9
[2026-04-17T11:54:04.803Z] [INFO] Triggering Automatic Stitch Project for Finques Parellades...
[2026-04-17T11:54:07.023Z] [SUCCESS] Project generated and synced (DIRECT) for Finques Parellades: /demo/73a65483-9777-4c04-a2f6-12fb786bd9e0
[2026-04-17T11:54:07.024Z] [INFO] Triggering Automatic Stitch Project for Hotel Subur Maritim...
[2026-04-17T11:54:09.242Z] [SUCCESS] Project generated and synced (DIRECT) for Hotel Subur Maritim: /demo/4ffebe0f-bf9d-4f2e-bc88-89e67ee87165
[2026-04-17T11:54:09.243Z] [INFO] Phase 4: Checking for Outreach candidates...
[2026-04-17T11:54:09.355Z] [INFO] Automating Outreach for restaurante Principal Sant Antoni de Vilamajor...
[2026-04-17T11:54:09.355Z] [WARNING] Skipping outreach for restaurante Principal Sant Antoni de Vilamajor: No corporate email discovered yet.
[2026-04-17T11:54:09.356Z] [INFO] Automating Outreach for Especialistas restaurante Sant Antoni de Vilamajor...
[2026-04-17T11:54:09.356Z] [WARNING] Skipping outreach for Especialistas restaurante Sant Antoni de Vilamajor: No corporate email discovered yet.
[2026-04-17T11:54:09.356Z] [INFO] Automating Outreach for clínica dental Principal Granollers...
[2026-04-17T11:54:09.357Z] [WARNING] Skipping outreach for clínica dental Principal Granollers: No corporate email discovered yet.
[2026-04-17T11:54:09.357Z] [INFO] Automating Outreach for Especialistas clínica dental Granollers...
[2026-04-17T11:54:09.358Z] [WARNING] Skipping outreach for Especialistas clínica dental Granollers: No corporate email discovered yet.
[2026-04-17T11:54:09.358Z] [INFO] Automating Outreach for restaurante Principal Barcelona...
[2026-04-17T11:54:09.358Z] [WARNING] Skipping outreach for restaurante Principal Barcelona: No corporate email discovered yet.
[2026-04-17T11:54:09.358Z] [INFO] Cycle complete. Sleeping for 60s...
[2026-04-17T11:54:13.080Z] [INFO] Searching for NEW leads to audit...
[2026-04-17T11:54:13.210Z] [INFO] No new leads found for audit.
[2026-04-17T11:54:13.211Z] [INFO] Searching for candidates for Asset Generation...
[2026-04-17T11:54:13.320Z] [INFO] Phase 3: Found 5 candidates for personalzed design generation.
[2026-04-17T11:54:13.320Z] [INFO] Triggering Automatic Stitch Project for peluquería Principal Ávila...
[2026-04-17T11:54:15.591Z] [SUCCESS] Project generated and synced (DIRECT) for peluquería Principal Ávila: /demo/7c55f638-c2c2-47ed-8581-1e3816cd707c
[2026-04-17T11:54:15.592Z] [INFO] Triggering Automatic Stitch Project for peluquería Elite Ávila...
[2026-04-17T11:54:17.787Z] [SUCCESS] Project generated and synced (DIRECT) for peluquería Elite Ávila: /demo/522cf8e3-62ba-44ec-918f-41125a45d9d6
[2026-04-17T11:54:17.788Z] [INFO] Triggering Automatic Stitch Project for Fincas La Clau Delegación...
[2026-04-17T11:54:19.994Z] [SUCCESS] Project generated and synced (DIRECT) for Fincas La Clau Delegación: /demo/d3df0af0-1d08-427e-bf91-d28ec799c384
[2026-04-17T11:54:19.994Z] [INFO] Triggering Automatic Stitch Project for Sitges Apartment Rental...
[2026-04-17T11:54:22.200Z] [SUCCESS] Project generated and synced (DIRECT) for Sitges Apartment Rental: /demo/8d03de71-8dee-43fc-bd7d-7b429497a86d
[2026-04-17T11:54:22.201Z] [INFO] Triggering Automatic Stitch Project for InSitges Apartments...
[2026-04-17T11:54:24.405Z] [SUCCESS] Project generated and synced (DIRECT) for InSitges Apartments: /demo/6dda45e7-2774-457f-818b-e7d31d6fc7f8
[2026-04-17T11:54:24.406Z] [INFO] Phase 4: Checking for Outreach candidates...
[2026-04-17T11:54:24.515Z] [INFO] Automating Outreach for restaurante Principal Sant Antoni de Vilamajor...
[2026-04-17T11:54:24.647Z] [SUCCESS] Outreach successful for restaurante Principal Sant Antoni de Vilamajor
[2026-04-17T11:54:24.796Z] [INFO] Automating Outreach for Especialistas restaurante Sant Antoni de Vilamajor...
[2026-04-17T11:54:25.006Z] [SUCCESS] Outreach successful for Especialistas restaurante Sant Antoni de Vilamajor
[2026-04-17T11:54:25.141Z] [INFO] Automating Outreach for clínica dental Principal Granollers...
[2026-04-17T11:54:25.284Z] [SUCCESS] Outreach successful for clínica dental Principal Granollers
[2026-04-17T11:54:25.421Z] [INFO] Automating Outreach for Especialistas clínica dental Granollers...
[2026-04-17T11:54:25.549Z] [SUCCESS] Outreach successful for Especialistas clínica dental Granollers
[2026-04-17T11:54:25.690Z] [INFO] Automating Outreach for restaurante Principal Barcelona...
[2026-04-17T11:54:25.818Z] [SUCCESS] Outreach successful for restaurante Principal Barcelona
[2026-04-17T11:54:25.953Z] [INFO] Cycle complete. Sleeping for 60s...
[2026-04-17T11:55:09.365Z] [INFO] Searching for NEW leads to audit...
[2026-04-17T11:55:09.507Z] [INFO] No new leads found for audit.
[2026-04-17T11:55:09.508Z] [INFO] Searching for candidates for Asset Generation...
[2026-04-17T11:55:09.622Z] [INFO] Phase 3: Found 5 candidates for personalzed design generation.
[2026-04-17T11:55:09.623Z] [INFO] Triggering Automatic Stitch Project for Fincas Maricel, S.L. Inmobiliaria en Sitges. Apartments Sitges....
[2026-04-17T11:55:11.919Z] [SUCCESS] Project generated and synced (DIRECT) for Fincas Maricel, S.L. Inmobiliaria en Sitges. Apartments Sitges.: /demo/09b15626-0109-4028-b212-87b433b73023
[2026-04-17T11:55:11.919Z] [INFO] Triggering Automatic Stitch Project for Medico del Domingo - english and french speaking doctor in sitges...
[2026-04-17T11:55:14.143Z] [SUCCESS] Project generated and synced (DIRECT) for Medico del Domingo - english and french speaking doctor in sitges: /demo/5cefc65f-2881-4bab-b41a-66ebd6c753ad
[2026-04-17T11:55:14.144Z] [INFO] Triggering Automatic Stitch Project for Cottet | Óptica y Audiología en Sitges | Gafas y Audífonos...
[2026-04-17T11:55:16.351Z] [SUCCESS] Project generated and synced (DIRECT) for Cottet | Óptica y Audiología en Sitges | Gafas y Audífonos: /demo/b2f2110b-4095-4d1f-a978-316b2336d902
[2026-04-17T11:55:16.351Z] [INFO] Triggering Automatic Stitch Project for Clínica Podològica Carles Toboso...
[2026-04-17T11:55:18.562Z] [SUCCESS] Project generated and synced (DIRECT) for Clínica Podològica Carles Toboso: /demo/e55c165a-0ef5-47ae-b71b-0c6df5b3b89e
[2026-04-17T11:55:18.563Z] [INFO] Triggering Automatic Stitch Project for Especialistas peluquería Ávila...
[2026-04-17T11:55:20.779Z] [SUCCESS] Project generated and synced (DIRECT) for Especialistas peluquería Ávila: /demo/e31de27b-b80d-48df-a09c-31386b75434c
[2026-04-17T11:55:20.780Z] [INFO] Phase 4: Checking for Outreach candidates...
[2026-04-17T11:55:20.890Z] [INFO] Automating Outreach for restaurante Principal Sant Antoni de Vilamajor...
[2026-04-17T11:55:20.891Z] [WARNING] Skipping outreach for restaurante Principal Sant Antoni de Vilamajor: No corporate email discovered yet.
[2026-04-17T11:55:20.892Z] [INFO] Automating Outreach for Especialistas restaurante Sant Antoni de Vilamajor...
[2026-04-17T11:55:20.893Z] [WARNING] Skipping outreach for Especialistas restaurante Sant Antoni de Vilamajor: No corporate email discovered yet.
[2026-04-17T11:55:20.894Z] [INFO] Automating Outreach for clínica dental Principal Granollers...
[2026-04-17T11:55:20.894Z] [WARNING] Skipping outreach for clínica dental Principal Granollers: No corporate email discovered yet.
[2026-04-17T11:55:20.895Z] [INFO] Automating Outreach for Especialistas clínica dental Granollers...
[2026-04-17T11:55:20.896Z] [WARNING] Skipping outreach for Especialistas clínica dental Granollers: No corporate email discovered yet.
[2026-04-17T11:55:20.896Z] [INFO] Automating Outreach for restaurante Principal Barcelona...
[2026-04-17T11:55:20.896Z] [WARNING] Skipping outreach for restaurante Principal Barcelona: No corporate email discovered yet.
[2026-04-17T11:55:20.897Z] [INFO] Cycle complete. Sleeping for 60s...
[2026-04-17T11:55:25.961Z] [INFO] Searching for NEW leads to audit...
[2026-04-17T11:55:26.076Z] [INFO] No new leads found for audit.
[2026-04-17T11:55:26.077Z] [INFO] Searching for candidates for Asset Generation...
[2026-04-17T11:55:26.191Z] [INFO] Phase 3: Found 5 candidates for personalzed design generation.
[2026-04-17T11:55:26.191Z] [INFO] Triggering Automatic Stitch Project for Ávila peluquería & Boutique...
[2026-04-17T11:55:28.500Z] [SUCCESS] Project generated and synced (DIRECT) for Ávila peluquería & Boutique: /demo/d187a9d4-1729-436b-8054-f2a94754a235
[2026-04-17T11:55:28.501Z] [INFO] Triggering Automatic Stitch Project for peluquería Metropolitano...
[2026-04-17T11:55:30.713Z] [SUCCESS] Project generated and synced (DIRECT) for peluquería Metropolitano: /demo/63f5f575-0a0e-4d7d-9199-be91e459dec6
[2026-04-17T11:55:30.714Z] [INFO] Triggering Automatic Stitch Project for The peluquería Alliance...
[2026-04-17T11:55:32.933Z] [SUCCESS] Project generated and synced (DIRECT) for The peluquería Alliance: /demo/8b12674b-23ba-4e3c-8c94-c33ffe4ff3d6
[2026-04-17T11:55:32.933Z] [INFO] Triggering Automatic Stitch Project for GAES Sitges...
[2026-04-17T11:55:35.137Z] [SUCCESS] Project generated and synced (DIRECT) for GAES Sitges: /demo/f21568a1-d17b-4c5a-ab12-0be27b9dc75b
[2026-04-17T11:55:35.138Z] [INFO] Triggering Automatic Stitch Project for Clínica Dental del Vinyet...
[2026-04-17T11:55:37.340Z] [SUCCESS] Project generated and synced (DIRECT) for Clínica Dental del Vinyet: /demo/d54a3217-e511-475e-9398-5d74700ecf94
[2026-04-17T11:55:37.341Z] [INFO] Phase 4: Checking for Outreach candidates...
[2026-04-17T11:55:37.471Z] [INFO] Automating Outreach for restaurante Principal Sant Antoni de Vilamajor...
[2026-04-17T11:55:37.607Z] [SUCCESS] Outreach successful for restaurante Principal Sant Antoni de Vilamajor
[2026-04-17T11:55:37.749Z] [INFO] Automating Outreach for Especialistas restaurante Sant Antoni de Vilamajor...
[2026-04-17T11:55:37.961Z] [SUCCESS] Outreach successful for Especialistas restaurante Sant Antoni de Vilamajor
[2026-04-17T11:55:38.095Z] [INFO] Automating Outreach for clínica dental Principal Granollers...
[2026-04-17T11:55:38.252Z] [SUCCESS] Outreach successful for clínica dental Principal Granollers
[2026-04-17T11:55:38.394Z] [INFO] Automating Outreach for Especialistas clínica dental Granollers...
[2026-04-17T11:55:38.561Z] [SUCCESS] Outreach successful for Especialistas clínica dental Granollers
[2026-04-17T11:55:38.720Z] [INFO] Automating Outreach for restaurante Principal Barcelona...
[2026-04-17T11:55:38.853Z] [SUCCESS] Outreach successful for restaurante Principal Barcelona
[2026-04-17T11:55:38.988Z] [INFO] Cycle complete. Sleeping for 60s...
[2026-04-17T11:56:20.901Z] [INFO] Searching for NEW leads to audit...
[2026-04-17T11:56:21.069Z] [INFO] No new leads found for audit.
[2026-04-17T11:56:21.070Z] [INFO] Searching for candidates for Asset Generation...
[2026-04-17T11:56:21.179Z] [INFO] Phase 3: Found 5 candidates for personalzed design generation.
[2026-04-17T11:56:21.179Z] [INFO] Triggering Automatic Stitch Project for Clínica Dental Sánchez Paoli...
[2026-04-17T11:56:23.463Z] [SUCCESS] Project generated and synced (DIRECT) for Clínica Dental Sánchez Paoli: /demo/b629d2cc-342a-4bd4-9c8b-440ee301a2db
[2026-04-17T11:56:23.463Z] [INFO] Triggering Automatic Stitch Project for Dra. MARÍA DEL MAR FERRÉ RODRÍGUEZ...
[2026-04-17T11:56:25.673Z] [SUCCESS] Project generated and synced (DIRECT) for Dra. MARÍA DEL MAR FERRÉ RODRÍGUEZ: /demo/19372d7c-2909-4636-9d8d-7fc13d1634ea
[2026-04-17T11:56:25.674Z] [INFO] Triggering Automatic Stitch Project for La cuina de san telmo...
[2026-04-17T11:56:28.007Z] [SUCCESS] Project generated and synced (DIRECT) for La cuina de san telmo: /demo/f01dad75-b0fd-4f84-9dd0-b8610addb502
[2026-04-17T11:56:28.007Z] [INFO] Triggering Automatic Stitch Project for Braseria La Bolera...
[2026-04-17T11:56:30.207Z] [SUCCESS] Project generated and synced (DIRECT) for Braseria La Bolera: /demo/2671f605-73f9-4bd6-8f31-4b47bfedcf1f
[2026-04-17T11:56:30.208Z] [INFO] Triggering Automatic Stitch Project for Restaurant Vulcano...
[2026-04-17T11:56:32.416Z] [SUCCESS] Project generated and synced (DIRECT) for Restaurant Vulcano: /demo/445ede60-e732-4c90-98fd-4370b9f45430
[2026-04-17T11:56:32.417Z] [INFO] Phase 4: Checking for Outreach candidates...
[2026-04-17T11:56:32.565Z] [INFO] Automating Outreach for restaurante Principal Sant Antoni de Vilamajor...
[2026-04-17T11:56:32.566Z] [WARNING] Skipping outreach for restaurante Principal Sant Antoni de Vilamajor: No corporate email discovered yet.
[2026-04-17T11:56:32.566Z] [INFO] Automating Outreach for Especialistas restaurante Sant Antoni de Vilamajor...
[2026-04-17T11:56:32.567Z] [WARNING] Skipping outreach for Especialistas restaurante Sant Antoni de Vilamajor: No corporate email discovered yet.
[2026-04-17T11:56:32.567Z] [INFO] Automating Outreach for clínica dental Principal Granollers...
[2026-04-17T11:56:32.568Z] [WARNING] Skipping outreach for clínica dental Principal Granollers: No corporate email discovered yet.
[2026-04-17T11:56:32.568Z] [INFO] Automating Outreach for Especialistas clínica dental Granollers...
[2026-04-17T11:56:32.568Z] [WARNING] Skipping outreach for Especialistas clínica dental Granollers: No corporate email discovered yet.
[2026-04-17T11:56:32.569Z] [INFO] Automating Outreach for restaurante Principal Barcelona...
[2026-04-17T11:56:32.570Z] [WARNING] Skipping outreach for restaurante Principal Barcelona: No corporate email discovered yet.
[2026-04-17T11:56:32.570Z] [INFO] Cycle complete. Sleeping for 60s...
[2026-04-17T11:56:38.989Z] [INFO] Searching for NEW leads to audit...
[2026-04-17T11:56:39.109Z] [INFO] No new leads found for audit.
[2026-04-17T11:56:39.110Z] [INFO] Searching for candidates for Asset Generation...
[2026-04-17T11:56:39.226Z] [INFO] Phase 3: Found 5 candidates for personalzed design generation.
[2026-04-17T11:56:39.227Z] [INFO] Triggering Automatic Stitch Project for El Rebost del Xaxo...
[2026-04-17T11:56:41.516Z] [SUCCESS] Project generated and synced (DIRECT) for El Rebost del Xaxo: /demo/b657b3b4-abfa-435a-9b80-5086604dbc07
[2026-04-17T11:56:41.517Z] [INFO] Triggering Automatic Stitch Project for Grupo Eat Out - Franquicias rentables de hostelería...
[2026-04-17T11:56:43.733Z] [SUCCESS] Project generated and synced (DIRECT) for Grupo Eat Out - Franquicias rentables de hostelería: /demo/782c0d11-d7e5-47b2-9f2d-157a6c8e79c8
[2026-04-17T11:56:43.734Z] [INFO] Triggering Automatic Stitch Project for Restaurante Italiano A Pompeia...
[2026-04-17T11:56:45.957Z] [SUCCESS] Project generated and synced (DIRECT) for Restaurante Italiano A Pompeia: /demo/a2ba96fd-6141-4c3c-99ff-91bb9cacea24
[2026-04-17T11:56:45.957Z] [INFO] Triggering Automatic Stitch Project for TD BAR Cafetería-Tapas...
[2026-04-17T11:56:48.188Z] [SUCCESS] Project generated and synced (DIRECT) for TD BAR Cafetería-Tapas: /demo/34df5f11-c214-4d07-9c5e-59507794fbc3
[2026-04-17T11:56:48.189Z] [INFO] Triggering Automatic Stitch Project for Clínica Dental Dra. A. Rubert...
[2026-04-17T11:56:50.398Z] [SUCCESS] Project generated and synced (DIRECT) for Clínica Dental Dra. A. Rubert: /demo/b84021be-f3dc-4604-8341-fc589640b9e8
[2026-04-17T11:56:50.398Z] [INFO] Phase 4: Checking for Outreach candidates...
[2026-04-17T11:56:50.509Z] [INFO] Automating Outreach for restaurante Principal Sant Antoni de Vilamajor...
[2026-04-17T11:56:50.648Z] [SUCCESS] Outreach successful for restaurante Principal Sant Antoni de Vilamajor
[2026-04-17T11:56:50.791Z] [INFO] Automating Outreach for Especialistas restaurante Sant Antoni de Vilamajor...
[2026-04-17T11:56:51.014Z] [SUCCESS] Outreach successful for Especialistas restaurante Sant Antoni de Vilamajor
[2026-04-17T11:56:51.146Z] [INFO] Automating Outreach for clínica dental Principal Granollers...
[2026-04-17T11:56:51.286Z] [SUCCESS] Outreach successful for clínica dental Principal Granollers
[2026-04-17T11:56:51.431Z] [INFO] Automating Outreach for Especialistas clínica dental Granollers...
[2026-04-17T11:56:51.561Z] [SUCCESS] Outreach successful for Especialistas clínica dental Granollers
[2026-04-17T11:56:51.696Z] [INFO] Automating Outreach for restaurante Principal Barcelona...
[2026-04-17T11:56:51.827Z] [SUCCESS] Outreach successful for restaurante Principal Barcelona
[2026-04-17T11:56:51.960Z] [INFO] Cycle complete. Sleeping for 60s...
[2026-04-17T11:57:32.581Z] [INFO] Searching for NEW leads to audit...
[2026-04-17T11:57:32.722Z] [INFO] No new leads found for audit.
[2026-04-17T11:57:32.723Z] [INFO] Searching for candidates for Asset Generation...
[2026-04-17T11:57:32.830Z] [INFO] Phase 3: Found 5 candidates for personalzed design generation.
[2026-04-17T11:57:32.830Z] [INFO] Triggering Automatic Stitch Project for Clínica dental en Sant Cugat del Vallés | Volpelleres Dental...
[2026-04-17T11:57:35.138Z] [SUCCESS] Project generated and synced (DIRECT) for Clínica dental en Sant Cugat del Vallés | Volpelleres Dental: /demo/bc347179-f878-4054-aaf6-2995c1fcde75
[2026-04-17T11:57:35.138Z] [INFO] Triggering Automatic Stitch Project for Clínica Dental Adeslas...
[2026-04-17T11:57:37.360Z] [SUCCESS] Project generated and synced (DIRECT) for Clínica Dental Adeslas: /demo/3d7235b8-a3b0-40c1-85f7-2fc0ca0ce09a
[2026-04-17T11:57:37.361Z] [INFO] Triggering Automatic Stitch Project for CLINICA DENTAL DENTINOVA URGENCIAS & ACADEMY...
[2026-04-17T11:57:39.578Z] [SUCCESS] Project generated and synced (DIRECT) for CLINICA DENTAL DENTINOVA URGENCIAS & ACADEMY: /demo/fd6c80cc-32a3-4dd8-9d5d-503ddc094744
[2026-04-17T11:57:39.579Z] [INFO] Triggering Automatic Stitch Project for Ortodoncia Sant Cugat...
[2026-04-17T11:57:41.799Z] [SUCCESS] Project generated and synced (DIRECT) for Ortodoncia Sant Cugat: /demo/d05edbc6-8953-4590-958c-4128a3391000
[2026-04-17T11:57:41.800Z] [INFO] Triggering Automatic Stitch Project for Clínica Dental Dra. Nayra Grau Ortodoncia en Sant Cugat del Valles...
[2026-04-17T11:57:44.013Z] [SUCCESS] Project generated and synced (DIRECT) for Clínica Dental Dra. Nayra Grau Ortodoncia en Sant Cugat del Valles: /demo/d534638c-89f8-484b-bd87-c5746b7ceab8
[2026-04-17T11:57:44.013Z] [INFO] Phase 4: Checking for Outreach candidates...
[2026-04-17T11:57:44.136Z] [INFO] Automating Outreach for Clínica Dental Adeslas...
[2026-04-17T11:57:44.137Z] [WARNING] Skipping outreach for Clínica Dental Adeslas: No corporate email discovered yet.
[2026-04-17T11:57:44.137Z] [INFO] Automating Outreach for restaurante Principal Sant Antoni de Vilamajor...
[2026-04-17T11:57:44.137Z] [WARNING] Skipping outreach for restaurante Principal Sant Antoni de Vilamajor: No corporate email discovered yet.
[2026-04-17T11:57:44.138Z] [INFO] Automating Outreach for Especialistas restaurante Sant Antoni de Vilamajor...
[2026-04-17T11:57:44.138Z] [WARNING] Skipping outreach for Especialistas restaurante Sant Antoni de Vilamajor: No corporate email discovered yet.
[2026-04-17T11:57:44.138Z] [INFO] Automating Outreach for clínica dental Principal Granollers...
[2026-04-17T11:57:44.139Z] [WARNING] Skipping outreach for clínica dental Principal Granollers: No corporate email discovered yet.
[2026-04-17T11:57:44.139Z] [INFO] Automating Outreach for Especialistas clínica dental Granollers...
[2026-04-17T11:57:44.139Z] [WARNING] Skipping outreach for Especialistas clínica dental Granollers: No corporate email discovered yet.
[2026-04-17T11:57:44.139Z] [INFO] Cycle complete. Sleeping for 60s...
[2026-04-17T11:57:51.968Z] [INFO] Searching for NEW leads to audit...
[2026-04-17T11:57:52.090Z] [INFO] No new leads found for audit.
[2026-04-17T11:57:52.091Z] [INFO] Searching for candidates for Asset Generation...
[2026-04-17T11:57:52.197Z] [INFO] Phase 3: Found 5 candidates for personalzed design generation.
[2026-04-17T11:57:52.197Z] [INFO] Triggering Automatic Stitch Project for Clínica Dental Serra Fortuny Sant Cugat...
[2026-04-17T11:57:54.487Z] [SUCCESS] Project generated and synced (DIRECT) for Clínica Dental Serra Fortuny Sant Cugat: /demo/2e8c8189-61a3-45d9-9269-551d237ce7bd
[2026-04-17T11:57:54.488Z] [INFO] Triggering Automatic Stitch Project for A+D Clinica Dental...
[2026-04-17T11:57:56.787Z] [SUCCESS] Project generated and synced (DIRECT) for A+D Clinica Dental: /demo/e8e2b1c4-d6d3-4071-988d-d989c5dbc6bd
[2026-04-17T11:57:56.787Z] [INFO] Triggering Automatic Stitch Project for Clínica Dental Saldaña Fetscher Odontologia Integradora...
[2026-04-17T11:57:58.998Z] [SUCCESS] Project generated and synced (DIRECT) for Clínica Dental Saldaña Fetscher Odontologia Integradora: /demo/35d9ca64-8d6a-44c4-b411-25e04e847350
[2026-04-17T11:57:58.998Z] [INFO] Triggering Automatic Stitch Project for Holiday Inn Express Barcelona - Sant Cugat by IHG...
[2026-04-17T11:58:01.203Z] [SUCCESS] Project generated and synced (DIRECT) for Holiday Inn Express Barcelona - Sant Cugat by IHG: /demo/5a1fcb36-0ec7-48fb-9f37-afbe68d04589
[2026-04-17T11:58:01.204Z] [INFO] Triggering Automatic Stitch Project for Hotel Venture Sant Cugat...
[2026-04-17T11:58:03.408Z] [SUCCESS] Project generated and synced (DIRECT) for Hotel Venture Sant Cugat: /demo/d724682c-ab9f-4305-af08-b1912bd23d79
[2026-04-17T11:58:03.409Z] [INFO] Phase 4: Checking for Outreach candidates...
[2026-04-17T11:58:03.514Z] [INFO] Automating Outreach for Clínica Dental Adeslas...
[2026-04-17T11:58:03.651Z] [SUCCESS] Outreach successful for Clínica Dental Adeslas
[2026-04-17T11:58:03.803Z] [INFO] Automating Outreach for restaurante Principal Sant Antoni de Vilamajor...
[2026-04-17T11:58:04.045Z] [SUCCESS] Outreach successful for restaurante Principal Sant Antoni de Vilamajor
[2026-04-17T11:58:04.178Z] [INFO] Automating Outreach for Especialistas restaurante Sant Antoni de Vilamajor...
[2026-04-17T11:58:04.312Z] [SUCCESS] Outreach successful for Especialistas restaurante Sant Antoni de Vilamajor
[2026-04-17T11:58:04.454Z] [INFO] Automating Outreach for clínica dental Principal Granollers...
[2026-04-17T11:58:04.589Z] [SUCCESS] Outreach successful for clínica dental Principal Granollers
[2026-04-17T11:58:04.726Z] [INFO] Automating Outreach for Especialistas clínica dental Granollers...
[2026-04-17T11:58:04.887Z] [SUCCESS] Outreach successful for Especialistas clínica dental Granollers
[2026-04-17T11:58:05.018Z] [INFO] Cycle complete. Sleeping for 60s...
[2026-04-17T11:58:44.145Z] [INFO] Searching for NEW leads to audit...
[2026-04-17T11:58:44.267Z] [INFO] No new leads found for audit.
[2026-04-17T11:58:44.268Z] [INFO] Searching for candidates for Asset Generation...
[2026-04-17T11:58:44.377Z] [INFO] Phase 3: Found 5 candidates for personalzed design generation.
[2026-04-17T11:58:44.378Z] [INFO] Triggering Automatic Stitch Project for Qgat Restaurant, Events & Hotel...
[2026-04-17T11:58:46.644Z] [SUCCESS] Project generated and synced (DIRECT) for Qgat Restaurant, Events & Hotel: /demo/629cd3c5-c280-4fdc-b54f-ed1a1a57ba51
[2026-04-17T11:58:46.645Z] [INFO] Triggering Automatic Stitch Project for El Sant Cugat Hotel...
[2026-04-17T11:58:48.856Z] [SUCCESS] Project generated and synced (DIRECT) for El Sant Cugat Hotel: /demo/2e9ab88a-d365-4638-976b-d925f595a4c3
[2026-04-17T11:58:48.856Z] [INFO] Triggering Automatic Stitch Project for INICIATIVES SANT CUGAT, S.L....
[2026-04-17T11:58:51.053Z] [SUCCESS] Project generated and synced (DIRECT) for INICIATIVES SANT CUGAT, S.L.: /demo/bd04717d-fa0c-4457-8f32-c8c4b50841b0
[2026-04-17T11:58:51.053Z] [INFO] Triggering Automatic Stitch Project for Residència Universitària Roberto de Nobili...
[2026-04-17T11:58:53.264Z] [SUCCESS] Project generated and synced (DIRECT) for Residència Universitària Roberto de Nobili: /demo/c2ad0cc7-3c7d-45dd-9e33-43a1c9e4eafb
[2026-04-17T11:58:53.265Z] [INFO] Triggering Automatic Stitch Project for Apartaments Aparthotel del Golf...
[2026-04-17T11:58:55.470Z] [SUCCESS] Project generated and synced (DIRECT) for Apartaments Aparthotel del Golf: /demo/3f73b038-0155-4a42-9107-2d0e874ab896
[2026-04-17T11:58:55.470Z] [INFO] Phase 4: Checking for Outreach candidates...
[2026-04-17T11:58:55.577Z] [INFO] Automating Outreach for Clínica Dental Adeslas...
[2026-04-17T11:58:55.577Z] [WARNING] Skipping outreach for Clínica Dental Adeslas: No corporate email discovered yet.
[2026-04-17T11:58:55.578Z] [INFO] Automating Outreach for restaurante Principal Sant Antoni de Vilamajor...
[2026-04-17T11:58:55.578Z] [WARNING] Skipping outreach for restaurante Principal Sant Antoni de Vilamajor: No corporate email discovered yet.
[2026-04-17T11:58:55.578Z] [INFO] Automating Outreach for Especialistas restaurante Sant Antoni de Vilamajor...
[2026-04-17T11:58:55.579Z] [WARNING] Skipping outreach for Especialistas restaurante Sant Antoni de Vilamajor: No corporate email discovered yet.
[2026-04-17T11:58:55.579Z] [INFO] Automating Outreach for clínica dental Principal Granollers...
[2026-04-17T11:58:55.579Z] [WARNING] Skipping outreach for clínica dental Principal Granollers: No corporate email discovered yet.
[2026-04-17T11:58:55.580Z] [INFO] Automating Outreach for Especialistas clínica dental Granollers...
[2026-04-17T11:58:55.580Z] [WARNING] Skipping outreach for Especialistas clínica dental Granollers: No corporate email discovered yet.
[2026-04-17T11:58:55.581Z] [INFO] Cycle complete. Sleeping for 60s...
[2026-04-17T11:59:05.032Z] [INFO] Searching for NEW leads to audit...
[2026-04-17T11:59:05.153Z] [INFO] No new leads found for audit.
[2026-04-17T11:59:05.154Z] [INFO] Searching for candidates for Asset Generation...
[2026-04-17T11:59:05.256Z] [INFO] Phase 3: Found 5 candidates for personalzed design generation.
[2026-04-17T11:59:05.257Z] [INFO] Triggering Automatic Stitch Project for SC Project | Inmobiliaria en Sant Cugat...
[2026-04-17T11:59:07.543Z] [SUCCESS] Project generated and synced (DIRECT) for SC Project | Inmobiliaria en Sant Cugat: /demo/248ff19b-e99f-42ca-91b0-3c4575183c21
[2026-04-17T11:59:07.544Z] [INFO] Triggering Automatic Stitch Project for HOTELES EN VENTA...
[2026-04-17T11:59:09.849Z] [SUCCESS] Project generated and synced (DIRECT) for HOTELES EN VENTA: /demo/040f9488-bfb6-4c59-9c4d-6d1f8483e7df
[2026-04-17T11:59:09.849Z] [INFO] Triggering Automatic Stitch Project for Centre Sanitari Can Mora...
[2026-04-17T11:59:12.072Z] [SUCCESS] Project generated and synced (DIRECT) for Centre Sanitari Can Mora: /demo/8a7222fc-e43b-497c-a2b3-a130b2f6296a
[2026-04-17T11:59:12.073Z] [INFO] Triggering Automatic Stitch Project for PARTAL HABITATGES, S.L....
[2026-04-17T11:59:14.301Z] [SUCCESS] Project generated and synced (DIRECT) for PARTAL HABITATGES, S.L.: /demo/cb00e0ac-21a9-4450-8704-da44f8b11aa6
[2026-04-17T11:59:14.301Z] [INFO] Triggering Automatic Stitch Project for Gestoría León Tomás...
[2026-04-17T11:59:16.529Z] [SUCCESS] Project generated and synced (DIRECT) for Gestoría León Tomás: /demo/98b34b36-2fe6-458b-87a9-fabfc194487d
[2026-04-17T11:59:16.530Z] [INFO] Phase 4: Checking for Outreach candidates...
[2026-04-17T11:59:16.658Z] [INFO] Automating Outreach for Clínica Dental Adeslas...
[2026-04-17T11:59:16.791Z] [SUCCESS] Outreach successful for Clínica Dental Adeslas
[2026-04-17T11:59:16.930Z] [INFO] Automating Outreach for restaurante Principal Sant Antoni de Vilamajor...
[2026-04-17T11:59:17.133Z] [SUCCESS] Outreach successful for restaurante Principal Sant Antoni de Vilamajor
[2026-04-17T11:59:17.269Z] [INFO] Automating Outreach for Especialistas restaurante Sant Antoni de Vilamajor...
[2026-04-17T11:59:17.400Z] [SUCCESS] Outreach successful for Especialistas restaurante Sant Antoni de Vilamajor
[2026-04-17T11:59:17.531Z] [INFO] Automating Outreach for SC Project | Inmobiliaria en Sant Cugat...
[2026-04-17T11:59:17.660Z] [SUCCESS] Outreach successful for SC Project | Inmobiliaria en Sant Cugat
[2026-04-17T11:59:17.789Z] [INFO] Automating Outreach for clínica dental Principal Granollers...
[2026-04-17T11:59:17.917Z] [SUCCESS] Outreach successful for clínica dental Principal Granollers
[2026-04-17T11:59:18.048Z] [INFO] Cycle complete. Sleeping for 60s...
[2026-04-17T11:59:55.594Z] [INFO] Searching for NEW leads to audit...
[2026-04-17T11:59:55.716Z] [INFO] No new leads found for audit.
[2026-04-17T11:59:55.716Z] [INFO] Searching for candidates for Asset Generation...
[2026-04-17T11:59:55.818Z] [INFO] Phase 3: Found 5 candidates for personalzed design generation.
[2026-04-17T11:59:55.818Z] [INFO] Triggering Automatic Stitch Project for Feliu Franquesa...
[2026-04-17T11:59:58.103Z] [SUCCESS] Project generated and synced (DIRECT) for Feliu Franquesa: /demo/29c44ed2-e369-4c3c-851e-1c91184c5c9b
[2026-04-17T11:59:58.104Z] [INFO] Triggering Automatic Stitch Project for CLÍNICA DENTAL ARES...
[2026-04-17T12:00:00.309Z] [SUCCESS] Project generated and synced (DIRECT) for CLÍNICA DENTAL ARES: /demo/ac70700b-2d73-4a9c-8d71-bdd1123247ce
[2026-04-17T12:00:00.310Z] [INFO] Triggering Automatic Stitch Project for Òptica Universitària...
[2026-04-17T12:00:02.554Z] [SUCCESS] Project generated and synced (DIRECT) for Òptica Universitària: /demo/e28881c3-b068-4216-8b77-ea3514868f82
[2026-04-17T12:00:02.555Z] [INFO] Triggering Automatic Stitch Project for Alexandra Niñerola Physiotherapy...
[2026-04-17T12:00:04.764Z] [SUCCESS] Project generated and synced (DIRECT) for Alexandra Niñerola Physiotherapy: /demo/3280e484-bc68-47b6-ab59-736f29db6923
[2026-04-17T12:00:04.764Z] [INFO] Triggering Automatic Stitch Project for RENOVACION DEL CARNET DE CONDUCIR EN SANT CUGAT...
[2026-04-17T12:00:06.969Z] [SUCCESS] Project generated and synced (DIRECT) for RENOVACION DEL CARNET DE CONDUCIR EN SANT CUGAT: /demo/005f63d3-a9b2-4437-9ff0-66ba7b0b2ece
[2026-04-17T12:00:06.970Z] [INFO] Phase 4: Checking for Outreach candidates...
[2026-04-17T12:00:07.087Z] [INFO] Automating Outreach for Clínica Dental Adeslas...
[2026-04-17T12:00:07.088Z] [WARNING] Skipping outreach for Clínica Dental Adeslas: No corporate email discovered yet.
[2026-04-17T12:00:07.088Z] [INFO] Automating Outreach for restaurante Principal Sant Antoni de Vilamajor...
[2026-04-17T12:00:07.089Z] [WARNING] Skipping outreach for restaurante Principal Sant Antoni de Vilamajor: No corporate email discovered yet.
[2026-04-17T12:00:07.089Z] [INFO] Automating Outreach for Especialistas restaurante Sant Antoni de Vilamajor...
[2026-04-17T12:00:07.089Z] [WARNING] Skipping outreach for Especialistas restaurante Sant Antoni de Vilamajor: No corporate email discovered yet.
[2026-04-17T12:00:07.090Z] [INFO] Automating Outreach for SC Project | Inmobiliaria en Sant Cugat...
[2026-04-17T12:00:07.090Z] [WARNING] Skipping outreach for SC Project | Inmobiliaria en Sant Cugat: No corporate email discovered yet.
[2026-04-17T12:00:07.091Z] [INFO] Automating Outreach for clínica dental Principal Granollers...
[2026-04-17T12:00:07.091Z] [WARNING] Skipping outreach for clínica dental Principal Granollers: No corporate email discovered yet.
[2026-04-17T12:00:07.091Z] [INFO] Cycle complete. Sleeping for 60s...
[2026-04-17T12:00:18.060Z] [INFO] Searching for NEW leads to audit...
[2026-04-17T12:00:18.399Z] [INFO] No new leads found for audit.
[2026-04-17T12:00:18.400Z] [INFO] Searching for candidates for Asset Generation...
[2026-04-17T12:00:18.526Z] [INFO] Phase 3: Found 5 candidates for personalzed design generation.
[2026-04-17T12:00:18.527Z] [INFO] Triggering Automatic Stitch Project for Clínica EOS...
[2026-04-17T12:00:20.847Z] [SUCCESS] Project generated and synced (DIRECT) for Clínica EOS: /demo/a7099f1f-8087-4fab-895c-fc36a1853dda
[2026-04-17T12:00:20.847Z] [INFO] Triggering Automatic Stitch Project for Centre Auditiu GAES Sant Cugat...
[2026-04-17T12:00:23.059Z] [SUCCESS] Project generated and synced (DIRECT) for Centre Auditiu GAES Sant Cugat: /demo/11759cd6-9eeb-4c4d-be17-71ec80642b17
[2026-04-17T12:00:23.060Z] [INFO] Triggering Automatic Stitch Project for Cal Pobre...
[2026-04-17T12:00:25.271Z] [SUCCESS] Project generated and synced (DIRECT) for Cal Pobre: /demo/f07c570e-6c89-4d11-8393-96b1ec0c4897
[2026-04-17T12:00:25.271Z] [INFO] Triggering Automatic Stitch Project for AC Hotel Sant Cugat...
[2026-04-17T12:00:27.487Z] [SUCCESS] Project generated and synced (DIRECT) for AC Hotel Sant Cugat: /demo/e59925af-55c8-4faf-8def-86f91aa8987c
[2026-04-17T12:00:27.487Z] [INFO] Triggering Automatic Stitch Project for Bar-Pizzeria El Sui...
[2026-04-17T12:00:29.744Z] [SUCCESS] Project generated and synced (DIRECT) for Bar-Pizzeria El Sui: /demo/3c1c67ac-feb3-4fc2-9c25-a4f7998730c6
[2026-04-17T12:00:29.745Z] [INFO] Phase 4: Checking for Outreach candidates...
[2026-04-17T12:00:29.865Z] [INFO] Automating Outreach for Clínica Dental Adeslas...
[2026-04-17T12:00:29.993Z] [SUCCESS] Outreach successful for Clínica Dental Adeslas
[2026-04-17T12:00:30.151Z] [INFO] Automating Outreach for restaurante Principal Sant Antoni de Vilamajor...
[2026-04-17T12:00:30.360Z] [SUCCESS] Outreach successful for restaurante Principal Sant Antoni de Vilamajor
[2026-04-17T12:00:30.513Z] [INFO] Automating Outreach for Especialistas restaurante Sant Antoni de Vilamajor...
[2026-04-17T12:00:30.649Z] [SUCCESS] Outreach successful for Especialistas restaurante Sant Antoni de Vilamajor
[2026-04-17T12:00:30.789Z] [INFO] Automating Outreach for SC Project | Inmobiliaria en Sant Cugat...
[2026-04-17T12:00:30.943Z] [SUCCESS] Outreach successful for SC Project | Inmobiliaria en Sant Cugat
[2026-04-17T12:00:31.075Z] [INFO] Automating Outreach for clínica dental Principal Granollers...
[2026-04-17T12:00:31.204Z] [SUCCESS] Outreach successful for clínica dental Principal Granollers
[2026-04-17T12:00:31.339Z] [INFO] Cycle complete. Sleeping for 60s...
[2026-04-17T12:01:07.098Z] [INFO] Searching for NEW leads to audit...
[2026-04-17T12:01:07.242Z] [INFO] No new leads found for audit.
[2026-04-17T12:01:07.243Z] [INFO] Searching for candidates for Asset Generation...
[2026-04-17T12:01:07.355Z] [INFO] Phase 3: Found 5 candidates for personalzed design generation.
[2026-04-17T12:01:07.356Z] [INFO] Triggering Automatic Stitch Project for La Fonda Llobera...
[2026-04-17T12:01:09.642Z] [SUCCESS] Project generated and synced (DIRECT) for La Fonda Llobera: /demo/7a7e0c05-b576-42e3-9ca6-54db797dc656
[2026-04-17T12:01:09.642Z] [INFO] Triggering Automatic Stitch Project for El Rebost dels Guiu Café - Bar (Bar Vilamajor)...
[2026-04-17T12:01:11.902Z] [SUCCESS] Project generated and synced (DIRECT) for El Rebost dels Guiu Café - Bar (Bar Vilamajor): /demo/6f85739b-f879-41e5-a1ed-fc11f9728b7c
[2026-04-17T12:01:11.902Z] [INFO] Triggering Automatic Stitch Project for Parròquia de Sant Antoni...
[2026-04-17T12:01:14.107Z] [SUCCESS] Project generated and synced (DIRECT) for Parròquia de Sant Antoni: /demo/e127085e-6b93-4467-beb6-e9bfee69dd10
[2026-04-17T12:01:14.108Z] [INFO] Triggering Automatic Stitch Project for Controlgraf...
[2026-04-17T12:01:16.322Z] [SUCCESS] Project generated and synced (DIRECT) for Controlgraf: /demo/47115dfd-be93-465d-b3eb-1a8f96150271
[2026-04-17T12:01:16.323Z] [INFO] Triggering Automatic Stitch Project for Agrobotiga Ca l'Albert...
[2026-04-17T12:01:18.526Z] [SUCCESS] Project generated and synced (DIRECT) for Agrobotiga Ca l'Albert: /demo/c93c29a2-3d57-4d4e-b4a5-310ae3e78a3b
[2026-04-17T12:01:18.526Z] [INFO] Phase 4: Checking for Outreach candidates...
[2026-04-17T12:01:18.637Z] [INFO] Automating Outreach for Clínica Dental Adeslas...
[2026-04-17T12:01:18.638Z] [WARNING] Skipping outreach for Clínica Dental Adeslas: No corporate email discovered yet.
[2026-04-17T12:01:18.638Z] [INFO] Automating Outreach for restaurante Principal Sant Antoni de Vilamajor...
[2026-04-17T12:01:18.639Z] [WARNING] Skipping outreach for restaurante Principal Sant Antoni de Vilamajor: No corporate email discovered yet.
[2026-04-17T12:01:18.639Z] [INFO] Automating Outreach for Especialistas restaurante Sant Antoni de Vilamajor...
[2026-04-17T12:01:18.639Z] [WARNING] Skipping outreach for Especialistas restaurante Sant Antoni de Vilamajor: No corporate email discovered yet.
[2026-04-17T12:01:18.640Z] [INFO] Automating Outreach for SC Project | Inmobiliaria en Sant Cugat...
[2026-04-17T12:01:18.640Z] [WARNING] Skipping outreach for SC Project | Inmobiliaria en Sant Cugat: No corporate email discovered yet.
[2026-04-17T12:01:18.640Z] [INFO] Automating Outreach for clínica dental Principal Granollers...
[2026-04-17T12:01:18.641Z] [WARNING] Skipping outreach for clínica dental Principal Granollers: No corporate email discovered yet.
[2026-04-17T12:01:18.641Z] [INFO] Cycle complete. Sleeping for 60s...
[2026-04-17T12:01:31.344Z] [INFO] Searching for NEW leads to audit...
[2026-04-17T12:01:31.455Z] [INFO] No new leads found for audit.
[2026-04-17T12:01:31.455Z] [INFO] Searching for candidates for Asset Generation...
[2026-04-17T12:01:31.570Z] [INFO] Phase 3: Found 5 candidates for personalzed design generation.
[2026-04-17T12:01:31.570Z] [INFO] Triggering Automatic Stitch Project for Hotel Gastronòmic Can Ribalta...
[2026-04-17T12:01:33.856Z] [SUCCESS] Project generated and synced (DIRECT) for Hotel Gastronòmic Can Ribalta: /demo/1b657637-8df4-4f8c-a7f0-b4ff481d79a0
[2026-04-17T12:01:33.856Z] [INFO] Triggering Automatic Stitch Project for La Llar Del Fou...
[2026-04-17T12:01:36.063Z] [SUCCESS] Project generated and synced (DIRECT) for La Llar Del Fou: /demo/b75f2fdb-b945-43a1-ada2-fef7c714b149
[2026-04-17T12:01:36.063Z] [INFO] Triggering Automatic Stitch Project for Jordi Torres...
[2026-04-17T12:01:38.326Z] [SUCCESS] Project generated and synced (DIRECT) for Jordi Torres: /demo/5fba30b2-1973-42fd-baa2-e139078b547d
[2026-04-17T12:01:38.326Z] [INFO] Triggering Automatic Stitch Project for InmoCatalonia...
[2026-04-17T12:01:40.528Z] [SUCCESS] Project generated and synced (DIRECT) for InmoCatalonia: /demo/ed0bdf53-2b6d-46f8-b45e-d98203520911
[2026-04-17T12:01:40.529Z] [INFO] Triggering Automatic Stitch Project for Can Ponassa...
[2026-04-17T12:01:42.727Z] [SUCCESS] Project generated and synced (DIRECT) for Can Ponassa: /demo/0b7cae6a-e8fa-4e2d-b32b-a6b828c49aa8
[2026-04-17T12:01:42.728Z] [INFO] Phase 4: Checking for Outreach candidates...
[2026-04-17T12:01:42.835Z] [INFO] Automating Outreach for Clínica Dental Adeslas...
[2026-04-17T12:01:42.971Z] [SUCCESS] Outreach successful for Clínica Dental Adeslas
[2026-04-17T12:01:43.117Z] [INFO] Automating Outreach for restaurante Principal Sant Antoni de Vilamajor...
[2026-04-17T12:01:43.310Z] [SUCCESS] Outreach successful for restaurante Principal Sant Antoni de Vilamajor
[2026-04-17T12:01:43.440Z] [INFO] Automating Outreach for Especialistas restaurante Sant Antoni de Vilamajor...
[2026-04-17T12:01:43.570Z] [SUCCESS] Outreach successful for Especialistas restaurante Sant Antoni de Vilamajor
[2026-04-17T12:01:43.699Z] [INFO] Automating Outreach for SC Project | Inmobiliaria en Sant Cugat...
[2026-04-17T12:01:43.837Z] [SUCCESS] Outreach successful for SC Project | Inmobiliaria en Sant Cugat
[2026-04-17T12:01:43.994Z] [INFO] Automating Outreach for clínica dental Principal Granollers...
[2026-04-17T12:01:44.125Z] [SUCCESS] Outreach successful for clínica dental Principal Granollers
[2026-04-17T12:01:44.288Z] [INFO] Cycle complete. Sleeping for 60s...
[2026-04-17T12:02:18.655Z] [INFO] Searching for NEW leads to audit...
[2026-04-17T12:02:18.779Z] [INFO] No new leads found for audit.
[2026-04-17T12:02:18.780Z] [INFO] Searching for candidates for Asset Generation...
[2026-04-17T12:02:18.891Z] [INFO] Phase 3: Found 5 candidates for personalzed design generation.
[2026-04-17T12:02:18.892Z] [INFO] Triggering Automatic Stitch Project for Lucy Dominguez INMOBILIARIA Asesor Inmobiliario...
[2026-04-17T12:02:21.182Z] [SUCCESS] Project generated and synced (DIRECT) for Lucy Dominguez INMOBILIARIA Asesor Inmobiliario: /demo/2ff0683f-a6f5-4d37-9b52-61d0c12b02cd
[2026-04-17T12:02:21.183Z] [INFO] Triggering Automatic Stitch Project for Vending El Cafetó S.L....
[2026-04-17T12:02:23.393Z] [SUCCESS] Project generated and synced (DIRECT) for Vending El Cafetó S.L.: /demo/97862f20-631c-49a3-8eb2-863aea38aa08
[2026-04-17T12:02:23.393Z] [INFO] Triggering Automatic Stitch Project for CTBImmo...
[2026-04-17T12:02:25.611Z] [SUCCESS] Project generated and synced (DIRECT) for CTBImmo: /demo/dc89fff7-3d7e-4cbb-b487-4886a879a67a
[2026-04-17T12:02:25.612Z] [INFO] Triggering Automatic Stitch Project for Sitges Royal Rooms...
[2026-04-17T12:02:27.816Z] [SUCCESS] Project generated and synced (DIRECT) for Sitges Royal Rooms: /demo/97f1ecda-a1c6-46da-9b81-cf3caf405af8
[2026-04-17T12:02:27.816Z] [INFO] Triggering Automatic Stitch Project for Balust Odontòlegs...
[2026-04-17T12:02:30.044Z] [SUCCESS] Project generated and synced (DIRECT) for Balust Odontòlegs: /demo/3b33f85e-a27d-4cc6-a4d2-5667e2ac221c
[2026-04-17T12:02:30.045Z] [INFO] Phase 4: Checking for Outreach candidates...
[2026-04-17T12:02:30.162Z] [INFO] Automating Outreach for Clínica Dental Adeslas...
[2026-04-17T12:02:30.162Z] [WARNING] Skipping outreach for Clínica Dental Adeslas: No corporate email discovered yet.
[2026-04-17T12:02:30.163Z] [INFO] Automating Outreach for restaurante Principal Sant Antoni de Vilamajor...
[2026-04-17T12:02:30.163Z] [WARNING] Skipping outreach for restaurante Principal Sant Antoni de Vilamajor: No corporate email discovered yet.
[2026-04-17T12:02:30.164Z] [INFO] Automating Outreach for Especialistas restaurante Sant Antoni de Vilamajor...
[2026-04-17T12:02:30.164Z] [WARNING] Skipping outreach for Especialistas restaurante Sant Antoni de Vilamajor: No corporate email discovered yet.
[2026-04-17T12:02:30.164Z] [INFO] Automating Outreach for SC Project | Inmobiliaria en Sant Cugat...
[2026-04-17T12:02:30.165Z] [WARNING] Skipping outreach for SC Project | Inmobiliaria en Sant Cugat: No corporate email discovered yet.
[2026-04-17T12:02:30.165Z] [INFO] Automating Outreach for clínica dental Principal Granollers...
[2026-04-17T12:02:30.165Z] [WARNING] Skipping outreach for clínica dental Principal Granollers: No corporate email discovered yet.
[2026-04-17T12:02:30.166Z] [INFO] Cycle complete. Sleeping for 60s...
[2026-04-17T12:02:44.292Z] [INFO] Searching for NEW leads to audit...
[2026-04-17T12:02:44.401Z] [INFO] No new leads found for audit.
[2026-04-17T12:02:44.402Z] [INFO] Searching for candidates for Asset Generation...
[2026-04-17T12:02:44.511Z] [INFO] Phase 3: Found 5 candidates for personalzed design generation.
[2026-04-17T12:02:44.512Z] [INFO] Triggering Automatic Stitch Project for Hotel Subur...
[2026-04-17T12:02:46.875Z] [SUCCESS] Project generated and synced (DIRECT) for Hotel Subur: /demo/f8e2b152-e696-4e8b-b533-575bff892a5d
[2026-04-17T12:02:46.876Z] [INFO] Triggering Automatic Stitch Project for Sitges Hills Villas...
[2026-04-17T12:02:49.074Z] [SUCCESS] Project generated and synced (DIRECT) for Sitges Hills Villas: /demo/cb07bdd4-1c92-42f6-b9db-258bae689143
[2026-04-17T12:02:49.074Z] [INFO] Triggering Automatic Stitch Project for Hill Carbonell Slu...
[2026-04-17T12:02:51.273Z] [SUCCESS] Project generated and synced (DIRECT) for Hill Carbonell Slu: /demo/b3fb0b2e-a3fd-4853-8058-16e92c6f730c
[2026-04-17T12:02:51.273Z] [INFO] Triggering Automatic Stitch Project for Jorge Ferré Veciana...
[2026-04-17T12:02:53.496Z] [SUCCESS] Project generated and synced (DIRECT) for Jorge Ferré Veciana: /demo/b26bc2d5-6721-4276-9839-ee9197b10535
[2026-04-17T12:02:53.496Z] [INFO] Triggering Automatic Stitch Project for Clinica Dental Dr Ron Van Gaalen SLP...
[2026-04-17T12:02:55.698Z] [SUCCESS] Project generated and synced (DIRECT) for Clinica Dental Dr Ron Van Gaalen SLP: /demo/f57956a4-dd52-4265-96bf-5c36efa0ff4b
[2026-04-17T12:02:55.699Z] [INFO] Phase 4: Checking for Outreach candidates...
[2026-04-17T12:02:55.804Z] [INFO] Automating Outreach for Clínica Dental Adeslas...
[2026-04-17T12:02:55.953Z] [SUCCESS] Outreach successful for Clínica Dental Adeslas
[2026-04-17T12:02:56.096Z] [INFO] Automating Outreach for restaurante Principal Sant Antoni de Vilamajor...
[2026-04-17T12:02:56.294Z] [SUCCESS] Outreach successful for restaurante Principal Sant Antoni de Vilamajor
[2026-04-17T12:02:56.421Z] [INFO] Automating Outreach for Especialistas restaurante Sant Antoni de Vilamajor...
[2026-04-17T12:02:56.559Z] [SUCCESS] Outreach successful for Especialistas restaurante Sant Antoni de Vilamajor
[2026-04-17T12:02:56.693Z] [INFO] Automating Outreach for SC Project | Inmobiliaria en Sant Cugat...
[2026-04-17T12:02:56.826Z] [SUCCESS] Outreach successful for SC Project | Inmobiliaria en Sant Cugat
[2026-04-17T12:02:56.963Z] [INFO] Automating Outreach for clínica dental Principal Granollers...
[2026-04-17T12:02:57.106Z] [SUCCESS] Outreach successful for clínica dental Principal Granollers
[2026-04-17T12:02:57.243Z] [INFO] Cycle complete. Sleeping for 60s...
[2026-04-17T12:03:30.174Z] [INFO] Searching for NEW leads to audit...
[2026-04-17T12:03:30.743Z] [INFO] No new leads found for audit.
[2026-04-17T12:03:30.744Z] [INFO] Searching for candidates for Asset Generation...
[2026-04-17T12:03:30.864Z] [INFO] Phase 3: Found 5 candidates for personalzed design generation.
[2026-04-17T12:03:30.864Z] [INFO] Triggering Automatic Stitch Project for Sitges Playa by URH...
[2026-04-17T12:03:33.155Z] [SUCCESS] Project generated and synced (DIRECT) for Sitges Playa by URH: /demo/957e399d-c5f9-4058-9589-3b9c2816ead3
[2026-04-17T12:03:33.156Z] [INFO] Triggering Automatic Stitch Project for ICON BCN...
[2026-04-17T12:03:35.370Z] [SUCCESS] Project generated and synced (DIRECT) for ICON BCN: /demo/c5f5cc57-3b8c-434b-a56c-3e410a7ea309
[2026-04-17T12:03:35.371Z] [INFO] Triggering Automatic Stitch Project for Hotel NH Collection Barcelona Gran Hotel Calderón...
[2026-04-17T12:03:37.572Z] [SUCCESS] Project generated and synced (DIRECT) for Hotel NH Collection Barcelona Gran Hotel Calderón: /demo/19673c67-bc95-4baa-ac0a-ebfc42915d5a
[2026-04-17T12:03:37.572Z] [INFO] Triggering Automatic Stitch Project for My Space Barcelona Gràcia Pool Terrace...
[2026-04-17T12:03:39.779Z] [SUCCESS] Project generated and synced (DIRECT) for My Space Barcelona Gràcia Pool Terrace: /demo/42ac5a42-b34b-4e2c-b029-9edbda01aaf8
[2026-04-17T12:03:39.779Z] [INFO] Triggering Automatic Stitch Project for Casa Fuster Masia...
[2026-04-17T12:03:41.985Z] [SUCCESS] Project generated and synced (DIRECT) for Casa Fuster Masia: /demo/709f13fc-51cf-4cb2-acd3-2c2abe052e0b
[2026-04-17T12:03:41.985Z] [INFO] Phase 4: Checking for Outreach candidates...
[2026-04-17T12:03:42.095Z] [INFO] Automating Outreach for Clínica Dental Adeslas...
[2026-04-17T12:03:42.096Z] [WARNING] Skipping outreach for Clínica Dental Adeslas: No corporate email discovered yet.
[2026-04-17T12:03:42.096Z] [INFO] Automating Outreach for restaurante Principal Sant Antoni de Vilamajor...
[2026-04-17T12:03:42.096Z] [WARNING] Skipping outreach for restaurante Principal Sant Antoni de Vilamajor: No corporate email discovered yet.
[2026-04-17T12:03:42.097Z] [INFO] Automating Outreach for Especialistas restaurante Sant Antoni de Vilamajor...
[2026-04-17T12:03:42.097Z] [WARNING] Skipping outreach for Especialistas restaurante Sant Antoni de Vilamajor: No corporate email discovered yet.
[2026-04-17T12:03:42.097Z] [INFO] Automating Outreach for SC Project | Inmobiliaria en Sant Cugat...
[2026-04-17T12:03:42.098Z] [WARNING] Skipping outreach for SC Project | Inmobiliaria en Sant Cugat: No corporate email discovered yet.
[2026-04-17T12:03:42.098Z] [INFO] Automating Outreach for clínica dental Principal Granollers...
[2026-04-17T12:03:42.098Z] [WARNING] Skipping outreach for clínica dental Principal Granollers: No corporate email discovered yet.
[2026-04-17T12:03:42.099Z] [INFO] Cycle complete. Sleeping for 60s...
[2026-04-17T12:03:57.254Z] [INFO] Searching for NEW leads to audit...
[2026-04-17T12:03:57.372Z] [INFO] No new leads found for audit.
[2026-04-17T12:03:57.373Z] [INFO] Searching for candidates for Asset Generation...
[2026-04-17T12:03:57.483Z] [INFO] Phase 3: Found 3 candidates for personalzed design generation.
[2026-04-17T12:03:57.484Z] [INFO] Triggering Automatic Stitch Project for Locales comerciales CIAMA...
[2026-04-17T12:03:59.744Z] [SUCCESS] Project generated and synced (DIRECT) for Locales comerciales CIAMA: /demo/fb9e26b0-6f32-4333-be53-3d3fe5cd46d5
[2026-04-17T12:03:59.745Z] [INFO] Triggering Automatic Stitch Project for Quiroderma...
[2026-04-17T12:04:01.970Z] [SUCCESS] Project generated and synced (DIRECT) for Quiroderma: /demo/43695212-dbfc-4950-b01b-df23137ada0e
[2026-04-17T12:04:01.970Z] [INFO] Triggering Automatic Stitch Project for La Perola | Restaurant...
[2026-04-17T12:04:04.185Z] [SUCCESS] Project generated and synced (DIRECT) for La Perola | Restaurant: /demo/2a0970f8-719b-42c7-837a-9533a20c4571
[2026-04-17T12:04:04.185Z] [INFO] Phase 4: Checking for Outreach candidates...
[2026-04-17T12:04:04.306Z] [INFO] Automating Outreach for Clínica Dental Adeslas...
[2026-04-17T12:04:04.448Z] [SUCCESS] Outreach successful for Clínica Dental Adeslas
[2026-04-17T12:04:04.592Z] [INFO] Automating Outreach for restaurante Principal Sant Antoni de Vilamajor...
[2026-04-17T12:04:04.804Z] [SUCCESS] Outreach successful for restaurante Principal Sant Antoni de Vilamajor
[2026-04-17T12:04:04.965Z] [INFO] Automating Outreach for Especialistas restaurante Sant Antoni de Vilamajor...
[2026-04-17T12:04:05.111Z] [SUCCESS] Outreach successful for Especialistas restaurante Sant Antoni de Vilamajor
[2026-04-17T12:04:05.254Z] [INFO] Automating Outreach for SC Project | Inmobiliaria en Sant Cugat...
[2026-04-17T12:04:05.393Z] [SUCCESS] Outreach successful for SC Project | Inmobiliaria en Sant Cugat
[2026-04-17T12:04:05.524Z] [INFO] Automating Outreach for clínica dental Principal Granollers...
[2026-04-17T12:04:05.661Z] [SUCCESS] Outreach successful for clínica dental Principal Granollers
[2026-04-17T12:04:06.067Z] [INFO] Cycle complete. Sleeping for 60s...
[2026-04-17T12:04:42.102Z] [INFO] Searching for NEW leads to audit...
[2026-04-17T12:04:42.261Z] [INFO] No new leads found for audit.
[2026-04-17T12:04:42.262Z] [INFO] Searching for candidates for Asset Generation...
[2026-04-17T12:04:42.381Z] [INFO] Phase 3: No candidates found for generation.
[2026-04-17T12:04:42.382Z] [INFO] Phase 4: Checking for Outreach candidates...
[2026-04-17T12:04:42.453Z] [INFO] Automating Outreach for Clínica Dental Adeslas...
[2026-04-17T12:04:42.454Z] [WARNING] Skipping outreach for Clínica Dental Adeslas: No corporate email discovered yet.
[2026-04-17T12:04:42.455Z] [INFO] Automating Outreach for restaurante Principal Sant Antoni de Vilamajor...
[2026-04-17T12:04:42.455Z] [WARNING] Skipping outreach for restaurante Principal Sant Antoni de Vilamajor: No corporate email discovered yet.
[2026-04-17T12:04:42.456Z] [INFO] Automating Outreach for Especialistas restaurante Sant Antoni de Vilamajor...
[2026-04-17T12:04:42.456Z] [WARNING] Skipping outreach for Especialistas restaurante Sant Antoni de Vilamajor: No corporate email discovered yet.
[2026-04-17T12:04:42.456Z] [INFO] Automating Outreach for SC Project | Inmobiliaria en Sant Cugat...
[2026-04-17T12:04:42.457Z] [WARNING] Skipping outreach for SC Project | Inmobiliaria en Sant Cugat: No corporate email discovered yet.
[2026-04-17T12:04:42.457Z] [INFO] Automating Outreach for clínica dental Principal Granollers...
[2026-04-17T12:04:42.458Z] [WARNING] Skipping outreach for clínica dental Principal Granollers: No corporate email discovered yet.
[2026-04-17T12:04:42.458Z] [INFO] Cycle complete. Sleeping for 60s...
[2026-04-17T12:05:06.079Z] [INFO] Searching for NEW leads to audit...
[2026-04-17T12:05:06.186Z] [INFO] No new leads found for audit.
[2026-04-17T12:05:06.187Z] [INFO] Searching for candidates for Asset Generation...
[2026-04-17T12:05:06.300Z] [INFO] Phase 3: No candidates found for generation.
[2026-04-17T12:05:06.302Z] [INFO] Phase 4: Checking for Outreach candidates...
[2026-04-17T12:05:06.373Z] [INFO] Automating Outreach for Clínica Dental Adeslas...
[2026-04-17T12:05:06.591Z] [SUCCESS] Outreach successful for Clínica Dental Adeslas
[2026-04-17T12:05:06.732Z] [INFO] Automating Outreach for restaurante Principal Sant Antoni de Vilamajor...
[2026-04-17T12:05:06.937Z] [SUCCESS] Outreach successful for restaurante Principal Sant Antoni de Vilamajor
[2026-04-17T12:05:07.102Z] [INFO] Automating Outreach for Especialistas restaurante Sant Antoni de Vilamajor...
[2026-04-17T12:05:07.244Z] [SUCCESS] Outreach successful for Especialistas restaurante Sant Antoni de Vilamajor
[2026-04-17T12:05:07.373Z] [INFO] Automating Outreach for SC Project | Inmobiliaria en Sant Cugat...
[2026-04-17T12:05:07.516Z] [SUCCESS] Outreach successful for SC Project | Inmobiliaria en Sant Cugat
[2026-04-17T12:05:07.651Z] [INFO] Automating Outreach for clínica dental Principal Granollers...
[2026-04-17T12:05:07.790Z] [SUCCESS] Outreach successful for clínica dental Principal Granollers
[2026-04-17T12:05:07.926Z] [INFO] Cycle complete. Sleeping for 60s...
[2026-04-17T12:05:42.464Z] [INFO] Searching for NEW leads to audit...
[2026-04-17T12:05:42.635Z] [INFO] No new leads found for audit.
[2026-04-17T12:05:42.636Z] [INFO] Searching for candidates for Asset Generation...
[2026-04-17T12:05:42.749Z] [INFO] Phase 3: No candidates found for generation.
[2026-04-17T12:05:42.749Z] [INFO] Phase 4: Checking for Outreach candidates...
[2026-04-17T12:05:42.816Z] [INFO] Automating Outreach for Clínica Dental Adeslas...
[2026-04-17T12:05:42.817Z] [WARNING] Skipping outreach for Clínica Dental Adeslas: No corporate email discovered yet.
[2026-04-17T12:05:42.818Z] [INFO] Automating Outreach for restaurante Principal Sant Antoni de Vilamajor...
[2026-04-17T12:05:42.818Z] [WARNING] Skipping outreach for restaurante Principal Sant Antoni de Vilamajor: No corporate email discovered yet.
[2026-04-17T12:05:42.819Z] [INFO] Automating Outreach for Especialistas restaurante Sant Antoni de Vilamajor...
[2026-04-17T12:05:42.819Z] [WARNING] Skipping outreach for Especialistas restaurante Sant Antoni de Vilamajor: No corporate email discovered yet.
[2026-04-17T12:05:42.820Z] [INFO] Automating Outreach for SC Project | Inmobiliaria en Sant Cugat...
[2026-04-17T12:05:42.820Z] [WARNING] Skipping outreach for SC Project | Inmobiliaria en Sant Cugat: No corporate email discovered yet.
[2026-04-17T12:05:42.821Z] [INFO] Automating Outreach for clínica dental Principal Granollers...
[2026-04-17T12:05:42.822Z] [WARNING] Skipping outreach for clínica dental Principal Granollers: No corporate email discovered yet.
[2026-04-17T12:05:42.822Z] [INFO] Cycle complete. Sleeping for 60s...
[2026-04-17T12:06:07.929Z] [INFO] Searching for NEW leads to audit...
[2026-04-17T12:06:08.038Z] [INFO] No new leads found for audit.
[2026-04-17T12:06:08.039Z] [INFO] Searching for candidates for Asset Generation...
[2026-04-17T12:06:08.155Z] [INFO] Phase 3: No candidates found for generation.
[2026-04-17T12:06:08.155Z] [INFO] Phase 4: Checking for Outreach candidates...
[2026-04-17T12:06:08.229Z] [INFO] Automating Outreach for Clínica Dental Adeslas...
[2026-04-17T12:06:08.443Z] [SUCCESS] Outreach successful for Clínica Dental Adeslas
[2026-04-17T12:06:08.585Z] [INFO] Automating Outreach for restaurante Principal Sant Antoni de Vilamajor...
[2026-04-17T12:06:08.802Z] [SUCCESS] Outreach successful for restaurante Principal Sant Antoni de Vilamajor
[2026-04-17T12:06:08.938Z] [INFO] Automating Outreach for Especialistas restaurante Sant Antoni de Vilamajor...
[2026-04-17T12:06:09.089Z] [SUCCESS] Outreach successful for Especialistas restaurante Sant Antoni de Vilamajor
[2026-04-17T12:06:09.226Z] [INFO] Automating Outreach for SC Project | Inmobiliaria en Sant Cugat...
[2026-04-17T12:06:09.356Z] [SUCCESS] Outreach successful for SC Project | Inmobiliaria en Sant Cugat
[2026-04-17T12:06:09.498Z] [INFO] Automating Outreach for clínica dental Principal Granollers...
[2026-04-17T12:06:09.651Z] [SUCCESS] Outreach successful for clínica dental Principal Granollers
[2026-04-17T12:06:09.786Z] [INFO] Cycle complete. Sleeping for 60s...
[2026-04-17T12:06:42.831Z] [INFO] Searching for NEW leads to audit...
[2026-04-17T12:06:42.961Z] [INFO] No new leads found for audit.
[2026-04-17T12:06:42.961Z] [INFO] Searching for candidates for Asset Generation...
[2026-04-17T12:06:43.065Z] [INFO] Phase 3: No candidates found for generation.
[2026-04-17T12:06:43.066Z] [INFO] Phase 4: Checking for Outreach candidates...
[2026-04-17T12:06:43.138Z] [INFO] Automating Outreach for Clínica Dental Adeslas...
[2026-04-17T12:06:43.139Z] [WARNING] Skipping outreach for Clínica Dental Adeslas: No corporate email discovered yet.
[2026-04-17T12:06:43.139Z] [INFO] Automating Outreach for restaurante Principal Sant Antoni de Vilamajor...
[2026-04-17T12:06:43.139Z] [WARNING] Skipping outreach for restaurante Principal Sant Antoni de Vilamajor: No corporate email discovered yet.
[2026-04-17T12:06:43.140Z] [INFO] Automating Outreach for Especialistas restaurante Sant Antoni de Vilamajor...
[2026-04-17T12:06:43.140Z] [WARNING] Skipping outreach for Especialistas restaurante Sant Antoni de Vilamajor: No corporate email discovered yet.
[2026-04-17T12:06:43.141Z] [INFO] Automating Outreach for SC Project | Inmobiliaria en Sant Cugat...
[2026-04-17T12:06:43.141Z] [WARNING] Skipping outreach for SC Project | Inmobiliaria en Sant Cugat: No corporate email discovered yet.
[2026-04-17T12:06:43.142Z] [INFO] Automating Outreach for clínica dental Principal Granollers...
[2026-04-17T12:06:43.142Z] [WARNING] Skipping outreach for clínica dental Principal Granollers: No corporate email discovered yet.
[2026-04-17T12:06:43.143Z] [INFO] Cycle complete. Sleeping for 60s...
[2026-04-17T12:07:09.797Z] [INFO] Searching for NEW leads to audit...
[2026-04-17T12:07:09.902Z] [INFO] No new leads found for audit.
[2026-04-17T12:07:09.903Z] [INFO] Searching for candidates for Asset Generation...
[2026-04-17T12:07:10.005Z] [INFO] Phase 3: No candidates found for generation.
[2026-04-17T12:07:10.006Z] [INFO] Phase 4: Checking for Outreach candidates...
[2026-04-17T12:07:10.072Z] [INFO] Automating Outreach for Clínica Dental Adeslas...
[2026-04-17T12:07:10.273Z] [SUCCESS] Outreach successful for Clínica Dental Adeslas
[2026-04-17T12:07:10.421Z] [INFO] Automating Outreach for restaurante Principal Sant Antoni de Vilamajor...
[2026-04-17T12:07:10.627Z] [SUCCESS] Outreach successful for restaurante Principal Sant Antoni de Vilamajor
[2026-04-17T12:07:10.769Z] [INFO] Automating Outreach for Especialistas restaurante Sant Antoni de Vilamajor...
[2026-04-17T12:07:10.919Z] [SUCCESS] Outreach successful for Especialistas restaurante Sant Antoni de Vilamajor
[2026-04-17T12:07:11.067Z] [INFO] Automating Outreach for SC Project | Inmobiliaria en Sant Cugat...
[2026-04-17T12:07:11.199Z] [SUCCESS] Outreach successful for SC Project | Inmobiliaria en Sant Cugat
[2026-04-17T12:07:11.334Z] [INFO] Automating Outreach for clínica dental Principal Granollers...
[2026-04-17T12:07:11.459Z] [SUCCESS] Outreach successful for clínica dental Principal Granollers
[2026-04-17T12:07:11.599Z] [INFO] Cycle complete. Sleeping for 60s...
[2026-04-17T12:07:43.144Z] [INFO] Searching for NEW leads to audit...
[2026-04-17T12:07:43.340Z] [INFO] No new leads found for audit.
[2026-04-17T12:07:43.341Z] [INFO] Searching for candidates for Asset Generation...
[2026-04-17T12:07:43.444Z] [INFO] Phase 3: No candidates found for generation.
[2026-04-17T12:07:43.445Z] [INFO] Phase 4: Checking for Outreach candidates...
[2026-04-17T12:07:43.524Z] [INFO] Automating Outreach for Clínica Dental Adeslas...
[2026-04-17T12:07:43.524Z] [WARNING] Skipping outreach for Clínica Dental Adeslas: No corporate email discovered yet.
[2026-04-17T12:07:43.525Z] [INFO] Automating Outreach for restaurante Principal Sant Antoni de Vilamajor...
[2026-04-17T12:07:43.525Z] [WARNING] Skipping outreach for restaurante Principal Sant Antoni de Vilamajor: No corporate email discovered yet.
[2026-04-17T12:07:43.526Z] [INFO] Automating Outreach for Especialistas restaurante Sant Antoni de Vilamajor...
[2026-04-17T12:07:43.526Z] [WARNING] Skipping outreach for Especialistas restaurante Sant Antoni de Vilamajor: No corporate email discovered yet.
[2026-04-17T12:07:43.526Z] [INFO] Automating Outreach for SC Project | Inmobiliaria en Sant Cugat...
[2026-04-17T12:07:43.527Z] [WARNING] Skipping outreach for SC Project | Inmobiliaria en Sant Cugat: No corporate email discovered yet.
[2026-04-17T12:07:43.527Z] [INFO] Automating Outreach for clínica dental Principal Granollers...
[2026-04-17T12:07:43.527Z] [WARNING] Skipping outreach for clínica dental Principal Granollers: No corporate email discovered yet.
[2026-04-17T12:07:43.528Z] [INFO] Cycle complete. Sleeping for 60s...
[2026-04-17T12:08:11.605Z] [INFO] Searching for NEW leads to audit...
[2026-04-17T12:08:11.717Z] [INFO] No new leads found for audit.
[2026-04-17T12:08:11.718Z] [INFO] Searching for candidates for Asset Generation...
[2026-04-17T12:08:11.827Z] [INFO] Phase 3: No candidates found for generation.
[2026-04-17T12:08:11.828Z] [INFO] Phase 4: Checking for Outreach candidates...
[2026-04-17T12:08:11.906Z] [INFO] Automating Outreach for Clínica Dental Adeslas...
[2026-04-17T12:08:12.158Z] [SUCCESS] Outreach successful for Clínica Dental Adeslas
[2026-04-17T12:08:12.310Z] [INFO] Automating Outreach for restaurante Principal Sant Antoni de Vilamajor...
[2026-04-17T12:08:12.520Z] [SUCCESS] Outreach successful for restaurante Principal Sant Antoni de Vilamajor
[2026-04-17T12:08:12.654Z] [INFO] Automating Outreach for Especialistas restaurante Sant Antoni de Vilamajor...
[2026-04-17T12:08:12.783Z] [SUCCESS] Outreach successful for Especialistas restaurante Sant Antoni de Vilamajor
[2026-04-17T12:08:12.923Z] [INFO] Automating Outreach for SC Project | Inmobiliaria en Sant Cugat...
[2026-04-17T12:08:13.058Z] [SUCCESS] Outreach successful for SC Project | Inmobiliaria en Sant Cugat
[2026-04-17T12:08:13.225Z] [INFO] Automating Outreach for clínica dental Principal Granollers...
[2026-04-17T12:08:13.380Z] [SUCCESS] Outreach successful for clínica dental Principal Granollers
[2026-04-17T12:08:13.516Z] [INFO] Cycle complete. Sleeping for 60s...
[2026-04-17T12:08:43.531Z] [INFO] Searching for NEW leads to audit...
[2026-04-17T12:08:43.686Z] [INFO] No new leads found for audit.
[2026-04-17T12:08:43.687Z] [INFO] Searching for candidates for Asset Generation...
[2026-04-17T12:08:43.793Z] [INFO] Phase 3: No candidates found for generation.
[2026-04-17T12:08:43.794Z] [INFO] Phase 4: Checking for Outreach candidates...
[2026-04-17T12:08:43.867Z] [INFO] Automating Outreach for Clínica Dental Adeslas...
[2026-04-17T12:08:43.868Z] [WARNING] Skipping outreach for Clínica Dental Adeslas: No corporate email discovered yet.
[2026-04-17T12:08:43.868Z] [INFO] Automating Outreach for restaurante Principal Sant Antoni de Vilamajor...
[2026-04-17T12:08:43.869Z] [WARNING] Skipping outreach for restaurante Principal Sant Antoni de Vilamajor: No corporate email discovered yet.
[2026-04-17T12:08:43.869Z] [INFO] Automating Outreach for Especialistas restaurante Sant Antoni de Vilamajor...
[2026-04-17T12:08:43.869Z] [WARNING] Skipping outreach for Especialistas restaurante Sant Antoni de Vilamajor: No corporate email discovered yet.
[2026-04-17T12:08:43.870Z] [INFO] Automating Outreach for SC Project | Inmobiliaria en Sant Cugat...
[2026-04-17T12:08:43.870Z] [WARNING] Skipping outreach for SC Project | Inmobiliaria en Sant Cugat: No corporate email discovered yet.
[2026-04-17T12:08:43.870Z] [INFO] Automating Outreach for clínica dental Principal Granollers...
[2026-04-17T12:08:43.871Z] [WARNING] Skipping outreach for clínica dental Principal Granollers: No corporate email discovered yet.
[2026-04-17T12:08:43.871Z] [INFO] Cycle complete. Sleeping for 60s...
[2026-04-17T12:09:13.527Z] [INFO] Searching for NEW leads to audit...
[2026-04-17T12:09:13.658Z] [INFO] No new leads found for audit.
[2026-04-17T12:09:13.659Z] [INFO] Searching for candidates for Asset Generation...
[2026-04-17T12:09:13.765Z] [INFO] Phase 3: No candidates found for generation.
[2026-04-17T12:09:13.766Z] [INFO] Phase 4: Checking for Outreach candidates...
[2026-04-17T12:09:13.839Z] [INFO] Automating Outreach for Clínica Dental Adeslas...
[2026-04-17T12:09:14.056Z] [SUCCESS] Outreach successful for Clínica Dental Adeslas
[2026-04-17T12:09:14.195Z] [INFO] Automating Outreach for restaurante Principal Sant Antoni de Vilamajor...
[2026-04-17T12:09:14.474Z] [SUCCESS] Outreach successful for restaurante Principal Sant Antoni de Vilamajor
[2026-04-17T12:09:14.612Z] [INFO] Automating Outreach for Especialistas restaurante Sant Antoni de Vilamajor...
[2026-04-17T12:09:14.761Z] [SUCCESS] Outreach successful for Especialistas restaurante Sant Antoni de Vilamajor
[2026-04-17T12:09:14.905Z] [INFO] Automating Outreach for SC Project | Inmobiliaria en Sant Cugat...
[2026-04-17T12:09:15.036Z] [SUCCESS] Outreach successful for SC Project | Inmobiliaria en Sant Cugat
[2026-04-17T12:09:15.172Z] [INFO] Automating Outreach for clínica dental Principal Granollers...
[2026-04-17T12:09:15.316Z] [SUCCESS] Outreach successful for clínica dental Principal Granollers
[2026-04-17T12:09:15.462Z] [INFO] Cycle complete. Sleeping for 60s...
[2026-04-17T12:09:43.880Z] [INFO] Searching for NEW leads to audit...
[2026-04-17T12:09:44.061Z] [INFO] No new leads found for audit.
[2026-04-17T12:09:44.062Z] [INFO] Searching for candidates for Asset Generation...
[2026-04-17T12:09:44.169Z] [INFO] Phase 3: No candidates found for generation.
[2026-04-17T12:09:44.170Z] [INFO] Phase 4: Checking for Outreach candidates...
[2026-04-17T12:09:44.236Z] [INFO] Automating Outreach for Clínica Dental Adeslas...
[2026-04-17T12:09:44.237Z] [WARNING] Skipping outreach for Clínica Dental Adeslas: No corporate email discovered yet.
[2026-04-17T12:09:44.237Z] [INFO] Automating Outreach for restaurante Principal Sant Antoni de Vilamajor...
[2026-04-17T12:09:44.237Z] [WARNING] Skipping outreach for restaurante Principal Sant Antoni de Vilamajor: No corporate email discovered yet.
[2026-04-17T12:09:44.238Z] [INFO] Automating Outreach for Especialistas restaurante Sant Antoni de Vilamajor...
[2026-04-17T12:09:44.239Z] [WARNING] Skipping outreach for Especialistas restaurante Sant Antoni de Vilamajor: No corporate email discovered yet.
[2026-04-17T12:09:44.239Z] [INFO] Automating Outreach for SC Project | Inmobiliaria en Sant Cugat...
[2026-04-17T12:09:44.239Z] [WARNING] Skipping outreach for SC Project | Inmobiliaria en Sant Cugat: No corporate email discovered yet.
[2026-04-17T12:09:44.240Z] [INFO] Automating Outreach for clínica dental Principal Granollers...
[2026-04-17T12:09:44.241Z] [WARNING] Skipping outreach for clínica dental Principal Granollers: No corporate email discovered yet.
[2026-04-17T12:09:44.241Z] [INFO] Cycle complete. Sleeping for 60s...
[2026-04-17T12:10:15.467Z] [INFO] Searching for NEW leads to audit...
[2026-04-17T12:10:15.585Z] [INFO] No new leads found for audit.
[2026-04-17T12:10:15.586Z] [INFO] Searching for candidates for Asset Generation...
[2026-04-17T12:10:15.808Z] [INFO] Phase 3: No candidates found for generation.
[2026-04-17T12:10:15.809Z] [INFO] Phase 4: Checking for Outreach candidates...
[2026-04-17T12:10:15.880Z] [INFO] Automating Outreach for Clínica Dental Adeslas...
[2026-04-17T12:10:16.117Z] [SUCCESS] Outreach successful for Clínica Dental Adeslas
[2026-04-17T12:10:16.268Z] [INFO] Automating Outreach for restaurante Principal Sant Antoni de Vilamajor...
[2026-04-17T12:10:16.471Z] [SUCCESS] Outreach successful for restaurante Principal Sant Antoni de Vilamajor
[2026-04-17T12:10:16.609Z] [INFO] Automating Outreach for Especialistas restaurante Sant Antoni de Vilamajor...
[2026-04-17T12:10:16.737Z] [SUCCESS] Outreach successful for Especialistas restaurante Sant Antoni de Vilamajor
[2026-04-17T12:10:16.867Z] [INFO] Automating Outreach for SC Project | Inmobiliaria en Sant Cugat...
[2026-04-17T12:10:17.001Z] [SUCCESS] Outreach successful for SC Project | Inmobiliaria en Sant Cugat
[2026-04-17T12:10:17.130Z] [INFO] Automating Outreach for clínica dental Principal Granollers...
[2026-04-17T12:10:17.258Z] [SUCCESS] Outreach successful for clínica dental Principal Granollers
[2026-04-17T12:10:17.389Z] [INFO] Cycle complete. Sleeping for 60s...
[2026-04-17T12:10:44.242Z] [INFO] Searching for NEW leads to audit...
[2026-04-17T12:10:44.370Z] [INFO] No new leads found for audit.
[2026-04-17T12:10:44.371Z] [INFO] Searching for candidates for Asset Generation...
[2026-04-17T12:10:44.499Z] [INFO] Phase 3: No candidates found for generation.
[2026-04-17T12:10:44.499Z] [INFO] Phase 4: Checking for Outreach candidates...
[2026-04-17T12:10:44.600Z] [INFO] Automating Outreach for Clínica Dental Adeslas...
[2026-04-17T12:10:44.600Z] [WARNING] Skipping outreach for Clínica Dental Adeslas: No corporate email discovered yet.
[2026-04-17T12:10:44.601Z] [INFO] Automating Outreach for restaurante Principal Sant Antoni de Vilamajor...
[2026-04-17T12:10:44.601Z] [WARNING] Skipping outreach for restaurante Principal Sant Antoni de Vilamajor: No corporate email discovered yet.
[2026-04-17T12:10:44.602Z] [INFO] Automating Outreach for Especialistas restaurante Sant Antoni de Vilamajor...
[2026-04-17T12:10:44.603Z] [WARNING] Skipping outreach for Especialistas restaurante Sant Antoni de Vilamajor: No corporate email discovered yet.
[2026-04-17T12:10:44.603Z] [INFO] Automating Outreach for SC Project | Inmobiliaria en Sant Cugat...
[2026-04-17T12:10:44.604Z] [WARNING] Skipping outreach for SC Project | Inmobiliaria en Sant Cugat: No corporate email discovered yet.
[2026-04-17T12:10:44.604Z] [INFO] Automating Outreach for clínica dental Principal Granollers...
[2026-04-17T12:10:44.604Z] [WARNING] Skipping outreach for clínica dental Principal Granollers: No corporate email discovered yet.
[2026-04-17T12:10:44.605Z] [INFO] Cycle complete. Sleeping for 60s...
[2026-04-17T12:11:17.401Z] [INFO] Searching for NEW leads to audit...
[2026-04-17T12:11:17.527Z] [INFO] No new leads found for audit.
[2026-04-17T12:11:17.528Z] [INFO] Searching for candidates for Asset Generation...
[2026-04-17T12:11:17.636Z] [INFO] Phase 3: No candidates found for generation.
[2026-04-17T12:11:17.637Z] [INFO] Phase 4: Checking for Outreach candidates...
[2026-04-17T12:11:17.717Z] [INFO] Automating Outreach for Clínica Dental Adeslas...
[2026-04-17T12:11:17.967Z] [SUCCESS] Outreach successful for Clínica Dental Adeslas
[2026-04-17T12:11:18.108Z] [INFO] Automating Outreach for restaurante Principal Sant Antoni de Vilamajor...
[2026-04-17T12:11:18.378Z] [SUCCESS] Outreach successful for restaurante Principal Sant Antoni de Vilamajor
[2026-04-17T12:11:18.519Z] [INFO] Automating Outreach for Especialistas restaurante Sant Antoni de Vilamajor...
[2026-04-17T12:11:18.682Z] [SUCCESS] Outreach successful for Especialistas restaurante Sant Antoni de Vilamajor
[2026-04-17T12:11:18.816Z] [INFO] Automating Outreach for SC Project | Inmobiliaria en Sant Cugat...
[2026-04-17T12:11:18.962Z] [SUCCESS] Outreach successful for SC Project | Inmobiliaria en Sant Cugat
[2026-04-17T12:11:19.099Z] [INFO] Automating Outreach for clínica dental Principal Granollers...
[2026-04-17T12:11:19.236Z] [SUCCESS] Outreach successful for clínica dental Principal Granollers
[2026-04-17T12:11:19.369Z] [INFO] Cycle complete. Sleeping for 60s...
[2026-04-17T12:11:44.611Z] [INFO] Searching for NEW leads to audit...
[2026-04-17T12:11:44.793Z] [INFO] No new leads found for audit.
[2026-04-17T12:11:44.793Z] [INFO] Searching for candidates for Asset Generation...
[2026-04-17T12:11:44.897Z] [INFO] Phase 3: No candidates found for generation.
[2026-04-17T12:11:44.898Z] [INFO] Phase 4: Checking for Outreach candidates...
[2026-04-17T12:11:44.980Z] [INFO] Automating Outreach for Clínica Dental Adeslas...
[2026-04-17T12:11:44.981Z] [WARNING] Skipping outreach for Clínica Dental Adeslas: No corporate email discovered yet.
[2026-04-17T12:11:44.981Z] [INFO] Automating Outreach for restaurante Principal Sant Antoni de Vilamajor...
[2026-04-17T12:11:44.982Z] [WARNING] Skipping outreach for restaurante Principal Sant Antoni de Vilamajor: No corporate email discovered yet.
[2026-04-17T12:11:44.982Z] [INFO] Automating Outreach for Especialistas restaurante Sant Antoni de Vilamajor...
[2026-04-17T12:11:44.982Z] [WARNING] Skipping outreach for Especialistas restaurante Sant Antoni de Vilamajor: No corporate email discovered yet.
[2026-04-17T12:11:44.983Z] [INFO] Automating Outreach for SC Project | Inmobiliaria en Sant Cugat...
[2026-04-17T12:11:44.983Z] [WARNING] Skipping outreach for SC Project | Inmobiliaria en Sant Cugat: No corporate email discovered yet.
[2026-04-17T12:11:44.984Z] [INFO] Automating Outreach for clínica dental Principal Granollers...
[2026-04-17T12:11:44.984Z] [WARNING] Skipping outreach for clínica dental Principal Granollers: No corporate email discovered yet.
[2026-04-17T12:11:44.984Z] [INFO] Cycle complete. Sleeping for 60s...
[2026-04-17T12:12:19.374Z] [INFO] Searching for NEW leads to audit...
[2026-04-17T12:12:19.494Z] [INFO] No new leads found for audit.
[2026-04-17T12:12:19.495Z] [INFO] Searching for candidates for Asset Generation...
[2026-04-17T12:12:19.607Z] [INFO] Phase 3: No candidates found for generation.
[2026-04-17T12:12:19.608Z] [INFO] Phase 4: Checking for Outreach candidates...
[2026-04-17T12:12:19.676Z] [INFO] Automating Outreach for Clínica Dental Adeslas...
[2026-04-17T12:12:19.892Z] [SUCCESS] Outreach successful for Clínica Dental Adeslas
[2026-04-17T12:12:20.028Z] [INFO] Automating Outreach for restaurante Principal Sant Antoni de Vilamajor...
[2026-04-17T12:12:20.240Z] [SUCCESS] Outreach successful for restaurante Principal Sant Antoni de Vilamajor
[2026-04-17T12:12:20.374Z] [INFO] Automating Outreach for Especialistas restaurante Sant Antoni de Vilamajor...
[2026-04-17T12:12:20.513Z] [SUCCESS] Outreach successful for Especialistas restaurante Sant Antoni de Vilamajor
[2026-04-17T12:12:20.646Z] [INFO] Automating Outreach for SC Project | Inmobiliaria en Sant Cugat...
[2026-04-17T12:12:20.774Z] [SUCCESS] Outreach successful for SC Project | Inmobiliaria en Sant Cugat
[2026-04-17T12:12:20.907Z] [INFO] Automating Outreach for clínica dental Principal Granollers...
[2026-04-17T12:12:21.035Z] [SUCCESS] Outreach successful for clínica dental Principal Granollers
[2026-04-17T12:12:21.171Z] [INFO] Cycle complete. Sleeping for 60s...
[2026-04-17T12:12:44.989Z] [INFO] Searching for NEW leads to audit...
[2026-04-17T12:12:45.095Z] [INFO] No new leads found for audit.
[2026-04-17T12:12:45.095Z] [INFO] Searching for candidates for Asset Generation...
[2026-04-17T12:12:45.208Z] [INFO] Phase 3: No candidates found for generation.
[2026-04-17T12:12:45.209Z] [INFO] Phase 4: Checking for Outreach candidates...
[2026-04-17T12:12:45.276Z] [INFO] Automating Outreach for Clínica Dental Adeslas...
[2026-04-17T12:12:45.277Z] [WARNING] Skipping outreach for Clínica Dental Adeslas: No corporate email discovered yet.
[2026-04-17T12:12:45.277Z] [INFO] Automating Outreach for restaurante Principal Sant Antoni de Vilamajor...
[2026-04-17T12:12:45.278Z] [WARNING] Skipping outreach for restaurante Principal Sant Antoni de Vilamajor: No corporate email discovered yet.
[2026-04-17T12:12:45.278Z] [INFO] Automating Outreach for Especialistas restaurante Sant Antoni de Vilamajor...
[2026-04-17T12:12:45.278Z] [WARNING] Skipping outreach for Especialistas restaurante Sant Antoni de Vilamajor: No corporate email discovered yet.
[2026-04-17T12:12:45.279Z] [INFO] Automating Outreach for SC Project | Inmobiliaria en Sant Cugat...
[2026-04-17T12:12:45.279Z] [WARNING] Skipping outreach for SC Project | Inmobiliaria en Sant Cugat: No corporate email discovered yet.
[2026-04-17T12:12:45.279Z] [INFO] Automating Outreach for clínica dental Principal Granollers...
[2026-04-17T12:12:45.280Z] [WARNING] Skipping outreach for clínica dental Principal Granollers: No corporate email discovered yet.
[2026-04-17T12:12:45.280Z] [INFO] Cycle complete. Sleeping for 60s...
[2026-04-17T12:13:21.183Z] [INFO] Searching for NEW leads to audit...
[2026-04-17T12:13:21.305Z] [INFO] No new leads found for audit.
[2026-04-17T12:13:21.306Z] [INFO] Searching for candidates for Asset Generation...
[2026-04-17T12:13:21.415Z] [INFO] Phase 3: No candidates found for generation.
[2026-04-17T12:13:21.416Z] [INFO] Phase 4: Checking for Outreach candidates...
[2026-04-17T12:13:21.484Z] [INFO] Automating Outreach for Clínica Dental Adeslas...
[2026-04-17T12:13:21.770Z] [SUCCESS] Outreach successful for Clínica Dental Adeslas
[2026-04-17T12:13:21.914Z] [INFO] Automating Outreach for restaurante Principal Sant Antoni de Vilamajor...
[2026-04-17T12:13:22.130Z] [SUCCESS] Outreach successful for restaurante Principal Sant Antoni de Vilamajor
[2026-04-17T12:13:22.264Z] [INFO] Automating Outreach for Especialistas restaurante Sant Antoni de Vilamajor...
[2026-04-17T12:13:22.398Z] [SUCCESS] Outreach successful for Especialistas restaurante Sant Antoni de Vilamajor
[2026-04-17T12:13:22.532Z] [INFO] Automating Outreach for SC Project | Inmobiliaria en Sant Cugat...
[2026-04-17T12:13:22.678Z] [SUCCESS] Outreach successful for SC Project | Inmobiliaria en Sant Cugat
[2026-04-17T12:13:22.810Z] [INFO] Automating Outreach for clínica dental Principal Granollers...
[2026-04-17T12:13:22.939Z] [SUCCESS] Outreach successful for clínica dental Principal Granollers
[2026-04-17T12:13:23.076Z] [INFO] Cycle complete. Sleeping for 60s...
[2026-04-17T12:13:45.294Z] [INFO] Searching for NEW leads to audit...
[2026-04-17T12:13:45.465Z] [INFO] No new leads found for audit.
[2026-04-17T12:13:45.465Z] [INFO] Searching for candidates for Asset Generation...
[2026-04-17T12:13:45.570Z] [INFO] Phase 3: No candidates found for generation.
[2026-04-17T12:13:45.571Z] [INFO] Phase 4: Checking for Outreach candidates...
[2026-04-17T12:13:45.643Z] [INFO] Automating Outreach for Clínica Dental Adeslas...
[2026-04-17T12:13:45.644Z] [WARNING] Skipping outreach for Clínica Dental Adeslas: No corporate email discovered yet.
[2026-04-17T12:13:45.644Z] [INFO] Automating Outreach for restaurante Principal Sant Antoni de Vilamajor...
[2026-04-17T12:13:45.644Z] [WARNING] Skipping outreach for restaurante Principal Sant Antoni de Vilamajor: No corporate email discovered yet.
[2026-04-17T12:13:45.644Z] [INFO] Automating Outreach for Especialistas restaurante Sant Antoni de Vilamajor...
[2026-04-17T12:13:45.645Z] [WARNING] Skipping outreach for Especialistas restaurante Sant Antoni de Vilamajor: No corporate email discovered yet.
[2026-04-17T12:13:45.645Z] [INFO] Automating Outreach for SC Project | Inmobiliaria en Sant Cugat...
[2026-04-17T12:13:45.645Z] [WARNING] Skipping outreach for SC Project | Inmobiliaria en Sant Cugat: No corporate email discovered yet.
[2026-04-17T12:13:45.646Z] [INFO] Automating Outreach for clínica dental Principal Granollers...
[2026-04-17T12:13:45.646Z] [WARNING] Skipping outreach for clínica dental Principal Granollers: No corporate email discovered yet.
[2026-04-17T12:13:45.646Z] [INFO] Cycle complete. Sleeping for 60s...
[2026-04-17T12:14:23.088Z] [INFO] Searching for NEW leads to audit...
[2026-04-17T12:14:23.212Z] [INFO] No new leads found for audit.
[2026-04-17T12:14:23.213Z] [INFO] Searching for candidates for Asset Generation...
[2026-04-17T12:14:23.317Z] [INFO] Phase 3: No candidates found for generation.
[2026-04-17T12:14:23.318Z] [INFO] Phase 4: Checking for Outreach candidates...
[2026-04-17T12:14:23.381Z] [INFO] Automating Outreach for Clínica Dental Adeslas...
[2026-04-17T12:14:23.611Z] [SUCCESS] Outreach successful for Clínica Dental Adeslas
[2026-04-17T12:14:23.759Z] [INFO] Automating Outreach for restaurante Principal Sant Antoni de Vilamajor...
[2026-04-17T12:14:23.980Z] [SUCCESS] Outreach successful for restaurante Principal Sant Antoni de Vilamajor
[2026-04-17T12:14:24.123Z] [INFO] Automating Outreach for Especialistas restaurante Sant Antoni de Vilamajor...
[2026-04-17T12:14:24.255Z] [SUCCESS] Outreach successful for Especialistas restaurante Sant Antoni de Vilamajor
[2026-04-17T12:14:24.394Z] [INFO] Automating Outreach for SC Project | Inmobiliaria en Sant Cugat...
[2026-04-17T12:14:24.520Z] [SUCCESS] Outreach successful for SC Project | Inmobiliaria en Sant Cugat
[2026-04-17T12:14:24.656Z] [INFO] Automating Outreach for clínica dental Principal Granollers...
[2026-04-17T12:14:24.804Z] [SUCCESS] Outreach successful for clínica dental Principal Granollers
[2026-04-17T12:14:24.936Z] [INFO] Cycle complete. Sleeping for 60s...
[2026-04-17T12:14:45.650Z] [INFO] Searching for NEW leads to audit...
[2026-04-17T12:14:45.781Z] [INFO] No new leads found for audit.
[2026-04-17T12:14:45.782Z] [INFO] Searching for candidates for Asset Generation...
[2026-04-17T12:14:45.888Z] [INFO] Phase 3: No candidates found for generation.
[2026-04-17T12:14:45.889Z] [INFO] Phase 4: Checking for Outreach candidates...
[2026-04-17T12:14:45.977Z] [INFO] Automating Outreach for Clínica Dental Adeslas...
[2026-04-17T12:14:45.978Z] [WARNING] Skipping outreach for Clínica Dental Adeslas: No corporate email discovered yet.
[2026-04-17T12:14:45.978Z] [INFO] Automating Outreach for restaurante Principal Sant Antoni de Vilamajor...
[2026-04-17T12:14:45.979Z] [WARNING] Skipping outreach for restaurante Principal Sant Antoni de Vilamajor: No corporate email discovered yet.
[2026-04-17T12:14:45.979Z] [INFO] Automating Outreach for Especialistas restaurante Sant Antoni de Vilamajor...
[2026-04-17T12:14:45.980Z] [WARNING] Skipping outreach for Especialistas restaurante Sant Antoni de Vilamajor: No corporate email discovered yet.
[2026-04-17T12:14:45.981Z] [INFO] Automating Outreach for SC Project | Inmobiliaria en Sant Cugat...
[2026-04-17T12:14:45.981Z] [WARNING] Skipping outreach for SC Project | Inmobiliaria en Sant Cugat: No corporate email discovered yet.
[2026-04-17T12:14:45.982Z] [INFO] Automating Outreach for clínica dental Principal Granollers...
[2026-04-17T12:14:45.982Z] [WARNING] Skipping outreach for clínica dental Principal Granollers: No corporate email discovered yet.
[2026-04-17T12:14:45.983Z] [INFO] Cycle complete. Sleeping for 60s...
[2026-04-17T12:15:24.946Z] [INFO] Searching for NEW leads to audit...
[2026-04-17T12:15:25.285Z] [INFO] No new leads found for audit.
[2026-04-17T12:15:25.285Z] [INFO] Searching for candidates for Asset Generation...
[2026-04-17T12:15:25.401Z] [INFO] Phase 3: No candidates found for generation.
[2026-04-17T12:15:25.401Z] [INFO] Phase 4: Checking for Outreach candidates...
[2026-04-17T12:15:25.477Z] [INFO] Automating Outreach for Clínica Dental Adeslas...
[2026-04-17T12:15:25.679Z] [SUCCESS] Outreach successful for Clínica Dental Adeslas
[2026-04-17T12:15:25.828Z] [INFO] Automating Outreach for restaurante Principal Sant Antoni de Vilamajor...
[2026-04-17T12:15:26.025Z] [SUCCESS] Outreach successful for restaurante Principal Sant Antoni de Vilamajor
[2026-04-17T12:15:26.160Z] [INFO] Automating Outreach for Especialistas restaurante Sant Antoni de Vilamajor...
[2026-04-17T12:15:26.293Z] [SUCCESS] Outreach successful for Especialistas restaurante Sant Antoni de Vilamajor
[2026-04-17T12:15:26.425Z] [INFO] Automating Outreach for SC Project | Inmobiliaria en Sant Cugat...
[2026-04-17T12:15:26.554Z] [SUCCESS] Outreach successful for SC Project | Inmobiliaria en Sant Cugat
[2026-04-17T12:15:26.685Z] [INFO] Automating Outreach for clínica dental Principal Granollers...
[2026-04-17T12:15:26.824Z] [SUCCESS] Outreach successful for clínica dental Principal Granollers
[2026-04-17T12:15:26.967Z] [INFO] Cycle complete. Sleeping for 60s...
[2026-04-17T12:15:45.991Z] [INFO] Searching for NEW leads to audit...
[2026-04-17T12:15:46.153Z] [INFO] No new leads found for audit.
[2026-04-17T12:15:46.153Z] [INFO] Searching for candidates for Asset Generation...
[2026-04-17T12:15:46.259Z] [INFO] Phase 3: No candidates found for generation.
[2026-04-17T12:15:46.259Z] [INFO] Phase 4: Checking for Outreach candidates...
[2026-04-17T12:15:46.325Z] [INFO] Automating Outreach for Clínica Dental Adeslas...
[2026-04-17T12:15:46.326Z] [WARNING] Skipping outreach for Clínica Dental Adeslas: No corporate email discovered yet.
[2026-04-17T12:15:46.326Z] [INFO] Automating Outreach for restaurante Principal Sant Antoni de Vilamajor...
[2026-04-17T12:15:46.327Z] [WARNING] Skipping outreach for restaurante Principal Sant Antoni de Vilamajor: No corporate email discovered yet.
[2026-04-17T12:15:46.327Z] [INFO] Automating Outreach for Especialistas restaurante Sant Antoni de Vilamajor...
[2026-04-17T12:15:46.327Z] [WARNING] Skipping outreach for Especialistas restaurante Sant Antoni de Vilamajor: No corporate email discovered yet.
[2026-04-17T12:15:46.328Z] [INFO] Automating Outreach for SC Project | Inmobiliaria en Sant Cugat...
[2026-04-17T12:15:46.328Z] [WARNING] Skipping outreach for SC Project | Inmobiliaria en Sant Cugat: No corporate email discovered yet.
[2026-04-17T12:15:46.329Z] [INFO] Automating Outreach for clínica dental Principal Granollers...
[2026-04-17T12:15:46.329Z] [WARNING] Skipping outreach for clínica dental Principal Granollers: No corporate email discovered yet.
[2026-04-17T12:15:46.330Z] [INFO] Cycle complete. Sleeping for 60s...
[2026-04-17T12:16:26.969Z] [INFO] Searching for NEW leads to audit...
[2026-04-17T12:16:27.102Z] [INFO] No new leads found for audit.
[2026-04-17T12:16:27.102Z] [INFO] Searching for candidates for Asset Generation...
[2026-04-17T12:16:27.204Z] [INFO] Phase 3: No candidates found for generation.
[2026-04-17T12:16:27.205Z] [INFO] Phase 4: Checking for Outreach candidates...
[2026-04-17T12:16:27.272Z] [INFO] Automating Outreach for Clínica Dental Adeslas...
[2026-04-17T12:16:27.488Z] [SUCCESS] Outreach successful for Clínica Dental Adeslas
[2026-04-17T12:16:27.634Z] [INFO] Automating Outreach for restaurante Principal Sant Antoni de Vilamajor...
[2026-04-17T12:16:27.828Z] [SUCCESS] Outreach successful for restaurante Principal Sant Antoni de Vilamajor
[2026-04-17T12:16:27.962Z] [INFO] Automating Outreach for Especialistas restaurante Sant Antoni de Vilamajor...
[2026-04-17T12:16:28.088Z] [SUCCESS] Outreach successful for Especialistas restaurante Sant Antoni de Vilamajor
[2026-04-17T12:16:28.230Z] [INFO] Automating Outreach for SC Project | Inmobiliaria en Sant Cugat...
[2026-04-17T12:16:28.370Z] [SUCCESS] Outreach successful for SC Project | Inmobiliaria en Sant Cugat
[2026-04-17T12:16:28.509Z] [INFO] Automating Outreach for clínica dental Principal Granollers...
[2026-04-17T12:16:28.640Z] [SUCCESS] Outreach successful for clínica dental Principal Granollers
[2026-04-17T12:16:28.778Z] [INFO] Cycle complete. Sleeping for 60s...
[2026-04-17T12:16:46.342Z] [INFO] Searching for NEW leads to audit...
[2026-04-17T12:16:46.463Z] [INFO] No new leads found for audit.
[2026-04-17T12:16:46.464Z] [INFO] Searching for candidates for Asset Generation...
[2026-04-17T12:16:46.565Z] [INFO] Phase 3: No candidates found for generation.
[2026-04-17T12:16:46.566Z] [INFO] Phase 4: Checking for Outreach candidates...
[2026-04-17T12:16:46.642Z] [INFO] Automating Outreach for Clínica Dental Adeslas...
[2026-04-17T12:16:46.643Z] [WARNING] Skipping outreach for Clínica Dental Adeslas: No corporate email discovered yet.
[2026-04-17T12:16:46.643Z] [INFO] Automating Outreach for restaurante Principal Sant Antoni de Vilamajor...
[2026-04-17T12:16:46.643Z] [WARNING] Skipping outreach for restaurante Principal Sant Antoni de Vilamajor: No corporate email discovered yet.
[2026-04-17T12:16:46.644Z] [INFO] Automating Outreach for Especialistas restaurante Sant Antoni de Vilamajor...
[2026-04-17T12:16:46.644Z] [WARNING] Skipping outreach for Especialistas restaurante Sant Antoni de Vilamajor: No corporate email discovered yet.
[2026-04-17T12:16:46.644Z] [INFO] Automating Outreach for SC Project | Inmobiliaria en Sant Cugat...
[2026-04-17T12:16:46.645Z] [WARNING] Skipping outreach for SC Project | Inmobiliaria en Sant Cugat: No corporate email discovered yet.
[2026-04-17T12:16:46.645Z] [INFO] Automating Outreach for clínica dental Principal Granollers...
[2026-04-17T12:16:46.646Z] [WARNING] Skipping outreach for clínica dental Principal Granollers: No corporate email discovered yet.
[2026-04-17T12:16:46.646Z] [INFO] Cycle complete. Sleeping for 60s...
[2026-04-17T12:17:28.787Z] [INFO] Searching for NEW leads to audit...
[2026-04-17T12:17:28.909Z] [INFO] No new leads found for audit.
[2026-04-17T12:17:28.910Z] [INFO] Searching for candidates for Asset Generation...
[2026-04-17T12:17:29.019Z] [INFO] Phase 3: No candidates found for generation.
[2026-04-17T12:17:29.020Z] [INFO] Phase 4: Checking for Outreach candidates...
[2026-04-17T12:17:29.094Z] [INFO] Automating Outreach for Clínica Dental Adeslas...
[2026-04-17T12:17:29.317Z] [SUCCESS] Outreach successful for Clínica Dental Adeslas
[2026-04-17T12:17:29.519Z] [INFO] Automating Outreach for restaurante Principal Sant Antoni de Vilamajor...
[2026-04-17T12:17:29.725Z] [SUCCESS] Outreach successful for restaurante Principal Sant Antoni de Vilamajor
[2026-04-17T12:17:29.866Z] [INFO] Automating Outreach for Especialistas restaurante Sant Antoni de Vilamajor...
[2026-04-17T12:17:29.997Z] [SUCCESS] Outreach successful for Especialistas restaurante Sant Antoni de Vilamajor
[2026-04-17T12:17:30.144Z] [INFO] Automating Outreach for SC Project | Inmobiliaria en Sant Cugat...
[2026-04-17T12:17:30.279Z] [SUCCESS] Outreach successful for SC Project | Inmobiliaria en Sant Cugat
[2026-04-17T12:17:30.411Z] [INFO] Automating Outreach for clínica dental Principal Granollers...
[2026-04-17T12:17:30.541Z] [SUCCESS] Outreach successful for clínica dental Principal Granollers
[2026-04-17T12:17:30.669Z] [INFO] Cycle complete. Sleeping for 60s...
[2026-04-17T12:17:46.660Z] [INFO] Searching for NEW leads to audit...
[2026-04-17T12:17:46.780Z] [INFO] No new leads found for audit.
[2026-04-17T12:17:46.781Z] [INFO] Searching for candidates for Asset Generation...
[2026-04-17T12:17:46.918Z] [INFO] Phase 3: No candidates found for generation.
[2026-04-17T12:17:46.918Z] [INFO] Phase 4: Checking for Outreach candidates...
[2026-04-17T12:17:46.988Z] [INFO] Automating Outreach for Clínica Dental Adeslas...
[2026-04-17T12:17:46.988Z] [WARNING] Skipping outreach for Clínica Dental Adeslas: No corporate email discovered yet.
[2026-04-17T12:17:46.989Z] [INFO] Automating Outreach for restaurante Principal Sant Antoni de Vilamajor...
[2026-04-17T12:17:46.989Z] [WARNING] Skipping outreach for restaurante Principal Sant Antoni de Vilamajor: No corporate email discovered yet.
[2026-04-17T12:17:46.989Z] [INFO] Automating Outreach for Especialistas restaurante Sant Antoni de Vilamajor...
[2026-04-17T12:17:46.990Z] [WARNING] Skipping outreach for Especialistas restaurante Sant Antoni de Vilamajor: No corporate email discovered yet.
[2026-04-17T12:17:46.990Z] [INFO] Automating Outreach for SC Project | Inmobiliaria en Sant Cugat...
[2026-04-17T12:17:46.991Z] [WARNING] Skipping outreach for SC Project | Inmobiliaria en Sant Cugat: No corporate email discovered yet.
[2026-04-17T12:17:46.991Z] [INFO] Automating Outreach for clínica dental Principal Granollers...
[2026-04-17T12:17:46.991Z] [WARNING] Skipping outreach for clínica dental Principal Granollers: No corporate email discovered yet.
[2026-04-17T12:17:46.992Z] [INFO] Cycle complete. Sleeping for 60s...
[2026-04-17T12:18:30.672Z] [INFO] Searching for NEW leads to audit...
[2026-04-17T12:18:30.798Z] [INFO] No new leads found for audit.
[2026-04-17T12:18:30.798Z] [INFO] Searching for candidates for Asset Generation...
[2026-04-17T12:18:30.908Z] [INFO] Phase 3: No candidates found for generation.
[2026-04-17T12:18:30.909Z] [INFO] Phase 4: Checking for Outreach candidates...
[2026-04-17T12:18:30.978Z] [INFO] Automating Outreach for Clínica Dental Adeslas...
[2026-04-17T12:18:31.225Z] [SUCCESS] Outreach successful for Clínica Dental Adeslas
[2026-04-17T12:18:31.366Z] [INFO] Automating Outreach for restaurante Principal Sant Antoni de Vilamajor...
[2026-04-17T12:18:31.565Z] [SUCCESS] Outreach successful for restaurante Principal Sant Antoni de Vilamajor
[2026-04-17T12:18:31.716Z] [INFO] Automating Outreach for Especialistas restaurante Sant Antoni de Vilamajor...
[2026-04-17T12:18:31.845Z] [SUCCESS] Outreach successful for Especialistas restaurante Sant Antoni de Vilamajor
[2026-04-17T12:18:31.981Z] [INFO] Automating Outreach for SC Project | Inmobiliaria en Sant Cugat...
[2026-04-17T12:18:32.126Z] [SUCCESS] Outreach successful for SC Project | Inmobiliaria en Sant Cugat
[2026-04-17T12:18:32.269Z] [INFO] Automating Outreach for clínica dental Principal Granollers...
[2026-04-17T12:18:32.405Z] [SUCCESS] Outreach successful for clínica dental Principal Granollers
[2026-04-17T12:18:32.545Z] [INFO] Cycle complete. Sleeping for 60s...
[2026-04-17T12:18:47.003Z] [INFO] Searching for NEW leads to audit...
[2026-04-17T12:18:47.139Z] [INFO] No new leads found for audit.
[2026-04-17T12:18:47.140Z] [INFO] Searching for candidates for Asset Generation...
[2026-04-17T12:18:47.245Z] [INFO] Phase 3: No candidates found for generation.
[2026-04-17T12:18:47.245Z] [INFO] Phase 4: Checking for Outreach candidates...
[2026-04-17T12:18:47.317Z] [INFO] Automating Outreach for Clínica Dental Adeslas...
[2026-04-17T12:18:47.317Z] [WARNING] Skipping outreach for Clínica Dental Adeslas: No corporate email discovered yet.
[2026-04-17T12:18:47.317Z] [INFO] Automating Outreach for restaurante Principal Sant Antoni de Vilamajor...
[2026-04-17T12:18:47.318Z] [WARNING] Skipping outreach for restaurante Principal Sant Antoni de Vilamajor: No corporate email discovered yet.
[2026-04-17T12:18:47.318Z] [INFO] Automating Outreach for Especialistas restaurante Sant Antoni de Vilamajor...
[2026-04-17T12:18:47.318Z] [WARNING] Skipping outreach for Especialistas restaurante Sant Antoni de Vilamajor: No corporate email discovered yet.
[2026-04-17T12:18:47.319Z] [INFO] Automating Outreach for SC Project | Inmobiliaria en Sant Cugat...
[2026-04-17T12:18:47.319Z] [WARNING] Skipping outreach for SC Project | Inmobiliaria en Sant Cugat: No corporate email discovered yet.
[2026-04-17T12:18:47.319Z] [INFO] Automating Outreach for clínica dental Principal Granollers...
[2026-04-17T12:18:47.319Z] [WARNING] Skipping outreach for clínica dental Principal Granollers: No corporate email discovered yet.
[2026-04-17T12:18:47.320Z] [INFO] Cycle complete. Sleeping for 60s...
[2026-04-17T12:19:32.549Z] [INFO] Searching for NEW leads to audit...
[2026-04-17T12:19:32.743Z] [INFO] No new leads found for audit.
[2026-04-17T12:19:32.744Z] [INFO] Searching for candidates for Asset Generation...
[2026-04-17T12:19:32.846Z] [INFO] Phase 3: No candidates found for generation.
[2026-04-17T12:19:32.846Z] [INFO] Phase 4: Checking for Outreach candidates...
[2026-04-17T12:19:32.920Z] [INFO] Automating Outreach for Clínica Dental Adeslas...
[2026-04-17T12:19:33.133Z] [SUCCESS] Outreach successful for Clínica Dental Adeslas
[2026-04-17T12:19:33.278Z] [INFO] Automating Outreach for restaurante Principal Sant Antoni de Vilamajor...
[2026-04-17T12:19:33.491Z] [SUCCESS] Outreach successful for restaurante Principal Sant Antoni de Vilamajor
[2026-04-17T12:19:33.619Z] [INFO] Automating Outreach for Especialistas restaurante Sant Antoni de Vilamajor...
[2026-04-17T12:19:33.755Z] [SUCCESS] Outreach successful for Especialistas restaurante Sant Antoni de Vilamajor
[2026-04-17T12:19:33.889Z] [INFO] Automating Outreach for SC Project | Inmobiliaria en Sant Cugat...
[2026-04-17T12:19:34.021Z] [SUCCESS] Outreach successful for SC Project | Inmobiliaria en Sant Cugat
[2026-04-17T12:19:34.157Z] [INFO] Automating Outreach for clínica dental Principal Granollers...
[2026-04-17T12:19:34.292Z] [SUCCESS] Outreach successful for clínica dental Principal Granollers
[2026-04-17T12:19:34.422Z] [INFO] Cycle complete. Sleeping for 60s...
[2026-04-17T12:19:47.322Z] [INFO] Searching for NEW leads to audit...
[2026-04-17T12:19:47.451Z] [INFO] No new leads found for audit.
[2026-04-17T12:19:47.452Z] [INFO] Searching for candidates for Asset Generation...
[2026-04-17T12:19:47.552Z] [INFO] Phase 3: No candidates found for generation.
[2026-04-17T12:19:47.553Z] [INFO] Phase 4: Checking for Outreach candidates...
[2026-04-17T12:19:47.617Z] [INFO] Automating Outreach for Clínica Dental Adeslas...
[2026-04-17T12:19:47.617Z] [WARNING] Skipping outreach for Clínica Dental Adeslas: No corporate email discovered yet.
[2026-04-17T12:19:47.618Z] [INFO] Automating Outreach for restaurante Principal Sant Antoni de Vilamajor...
[2026-04-17T12:19:47.618Z] [WARNING] Skipping outreach for restaurante Principal Sant Antoni de Vilamajor: No corporate email discovered yet.
[2026-04-17T12:19:47.618Z] [INFO] Automating Outreach for Especialistas restaurante Sant Antoni de Vilamajor...
[2026-04-17T12:19:47.619Z] [WARNING] Skipping outreach for Especialistas restaurante Sant Antoni de Vilamajor: No corporate email discovered yet.
[2026-04-17T12:19:47.619Z] [INFO] Automating Outreach for SC Project | Inmobiliaria en Sant Cugat...
[2026-04-17T12:19:47.619Z] [WARNING] Skipping outreach for SC Project | Inmobiliaria en Sant Cugat: No corporate email discovered yet.
[2026-04-17T12:19:47.620Z] [INFO] Automating Outreach for clínica dental Principal Granollers...
[2026-04-17T12:19:47.620Z] [WARNING] Skipping outreach for clínica dental Principal Granollers: No corporate email discovered yet.
[2026-04-17T12:19:47.620Z] [INFO] Cycle complete. Sleeping for 60s...
[2026-04-17T12:20:34.425Z] [INFO] Searching for NEW leads to audit...
[2026-04-17T12:20:34.548Z] [INFO] No new leads found for audit.
[2026-04-17T12:20:34.548Z] [INFO] Searching for candidates for Asset Generation...
[2026-04-17T12:20:34.666Z] [INFO] Phase 3: No candidates found for generation.
[2026-04-17T12:20:34.666Z] [INFO] Phase 4: Checking for Outreach candidates...
[2026-04-17T12:20:34.732Z] [INFO] Automating Outreach for Clínica Dental Adeslas...
[2026-04-17T12:20:34.941Z] [SUCCESS] Outreach successful for Clínica Dental Adeslas
[2026-04-17T12:20:35.086Z] [INFO] Automating Outreach for restaurante Principal Sant Antoni de Vilamajor...
[2026-04-17T12:20:35.281Z] [SUCCESS] Outreach successful for restaurante Principal Sant Antoni de Vilamajor
[2026-04-17T12:20:35.421Z] [INFO] Automating Outreach for Especialistas restaurante Sant Antoni de Vilamajor...
[2026-04-17T12:20:35.578Z] [SUCCESS] Outreach successful for Especialistas restaurante Sant Antoni de Vilamajor
[2026-04-17T12:20:35.737Z] [INFO] Automating Outreach for SC Project | Inmobiliaria en Sant Cugat...
[2026-04-17T12:20:35.865Z] [SUCCESS] Outreach successful for SC Project | Inmobiliaria en Sant Cugat
[2026-04-17T12:20:36.000Z] [INFO] Automating Outreach for clínica dental Principal Granollers...
[2026-04-17T12:20:36.133Z] [SUCCESS] Outreach successful for clínica dental Principal Granollers
[2026-04-17T12:20:36.266Z] [INFO] Cycle complete. Sleeping for 60s...
[2026-04-17T12:20:47.624Z] [INFO] Searching for NEW leads to audit...
[2026-04-17T12:20:47.754Z] [INFO] No new leads found for audit.
[2026-04-17T12:20:47.755Z] [INFO] Searching for candidates for Asset Generation...
[2026-04-17T12:20:47.861Z] [INFO] Phase 3: No candidates found for generation.
[2026-04-17T12:20:47.862Z] [INFO] Phase 4: Checking for Outreach candidates...
[2026-04-17T12:20:47.952Z] [INFO] Automating Outreach for Clínica Dental Adeslas...
[2026-04-17T12:20:47.953Z] [WARNING] Skipping outreach for Clínica Dental Adeslas: No corporate email discovered yet.
[2026-04-17T12:20:47.953Z] [INFO] Automating Outreach for restaurante Principal Sant Antoni de Vilamajor...
[2026-04-17T12:20:47.953Z] [WARNING] Skipping outreach for restaurante Principal Sant Antoni de Vilamajor: No corporate email discovered yet.
[2026-04-17T12:20:47.954Z] [INFO] Automating Outreach for Especialistas restaurante Sant Antoni de Vilamajor...
[2026-04-17T12:20:47.954Z] [WARNING] Skipping outreach for Especialistas restaurante Sant Antoni de Vilamajor: No corporate email discovered yet.
[2026-04-17T12:20:47.954Z] [INFO] Automating Outreach for SC Project | Inmobiliaria en Sant Cugat...
[2026-04-17T12:20:47.955Z] [WARNING] Skipping outreach for SC Project | Inmobiliaria en Sant Cugat: No corporate email discovered yet.
[2026-04-17T12:20:47.955Z] [INFO] Automating Outreach for clínica dental Principal Granollers...
[2026-04-17T12:20:47.955Z] [WARNING] Skipping outreach for clínica dental Principal Granollers: No corporate email discovered yet.
[2026-04-17T12:20:47.956Z] [INFO] Cycle complete. Sleeping for 60s...
[2026-04-17T12:21:36.276Z] [INFO] Searching for NEW leads to audit...
[2026-04-17T12:21:36.455Z] [INFO] No new leads found for audit.
[2026-04-17T12:21:36.456Z] [INFO] Searching for candidates for Asset Generation...
[2026-04-17T12:21:36.581Z] [INFO] Phase 3: No candidates found for generation.
[2026-04-17T12:21:36.582Z] [INFO] Phase 4: Checking for Outreach candidates...
[2026-04-17T12:21:36.650Z] [INFO] Automating Outreach for Clínica Dental Adeslas...
[2026-04-17T12:21:36.866Z] [SUCCESS] Outreach successful for Clínica Dental Adeslas
[2026-04-17T12:21:37.010Z] [INFO] Automating Outreach for restaurante Principal Sant Antoni de Vilamajor...
[2026-04-17T12:21:37.207Z] [SUCCESS] Outreach successful for restaurante Principal Sant Antoni de Vilamajor
[2026-04-17T12:21:37.434Z] [INFO] Automating Outreach for Especialistas restaurante Sant Antoni de Vilamajor...
[2026-04-17T12:21:37.564Z] [SUCCESS] Outreach successful for Especialistas restaurante Sant Antoni de Vilamajor
[2026-04-17T12:21:37.695Z] [INFO] Automating Outreach for SC Project | Inmobiliaria en Sant Cugat...
[2026-04-17T12:21:37.826Z] [SUCCESS] Outreach successful for SC Project | Inmobiliaria en Sant Cugat
[2026-04-17T12:21:37.956Z] [INFO] Automating Outreach for clínica dental Principal Granollers...
[2026-04-17T12:21:38.097Z] [SUCCESS] Outreach successful for clínica dental Principal Granollers
[2026-04-17T12:21:38.231Z] [INFO] Cycle complete. Sleeping for 60s...
[2026-04-17T12:21:47.971Z] [INFO] Searching for NEW leads to audit...
[2026-04-17T12:21:48.084Z] [INFO] No new leads found for audit.
[2026-04-17T12:21:48.084Z] [INFO] Searching for candidates for Asset Generation...
[2026-04-17T12:21:48.196Z] [INFO] Phase 3: No candidates found for generation.
[2026-04-17T12:21:48.196Z] [INFO] Phase 4: Checking for Outreach candidates...
[2026-04-17T12:21:48.271Z] [INFO] Automating Outreach for Clínica Dental Adeslas...
[2026-04-17T12:21:48.271Z] [WARNING] Skipping outreach for Clínica Dental Adeslas: No corporate email discovered yet.
[2026-04-17T12:21:48.272Z] [INFO] Automating Outreach for restaurante Principal Sant Antoni de Vilamajor...
[2026-04-17T12:21:48.272Z] [WARNING] Skipping outreach for restaurante Principal Sant Antoni de Vilamajor: No corporate email discovered yet.
[2026-04-17T12:21:48.272Z] [INFO] Automating Outreach for Especialistas restaurante Sant Antoni de Vilamajor...
[2026-04-17T12:21:48.273Z] [WARNING] Skipping outreach for Especialistas restaurante Sant Antoni de Vilamajor: No corporate email discovered yet.
[2026-04-17T12:21:48.273Z] [INFO] Automating Outreach for SC Project | Inmobiliaria en Sant Cugat...
[2026-04-17T12:21:48.273Z] [WARNING] Skipping outreach for SC Project | Inmobiliaria en Sant Cugat: No corporate email discovered yet.
[2026-04-17T12:21:48.274Z] [INFO] Automating Outreach for clínica dental Principal Granollers...
[2026-04-17T12:21:48.274Z] [WARNING] Skipping outreach for clínica dental Principal Granollers: No corporate email discovered yet.
[2026-04-17T12:21:48.274Z] [INFO] Cycle complete. Sleeping for 60s...
[2026-04-17T12:22:38.234Z] [INFO] Searching for NEW leads to audit...
[2026-04-17T12:22:38.565Z] [INFO] No new leads found for audit.
[2026-04-17T12:22:38.565Z] [INFO] Searching for candidates for Asset Generation...
[2026-04-17T12:22:38.666Z] [INFO] Phase 3: No candidates found for generation.
[2026-04-17T12:22:38.667Z] [INFO] Phase 4: Checking for Outreach candidates...
[2026-04-17T12:22:38.742Z] [INFO] Automating Outreach for Clínica Dental Adeslas...
[2026-04-17T12:22:38.961Z] [SUCCESS] Outreach successful for Clínica Dental Adeslas
[2026-04-17T12:22:39.117Z] [INFO] Automating Outreach for restaurante Principal Sant Antoni de Vilamajor...
[2026-04-17T12:22:39.326Z] [SUCCESS] Outreach successful for restaurante Principal Sant Antoni de Vilamajor
[2026-04-17T12:22:39.460Z] [INFO] Automating Outreach for Especialistas restaurante Sant Antoni de Vilamajor...
[2026-04-17T12:22:39.593Z] [SUCCESS] Outreach successful for Especialistas restaurante Sant Antoni de Vilamajor
[2026-04-17T12:22:39.797Z] [INFO] Automating Outreach for SC Project | Inmobiliaria en Sant Cugat...
[2026-04-17T12:22:39.937Z] [SUCCESS] Outreach successful for SC Project | Inmobiliaria en Sant Cugat
[2026-04-17T12:22:40.070Z] [INFO] Automating Outreach for clínica dental Principal Granollers...
[2026-04-17T12:22:40.208Z] [SUCCESS] Outreach successful for clínica dental Principal Granollers
[2026-04-17T12:22:40.344Z] [INFO] Cycle complete. Sleeping for 60s...
[2026-04-17T12:22:48.291Z] [INFO] Searching for NEW leads to audit...
[2026-04-17T12:22:48.405Z] [INFO] No new leads found for audit.
[2026-04-17T12:22:48.406Z] [INFO] Searching for candidates for Asset Generation...
[2026-04-17T12:22:48.584Z] [INFO] Phase 3: No candidates found for generation.
[2026-04-17T12:22:48.584Z] [INFO] Phase 4: Checking for Outreach candidates...
[2026-04-17T12:22:48.651Z] [INFO] Automating Outreach for Clínica Dental Adeslas...
[2026-04-17T12:22:48.652Z] [WARNING] Skipping outreach for Clínica Dental Adeslas: No corporate email discovered yet.
[2026-04-17T12:22:48.652Z] [INFO] Automating Outreach for restaurante Principal Sant Antoni de Vilamajor...
[2026-04-17T12:22:48.652Z] [WARNING] Skipping outreach for restaurante Principal Sant Antoni de Vilamajor: No corporate email discovered yet.
[2026-04-17T12:22:48.653Z] [INFO] Automating Outreach for Especialistas restaurante Sant Antoni de Vilamajor...
[2026-04-17T12:22:48.653Z] [WARNING] Skipping outreach for Especialistas restaurante Sant Antoni de Vilamajor: No corporate email discovered yet.
[2026-04-17T12:22:48.653Z] [INFO] Automating Outreach for SC Project | Inmobiliaria en Sant Cugat...
[2026-04-17T12:22:48.654Z] [WARNING] Skipping outreach for SC Project | Inmobiliaria en Sant Cugat: No corporate email discovered yet.
[2026-04-17T12:22:48.654Z] [INFO] Automating Outreach for clínica dental Principal Granollers...
[2026-04-17T12:22:48.654Z] [WARNING] Skipping outreach for clínica dental Principal Granollers: No corporate email discovered yet.
[2026-04-17T12:22:48.655Z] [INFO] Cycle complete. Sleeping for 60s...
[2026-04-17T12:23:40.347Z] [INFO] Searching for NEW leads to audit...
[2026-04-17T12:23:40.514Z] [INFO] No new leads found for audit.
[2026-04-17T12:23:40.514Z] [INFO] Searching for candidates for Asset Generation...
[2026-04-17T12:23:40.624Z] [INFO] Phase 3: No candidates found for generation.
[2026-04-17T12:23:40.624Z] [INFO] Phase 4: Checking for Outreach candidates...
[2026-04-17T12:23:40.696Z] [INFO] Automating Outreach for Clínica Dental Adeslas...
[2026-04-17T12:23:40.955Z] [SUCCESS] Outreach successful for Clínica Dental Adeslas
[2026-04-17T12:23:41.088Z] [INFO] Automating Outreach for restaurante Principal Sant Antoni de Vilamajor...
[2026-04-17T12:23:41.295Z] [SUCCESS] Outreach successful for restaurante Principal Sant Antoni de Vilamajor
[2026-04-17T12:23:41.429Z] [INFO] Automating Outreach for Especialistas restaurante Sant Antoni de Vilamajor...
[2026-04-17T12:23:41.566Z] [SUCCESS] Outreach successful for Especialistas restaurante Sant Antoni de Vilamajor
[2026-04-17T12:23:41.704Z] [INFO] Automating Outreach for SC Project | Inmobiliaria en Sant Cugat...
[2026-04-17T12:23:41.837Z] [SUCCESS] Outreach successful for SC Project | Inmobiliaria en Sant Cugat
[2026-04-17T12:23:41.968Z] [INFO] Automating Outreach for clínica dental Principal Granollers...
[2026-04-17T12:23:42.107Z] [SUCCESS] Outreach successful for clínica dental Principal Granollers
[2026-04-17T12:23:42.269Z] [INFO] Cycle complete. Sleeping for 60s...
[2026-04-17T12:23:48.655Z] [INFO] Searching for NEW leads to audit...
[2026-04-17T12:23:48.761Z] [INFO] No new leads found for audit.
[2026-04-17T12:23:48.762Z] [INFO] Searching for candidates for Asset Generation...
[2026-04-17T12:23:48.875Z] [INFO] Phase 3: No candidates found for generation.
[2026-04-17T12:23:48.876Z] [INFO] Phase 4: Checking for Outreach candidates...
[2026-04-17T12:23:48.951Z] [INFO] Automating Outreach for Clínica Dental Adeslas...
[2026-04-17T12:23:48.952Z] [WARNING] Skipping outreach for Clínica Dental Adeslas: No corporate email discovered yet.
[2026-04-17T12:23:48.952Z] [INFO] Automating Outreach for restaurante Principal Sant Antoni de Vilamajor...
[2026-04-17T12:23:48.952Z] [WARNING] Skipping outreach for restaurante Principal Sant Antoni de Vilamajor: No corporate email discovered yet.
[2026-04-17T12:23:48.953Z] [INFO] Automating Outreach for Especialistas restaurante Sant Antoni de Vilamajor...
[2026-04-17T12:23:48.953Z] [WARNING] Skipping outreach for Especialistas restaurante Sant Antoni de Vilamajor: No corporate email discovered yet.
[2026-04-17T12:23:48.953Z] [INFO] Automating Outreach for SC Project | Inmobiliaria en Sant Cugat...
[2026-04-17T12:23:48.954Z] [WARNING] Skipping outreach for SC Project | Inmobiliaria en Sant Cugat: No corporate email discovered yet.
[2026-04-17T12:23:48.954Z] [INFO] Automating Outreach for clínica dental Principal Granollers...
[2026-04-17T12:23:48.954Z] [WARNING] Skipping outreach for clínica dental Principal Granollers: No corporate email discovered yet.
[2026-04-17T12:23:48.955Z] [INFO] Cycle complete. Sleeping for 60s...
[2026-04-17T12:24:42.279Z] [INFO] Searching for NEW leads to audit...
[2026-04-17T12:24:42.404Z] [INFO] No new leads found for audit.
[2026-04-17T12:24:42.404Z] [INFO] Searching for candidates for Asset Generation...
[2026-04-17T12:24:42.506Z] [INFO] Phase 3: No candidates found for generation.
[2026-04-17T12:24:42.507Z] [INFO] Phase 4: Checking for Outreach candidates...
[2026-04-17T12:24:42.579Z] [INFO] Automating Outreach for Clínica Dental Adeslas...
[2026-04-17T12:24:42.779Z] [SUCCESS] Outreach successful for Clínica Dental Adeslas
[2026-04-17T12:24:42.925Z] [INFO] Automating Outreach for restaurante Principal Sant Antoni de Vilamajor...
[2026-04-17T12:24:43.131Z] [SUCCESS] Outreach successful for restaurante Principal Sant Antoni de Vilamajor
[2026-04-17T12:24:43.264Z] [INFO] Automating Outreach for Especialistas restaurante Sant Antoni de Vilamajor...
[2026-04-17T12:24:43.395Z] [SUCCESS] Outreach successful for Especialistas restaurante Sant Antoni de Vilamajor
[2026-04-17T12:24:43.527Z] [INFO] Automating Outreach for SC Project | Inmobiliaria en Sant Cugat...
[2026-04-17T12:24:43.671Z] [SUCCESS] Outreach successful for SC Project | Inmobiliaria en Sant Cugat
[2026-04-17T12:24:43.814Z] [INFO] Automating Outreach for clínica dental Principal Granollers...
[2026-04-17T12:24:43.944Z] [SUCCESS] Outreach successful for clínica dental Principal Granollers
[2026-04-17T12:24:44.069Z] [INFO] Cycle complete. Sleeping for 60s...
[2026-04-17T12:24:48.956Z] [INFO] Searching for NEW leads to audit...
[2026-04-17T12:24:49.118Z] [INFO] No new leads found for audit.
[2026-04-17T12:24:49.119Z] [INFO] Searching for candidates for Asset Generation...
[2026-04-17T12:24:49.225Z] [INFO] Phase 3: No candidates found for generation.
[2026-04-17T12:24:49.225Z] [INFO] Phase 4: Checking for Outreach candidates...
[2026-04-17T12:24:49.303Z] [INFO] Automating Outreach for Clínica Dental Adeslas...
[2026-04-17T12:24:49.304Z] [WARNING] Skipping outreach for Clínica Dental Adeslas: No corporate email discovered yet.
[2026-04-17T12:24:49.304Z] [INFO] Automating Outreach for restaurante Principal Sant Antoni de Vilamajor...
[2026-04-17T12:24:49.305Z] [WARNING] Skipping outreach for restaurante Principal Sant Antoni de Vilamajor: No corporate email discovered yet.
[2026-04-17T12:24:49.305Z] [INFO] Automating Outreach for Especialistas restaurante Sant Antoni de Vilamajor...
[2026-04-17T12:24:49.305Z] [WARNING] Skipping outreach for Especialistas restaurante Sant Antoni de Vilamajor: No corporate email discovered yet.
[2026-04-17T12:24:49.306Z] [INFO] Automating Outreach for SC Project | Inmobiliaria en Sant Cugat...
[2026-04-17T12:24:49.306Z] [WARNING] Skipping outreach for SC Project | Inmobiliaria en Sant Cugat: No corporate email discovered yet.
[2026-04-17T12:24:49.306Z] [INFO] Automating Outreach for clínica dental Principal Granollers...
[2026-04-17T12:24:49.307Z] [WARNING] Skipping outreach for clínica dental Principal Granollers: No corporate email discovered yet.
[2026-04-17T12:24:49.307Z] [INFO] Cycle complete. Sleeping for 60s...
[2026-04-17T12:25:44.077Z] [INFO] Searching for NEW leads to audit...
[2026-04-17T12:25:44.239Z] [INFO] No new leads found for audit.
[2026-04-17T12:25:44.239Z] [INFO] Searching for candidates for Asset Generation...
[2026-04-17T12:25:44.357Z] [INFO] Phase 3: No candidates found for generation.
[2026-04-17T12:25:44.358Z] [INFO] Phase 4: Checking for Outreach candidates...
[2026-04-17T12:25:44.425Z] [INFO] Automating Outreach for Clínica Dental Adeslas...
[2026-04-17T12:25:44.646Z] [SUCCESS] Outreach successful for Clínica Dental Adeslas
[2026-04-17T12:25:44.789Z] [INFO] Automating Outreach for restaurante Principal Sant Antoni de Vilamajor...
[2026-04-17T12:25:44.986Z] [SUCCESS] Outreach successful for restaurante Principal Sant Antoni de Vilamajor
[2026-04-17T12:25:45.120Z] [INFO] Automating Outreach for Especialistas restaurante Sant Antoni de Vilamajor...
[2026-04-17T12:25:45.264Z] [SUCCESS] Outreach successful for Especialistas restaurante Sant Antoni de Vilamajor
[2026-04-17T12:25:45.404Z] [INFO] Automating Outreach for SC Project | Inmobiliaria en Sant Cugat...
[2026-04-17T12:25:45.562Z] [SUCCESS] Outreach successful for SC Project | Inmobiliaria en Sant Cugat
[2026-04-17T12:25:45.711Z] [INFO] Automating Outreach for clínica dental Principal Granollers...
[2026-04-17T12:25:45.842Z] [SUCCESS] Outreach successful for clínica dental Principal Granollers
[2026-04-17T12:25:45.973Z] [INFO] Cycle complete. Sleeping for 60s...
[2026-04-17T12:25:49.317Z] [INFO] Searching for NEW leads to audit...
[2026-04-17T12:25:49.434Z] [INFO] No new leads found for audit.
[2026-04-17T12:25:49.434Z] [INFO] Searching for candidates for Asset Generation...
[2026-04-17T12:25:49.541Z] [INFO] Phase 3: No candidates found for generation.
[2026-04-17T12:25:49.542Z] [INFO] Phase 4: Checking for Outreach candidates...
[2026-04-17T12:25:49.613Z] [INFO] Automating Outreach for Clínica Dental Adeslas...
[2026-04-17T12:25:49.613Z] [WARNING] Skipping outreach for Clínica Dental Adeslas: No corporate email discovered yet.
[2026-04-17T12:25:49.614Z] [INFO] Automating Outreach for restaurante Principal Sant Antoni de Vilamajor...
[2026-04-17T12:25:49.614Z] [WARNING] Skipping outreach for restaurante Principal Sant Antoni de Vilamajor: No corporate email discovered yet.
[2026-04-17T12:25:49.614Z] [INFO] Automating Outreach for Especialistas restaurante Sant Antoni de Vilamajor...
[2026-04-17T12:25:49.615Z] [WARNING] Skipping outreach for Especialistas restaurante Sant Antoni de Vilamajor: No corporate email discovered yet.
[2026-04-17T12:25:49.615Z] [INFO] Automating Outreach for SC Project | Inmobiliaria en Sant Cugat...
[2026-04-17T12:25:49.616Z] [WARNING] Skipping outreach for SC Project | Inmobiliaria en Sant Cugat: No corporate email discovered yet.
[2026-04-17T12:25:49.616Z] [INFO] Automating Outreach for clínica dental Principal Granollers...
[2026-04-17T12:25:49.616Z] [WARNING] Skipping outreach for clínica dental Principal Granollers: No corporate email discovered yet.
[2026-04-17T12:25:49.616Z] [INFO] Cycle complete. Sleeping for 60s...
[2026-04-17T12:26:45.980Z] [INFO] Searching for NEW leads to audit...
[2026-04-17T12:26:46.113Z] [INFO] No new leads found for audit.
[2026-04-17T12:26:46.114Z] [INFO] Searching for candidates for Asset Generation...
[2026-04-17T12:26:46.217Z] [INFO] Phase 3: No candidates found for generation.
[2026-04-17T12:26:46.218Z] [INFO] Phase 4: Checking for Outreach candidates...
[2026-04-17T12:26:46.298Z] [INFO] Automating Outreach for Clínica Dental Adeslas...
[2026-04-17T12:26:46.515Z] [SUCCESS] Outreach successful for Clínica Dental Adeslas
[2026-04-17T12:26:46.673Z] [INFO] Automating Outreach for restaurante Principal Sant Antoni de Vilamajor...
[2026-04-17T12:26:46.876Z] [SUCCESS] Outreach successful for restaurante Principal Sant Antoni de Vilamajor
[2026-04-17T12:26:47.021Z] [INFO] Automating Outreach for Especialistas restaurante Sant Antoni de Vilamajor...
[2026-04-17T12:26:47.160Z] [SUCCESS] Outreach successful for Especialistas restaurante Sant Antoni de Vilamajor
[2026-04-17T12:26:47.322Z] [INFO] Automating Outreach for SC Project | Inmobiliaria en Sant Cugat...
[2026-04-17T12:26:47.471Z] [SUCCESS] Outreach successful for SC Project | Inmobiliaria en Sant Cugat
[2026-04-17T12:26:47.604Z] [INFO] Automating Outreach for clínica dental Principal Granollers...
[2026-04-17T12:26:47.739Z] [SUCCESS] Outreach successful for clínica dental Principal Granollers
[2026-04-17T12:26:47.879Z] [INFO] Cycle complete. Sleeping for 60s...
[2026-04-17T12:26:49.620Z] [INFO] Searching for NEW leads to audit...
[2026-04-17T12:26:49.731Z] [INFO] No new leads found for audit.
[2026-04-17T12:26:49.732Z] [INFO] Searching for candidates for Asset Generation...
[2026-04-17T12:26:49.850Z] [INFO] Phase 3: No candidates found for generation.
[2026-04-17T12:26:49.850Z] [INFO] Phase 4: Checking for Outreach candidates...
[2026-04-17T12:26:49.933Z] [INFO] Automating Outreach for Clínica Dental Adeslas...
[2026-04-17T12:26:49.934Z] [WARNING] Skipping outreach for Clínica Dental Adeslas: No corporate email discovered yet.
[2026-04-17T12:26:49.934Z] [INFO] Automating Outreach for restaurante Principal Sant Antoni de Vilamajor...
[2026-04-17T12:26:49.935Z] [WARNING] Skipping outreach for restaurante Principal Sant Antoni de Vilamajor: No corporate email discovered yet.
[2026-04-17T12:26:49.935Z] [INFO] Automating Outreach for Especialistas restaurante Sant Antoni de Vilamajor...
[2026-04-17T12:26:49.935Z] [WARNING] Skipping outreach for Especialistas restaurante Sant Antoni de Vilamajor: No corporate email discovered yet.
[2026-04-17T12:26:49.936Z] [INFO] Automating Outreach for SC Project | Inmobiliaria en Sant Cugat...
[2026-04-17T12:26:49.936Z] [WARNING] Skipping outreach for SC Project | Inmobiliaria en Sant Cugat: No corporate email discovered yet.
[2026-04-17T12:26:49.937Z] [INFO] Automating Outreach for clínica dental Principal Granollers...
[2026-04-17T12:26:49.937Z] [WARNING] Skipping outreach for clínica dental Principal Granollers: No corporate email discovered yet.
[2026-04-17T12:26:49.937Z] [INFO] Cycle complete. Sleeping for 60s...
[2026-04-17T12:27:47.880Z] [INFO] Searching for NEW leads to audit...
[2026-04-17T12:27:48.047Z] [INFO] No new leads found for audit.
[2026-04-17T12:27:48.048Z] [INFO] Searching for candidates for Asset Generation...
[2026-04-17T12:27:48.154Z] [INFO] Phase 3: No candidates found for generation.
[2026-04-17T12:27:48.154Z] [INFO] Phase 4: Checking for Outreach candidates...
[2026-04-17T12:27:48.223Z] [INFO] Automating Outreach for Clínica Dental Adeslas...
[2026-04-17T12:27:48.432Z] [SUCCESS] Outreach successful for Clínica Dental Adeslas
[2026-04-17T12:27:48.576Z] [INFO] Automating Outreach for restaurante Principal Sant Antoni de Vilamajor...
[2026-04-17T12:27:48.787Z] [SUCCESS] Outreach successful for restaurante Principal Sant Antoni de Vilamajor
[2026-04-17T12:27:48.923Z] [INFO] Automating Outreach for Especialistas restaurante Sant Antoni de Vilamajor...
[2026-04-17T12:27:49.065Z] [SUCCESS] Outreach successful for Especialistas restaurante Sant Antoni de Vilamajor
[2026-04-17T12:27:49.242Z] [INFO] Automating Outreach for SC Project | Inmobiliaria en Sant Cugat...
[2026-04-17T12:27:49.381Z] [SUCCESS] Outreach successful for SC Project | Inmobiliaria en Sant Cugat
[2026-04-17T12:27:49.516Z] [INFO] Automating Outreach for clínica dental Principal Granollers...
[2026-04-17T12:27:49.650Z] [SUCCESS] Outreach successful for clínica dental Principal Granollers
[2026-04-17T12:27:49.793Z] [INFO] Cycle complete. Sleeping for 60s...
[2026-04-17T12:27:49.939Z] [INFO] Searching for NEW leads to audit...
[2026-04-17T12:27:50.046Z] [INFO] No new leads found for audit.
[2026-04-17T12:27:50.047Z] [INFO] Searching for candidates for Asset Generation...
[2026-04-17T12:27:50.158Z] [INFO] Phase 3: No candidates found for generation.
[2026-04-17T12:27:50.159Z] [INFO] Phase 4: Checking for Outreach candidates...
[2026-04-17T12:27:50.232Z] [INFO] Automating Outreach for Clínica Dental Adeslas...
[2026-04-17T12:27:50.233Z] [WARNING] Skipping outreach for Clínica Dental Adeslas: No corporate email discovered yet.
[2026-04-17T12:27:50.233Z] [INFO] Automating Outreach for restaurante Principal Sant Antoni de Vilamajor...
[2026-04-17T12:27:50.233Z] [WARNING] Skipping outreach for restaurante Principal Sant Antoni de Vilamajor: No corporate email discovered yet.
[2026-04-17T12:27:50.234Z] [INFO] Automating Outreach for Especialistas restaurante Sant Antoni de Vilamajor...
[2026-04-17T12:27:50.234Z] [WARNING] Skipping outreach for Especialistas restaurante Sant Antoni de Vilamajor: No corporate email discovered yet.
[2026-04-17T12:27:50.235Z] [INFO] Automating Outreach for SC Project | Inmobiliaria en Sant Cugat...
[2026-04-17T12:27:50.235Z] [WARNING] Skipping outreach for SC Project | Inmobiliaria en Sant Cugat: No corporate email discovered yet.
[2026-04-17T12:27:50.235Z] [INFO] Automating Outreach for clínica dental Principal Granollers...
[2026-04-17T12:27:50.236Z] [WARNING] Skipping outreach for clínica dental Principal Granollers: No corporate email discovered yet.
[2026-04-17T12:27:50.236Z] [INFO] Cycle complete. Sleeping for 60s...
[2026-04-17T12:28:49.801Z] [INFO] Searching for NEW leads to audit...
[2026-04-17T12:28:49.935Z] [INFO] No new leads found for audit.
[2026-04-17T12:28:49.935Z] [INFO] Searching for candidates for Asset Generation...
[2026-04-17T12:28:50.037Z] [INFO] Phase 3: No candidates found for generation.
[2026-04-17T12:28:50.037Z] [INFO] Phase 4: Checking for Outreach candidates...
[2026-04-17T12:28:50.126Z] [INFO] Automating Outreach for Clínica Dental Adeslas...
[2026-04-17T12:28:50.238Z] [INFO] Searching for NEW leads to audit...
[2026-04-17T12:28:50.371Z] [SUCCESS] Outreach successful for Clínica Dental Adeslas
[2026-04-17T12:28:50.380Z] [INFO] No new leads found for audit.
[2026-04-17T12:28:50.380Z] [INFO] Searching for candidates for Asset Generation...
[2026-04-17T12:28:50.484Z] [INFO] Phase 3: No candidates found for generation.
[2026-04-17T12:28:50.484Z] [INFO] Phase 4: Checking for Outreach candidates...
[2026-04-17T12:28:50.532Z] [INFO] Automating Outreach for restaurante Principal Sant Antoni de Vilamajor...
[2026-04-17T12:28:50.574Z] [INFO] Automating Outreach for Clínica Dental Adeslas...
[2026-04-17T12:28:50.575Z] [WARNING] Skipping outreach for Clínica Dental Adeslas: No corporate email discovered yet.
[2026-04-17T12:28:50.575Z] [INFO] Automating Outreach for restaurante Principal Sant Antoni de Vilamajor...
[2026-04-17T12:28:50.576Z] [WARNING] Skipping outreach for restaurante Principal Sant Antoni de Vilamajor: No corporate email discovered yet.
[2026-04-17T12:28:50.576Z] [INFO] Automating Outreach for Especialistas restaurante Sant Antoni de Vilamajor...
[2026-04-17T12:28:50.576Z] [WARNING] Skipping outreach for Especialistas restaurante Sant Antoni de Vilamajor: No corporate email discovered yet.
[2026-04-17T12:28:50.577Z] [INFO] Automating Outreach for SC Project | Inmobiliaria en Sant Cugat...
[2026-04-17T12:28:50.577Z] [WARNING] Skipping outreach for SC Project | Inmobiliaria en Sant Cugat: No corporate email discovered yet.
[2026-04-17T12:28:50.577Z] [INFO] Automating Outreach for clínica dental Principal Granollers...
[2026-04-17T12:28:50.578Z] [WARNING] Skipping outreach for clínica dental Principal Granollers: No corporate email discovered yet.
[2026-04-17T12:28:50.578Z] [INFO] Cycle complete. Sleeping for 60s...
[2026-04-17T12:28:50.756Z] [SUCCESS] Outreach successful for restaurante Principal Sant Antoni de Vilamajor
[2026-04-17T12:28:50.952Z] [INFO] Automating Outreach for Especialistas restaurante Sant Antoni de Vilamajor...
[2026-04-17T12:28:51.087Z] [SUCCESS] Outreach successful for Especialistas restaurante Sant Antoni de Vilamajor
[2026-04-17T12:28:51.220Z] [INFO] Automating Outreach for SC Project | Inmobiliaria en Sant Cugat...
[2026-04-17T12:28:51.353Z] [SUCCESS] Outreach successful for SC Project | Inmobiliaria en Sant Cugat
[2026-04-17T12:28:51.513Z] [INFO] Automating Outreach for clínica dental Principal Granollers...
[2026-04-17T12:28:51.656Z] [SUCCESS] Outreach successful for clínica dental Principal Granollers
[2026-04-17T12:28:51.787Z] [INFO] Cycle complete. Sleeping for 60s...
[2026-04-17T12:29:50.585Z] [INFO] Searching for NEW leads to audit...
[2026-04-17T12:29:50.774Z] [INFO] No new leads found for audit.
[2026-04-17T12:29:50.775Z] [INFO] Searching for candidates for Asset Generation...
[2026-04-17T12:29:50.875Z] [INFO] Phase 3: No candidates found for generation.
[2026-04-17T12:29:50.875Z] [INFO] Phase 4: Checking for Outreach candidates...
[2026-04-17T12:29:50.938Z] [INFO] Automating Outreach for Clínica Dental Adeslas...
[2026-04-17T12:29:50.939Z] [WARNING] Skipping outreach for Clínica Dental Adeslas: No corporate email discovered yet.
[2026-04-17T12:29:50.939Z] [INFO] Automating Outreach for restaurante Principal Sant Antoni de Vilamajor...
[2026-04-17T12:29:50.940Z] [WARNING] Skipping outreach for restaurante Principal Sant Antoni de Vilamajor: No corporate email discovered yet.
[2026-04-17T12:29:50.940Z] [INFO] Automating Outreach for Especialistas restaurante Sant Antoni de Vilamajor...
[2026-04-17T12:29:50.940Z] [WARNING] Skipping outreach for Especialistas restaurante Sant Antoni de Vilamajor: No corporate email discovered yet.
[2026-04-17T12:29:50.941Z] [INFO] Automating Outreach for SC Project | Inmobiliaria en Sant Cugat...
[2026-04-17T12:29:50.941Z] [WARNING] Skipping outreach for SC Project | Inmobiliaria en Sant Cugat: No corporate email discovered yet.
[2026-04-17T12:29:50.941Z] [INFO] Automating Outreach for clínica dental Principal Granollers...
[2026-04-17T12:29:50.942Z] [WARNING] Skipping outreach for clínica dental Principal Granollers: No corporate email discovered yet.
[2026-04-17T12:29:50.942Z] [INFO] Cycle complete. Sleeping for 60s...
[2026-04-17T12:29:51.801Z] [INFO] Searching for NEW leads to audit...
[2026-04-17T12:29:51.906Z] [INFO] No new leads found for audit.
[2026-04-17T12:29:51.907Z] [INFO] Searching for candidates for Asset Generation...
[2026-04-17T12:29:52.011Z] [INFO] Phase 3: No candidates found for generation.
[2026-04-17T12:29:52.011Z] [INFO] Phase 4: Checking for Outreach candidates...
[2026-04-17T12:29:52.078Z] [INFO] Automating Outreach for Clínica Dental Adeslas...
[2026-04-17T12:29:52.300Z] [SUCCESS] Outreach successful for Clínica Dental Adeslas
[2026-04-17T12:29:52.455Z] [INFO] Automating Outreach for restaurante Principal Sant Antoni de Vilamajor...
[2026-04-17T12:29:52.667Z] [SUCCESS] Outreach successful for restaurante Principal Sant Antoni de Vilamajor
[2026-04-17T12:29:52.811Z] [INFO] Automating Outreach for Especialistas restaurante Sant Antoni de Vilamajor...
[2026-04-17T12:29:52.954Z] [SUCCESS] Outreach successful for Especialistas restaurante Sant Antoni de Vilamajor
[2026-04-17T12:29:53.093Z] [INFO] Automating Outreach for SC Project | Inmobiliaria en Sant Cugat...
[2026-04-17T12:29:53.221Z] [SUCCESS] Outreach successful for SC Project | Inmobiliaria en Sant Cugat
[2026-04-17T12:29:53.353Z] [INFO] Automating Outreach for clínica dental Principal Granollers...
[2026-04-17T12:29:53.684Z] [SUCCESS] Outreach successful for clínica dental Principal Granollers
[2026-04-17T12:29:53.817Z] [INFO] Cycle complete. Sleeping for 60s...
[2026-04-17T12:30:50.948Z] [INFO] Searching for NEW leads to audit...
[2026-04-17T12:30:51.069Z] [INFO] No new leads found for audit.
[2026-04-17T12:30:51.069Z] [INFO] Searching for candidates for Asset Generation...
[2026-04-17T12:30:51.184Z] [INFO] Phase 3: No candidates found for generation.
[2026-04-17T12:30:51.184Z] [INFO] Phase 4: Checking for Outreach candidates...
[2026-04-17T12:30:51.254Z] [INFO] Automating Outreach for Clínica Dental Adeslas...
[2026-04-17T12:30:51.254Z] [WARNING] Skipping outreach for Clínica Dental Adeslas: No corporate email discovered yet.
[2026-04-17T12:30:51.255Z] [INFO] Automating Outreach for restaurante Principal Sant Antoni de Vilamajor...
[2026-04-17T12:30:51.255Z] [WARNING] Skipping outreach for restaurante Principal Sant Antoni de Vilamajor: No corporate email discovered yet.
[2026-04-17T12:30:51.256Z] [INFO] Automating Outreach for Especialistas restaurante Sant Antoni de Vilamajor...
[2026-04-17T12:30:51.257Z] [WARNING] Skipping outreach for Especialistas restaurante Sant Antoni de Vilamajor: No corporate email discovered yet.
[2026-04-17T12:30:51.257Z] [INFO] Automating Outreach for SC Project | Inmobiliaria en Sant Cugat...
[2026-04-17T12:30:51.258Z] [WARNING] Skipping outreach for SC Project | Inmobiliaria en Sant Cugat: No corporate email discovered yet.
[2026-04-17T12:30:51.258Z] [INFO] Automating Outreach for clínica dental Principal Granollers...
[2026-04-17T12:30:51.259Z] [WARNING] Skipping outreach for clínica dental Principal Granollers: No corporate email discovered yet.
[2026-04-17T12:30:51.259Z] [INFO] Cycle complete. Sleeping for 60s...
[2026-04-17T12:30:53.820Z] [INFO] Searching for NEW leads to audit...
[2026-04-17T12:30:53.926Z] [INFO] No new leads found for audit.
[2026-04-17T12:30:53.927Z] [INFO] Searching for candidates for Asset Generation...
[2026-04-17T12:30:54.027Z] [INFO] Phase 3: No candidates found for generation.
[2026-04-17T12:30:54.028Z] [INFO] Phase 4: Checking for Outreach candidates...
[2026-04-17T12:30:54.094Z] [INFO] Automating Outreach for Clínica Dental Adeslas...
[2026-04-17T12:30:54.309Z] [SUCCESS] Outreach successful for Clínica Dental Adeslas
[2026-04-17T12:30:54.459Z] [INFO] Automating Outreach for restaurante Principal Sant Antoni de Vilamajor...
[2026-04-17T12:30:54.670Z] [SUCCESS] Outreach successful for restaurante Principal Sant Antoni de Vilamajor
[2026-04-17T12:30:54.825Z] [INFO] Automating Outreach for Especialistas restaurante Sant Antoni de Vilamajor...
[2026-04-17T12:30:54.958Z] [SUCCESS] Outreach successful for Especialistas restaurante Sant Antoni de Vilamajor
[2026-04-17T12:30:55.099Z] [INFO] Automating Outreach for SC Project | Inmobiliaria en Sant Cugat...
[2026-04-17T12:30:55.228Z] [SUCCESS] Outreach successful for SC Project | Inmobiliaria en Sant Cugat
[2026-04-17T12:30:55.364Z] [INFO] Automating Outreach for clínica dental Principal Granollers...
[2026-04-17T12:30:55.500Z] [SUCCESS] Outreach successful for clínica dental Principal Granollers
[2026-04-17T12:30:55.631Z] [INFO] Cycle complete. Sleeping for 60s...
[2026-04-17T12:31:51.266Z] [INFO] Searching for NEW leads to audit...
[2026-04-17T12:31:51.670Z] [INFO] No new leads found for audit.
[2026-04-17T12:31:51.671Z] [INFO] Searching for candidates for Asset Generation...
[2026-04-17T12:31:51.773Z] [INFO] Phase 3: No candidates found for generation.
[2026-04-17T12:31:51.773Z] [INFO] Phase 4: Checking for Outreach candidates...
[2026-04-17T12:31:51.844Z] [INFO] Automating Outreach for Clínica Dental Adeslas...
[2026-04-17T12:31:51.845Z] [WARNING] Skipping outreach for Clínica Dental Adeslas: No corporate email discovered yet.
[2026-04-17T12:31:51.845Z] [INFO] Automating Outreach for restaurante Principal Sant Antoni de Vilamajor...
[2026-04-17T12:31:51.845Z] [WARNING] Skipping outreach for restaurante Principal Sant Antoni de Vilamajor: No corporate email discovered yet.
[2026-04-17T12:31:51.845Z] [INFO] Automating Outreach for Especialistas restaurante Sant Antoni de Vilamajor...
[2026-04-17T12:31:51.846Z] [WARNING] Skipping outreach for Especialistas restaurante Sant Antoni de Vilamajor: No corporate email discovered yet.
[2026-04-17T12:31:51.846Z] [INFO] Automating Outreach for SC Project | Inmobiliaria en Sant Cugat...
[2026-04-17T12:31:51.846Z] [WARNING] Skipping outreach for SC Project | Inmobiliaria en Sant Cugat: No corporate email discovered yet.
[2026-04-17T12:31:51.847Z] [INFO] Automating Outreach for clínica dental Principal Granollers...
[2026-04-17T12:31:51.847Z] [WARNING] Skipping outreach for clínica dental Principal Granollers: No corporate email discovered yet.
[2026-04-17T12:31:51.848Z] [INFO] Cycle complete. Sleeping for 60s...
[2026-04-17T12:31:55.636Z] [INFO] Searching for NEW leads to audit...
[2026-04-17T12:31:55.776Z] [INFO] No new leads found for audit.
[2026-04-17T12:31:55.776Z] [INFO] Searching for candidates for Asset Generation...
[2026-04-17T12:31:55.878Z] [INFO] Phase 3: No candidates found for generation.
[2026-04-17T12:31:55.879Z] [INFO] Phase 4: Checking for Outreach candidates...
[2026-04-17T12:31:55.946Z] [INFO] Automating Outreach for Clínica Dental Adeslas...
[2026-04-17T12:31:56.159Z] [SUCCESS] Outreach successful for Clínica Dental Adeslas
[2026-04-17T12:31:56.300Z] [INFO] Automating Outreach for restaurante Principal Sant Antoni de Vilamajor...
[2026-04-17T12:31:56.511Z] [SUCCESS] Outreach successful for restaurante Principal Sant Antoni de Vilamajor
[2026-04-17T12:31:56.640Z] [INFO] Automating Outreach for Especialistas restaurante Sant Antoni de Vilamajor...
[2026-04-17T12:31:56.770Z] [SUCCESS] Outreach successful for Especialistas restaurante Sant Antoni de Vilamajor
[2026-04-17T12:31:56.895Z] [INFO] Automating Outreach for SC Project | Inmobiliaria en Sant Cugat...
[2026-04-17T12:31:57.024Z] [SUCCESS] Outreach successful for SC Project | Inmobiliaria en Sant Cugat
[2026-04-17T12:31:57.158Z] [INFO] Automating Outreach for clínica dental Principal Granollers...
[2026-04-17T12:31:57.285Z] [SUCCESS] Outreach successful for clínica dental Principal Granollers
[2026-04-17T12:31:57.420Z] [INFO] Cycle complete. Sleeping for 60s...
[2026-04-17T12:32:51.849Z] [INFO] Searching for NEW leads to audit...
[2026-04-17T12:32:51.999Z] [INFO] No new leads found for audit.
[2026-04-17T12:32:51.999Z] [INFO] Searching for candidates for Asset Generation...
[2026-04-17T12:32:52.115Z] [INFO] Phase 3: No candidates found for generation.
[2026-04-17T12:32:52.115Z] [INFO] Phase 4: Checking for Outreach candidates...
[2026-04-17T12:32:52.200Z] [INFO] Automating Outreach for Clínica Dental Adeslas...
[2026-04-17T12:32:52.200Z] [WARNING] Skipping outreach for Clínica Dental Adeslas: No corporate email discovered yet.
[2026-04-17T12:32:52.201Z] [INFO] Automating Outreach for restaurante Principal Sant Antoni de Vilamajor...
[2026-04-17T12:32:52.201Z] [WARNING] Skipping outreach for restaurante Principal Sant Antoni de Vilamajor: No corporate email discovered yet.
[2026-04-17T12:32:52.202Z] [INFO] Automating Outreach for Especialistas restaurante Sant Antoni de Vilamajor...
[2026-04-17T12:32:52.203Z] [WARNING] Skipping outreach for Especialistas restaurante Sant Antoni de Vilamajor: No corporate email discovered yet.
[2026-04-17T12:32:52.203Z] [INFO] Automating Outreach for SC Project | Inmobiliaria en Sant Cugat...
[2026-04-17T12:32:52.203Z] [WARNING] Skipping outreach for SC Project | Inmobiliaria en Sant Cugat: No corporate email discovered yet.
[2026-04-17T12:32:52.203Z] [INFO] Automating Outreach for clínica dental Principal Granollers...
[2026-04-17T12:32:52.204Z] [WARNING] Skipping outreach for clínica dental Principal Granollers: No corporate email discovered yet.
[2026-04-17T12:32:52.204Z] [INFO] Cycle complete. Sleeping for 60s...
[2026-04-17T12:32:57.423Z] [INFO] Searching for NEW leads to audit...
[2026-04-17T12:32:57.531Z] [INFO] No new leads found for audit.
[2026-04-17T12:32:57.532Z] [INFO] Searching for candidates for Asset Generation...
[2026-04-17T12:32:57.641Z] [INFO] Phase 3: No candidates found for generation.
[2026-04-17T12:32:57.642Z] [INFO] Phase 4: Checking for Outreach candidates...
[2026-04-17T12:32:57.711Z] [INFO] Automating Outreach for Clínica Dental Adeslas...
[2026-04-17T12:32:57.934Z] [SUCCESS] Outreach successful for Clínica Dental Adeslas
[2026-04-17T12:32:58.082Z] [INFO] Automating Outreach for restaurante Principal Sant Antoni de Vilamajor...
[2026-04-17T12:32:58.286Z] [SUCCESS] Outreach successful for restaurante Principal Sant Antoni de Vilamajor
[2026-04-17T12:32:58.417Z] [INFO] Automating Outreach for Especialistas restaurante Sant Antoni de Vilamajor...
[2026-04-17T12:32:58.560Z] [SUCCESS] Outreach successful for Especialistas restaurante Sant Antoni de Vilamajor
[2026-04-17T12:32:58.714Z] [INFO] Automating Outreach for SC Project | Inmobiliaria en Sant Cugat...
[2026-04-17T12:32:58.859Z] [SUCCESS] Outreach successful for SC Project | Inmobiliaria en Sant Cugat
[2026-04-17T12:32:58.994Z] [INFO] Automating Outreach for clínica dental Principal Granollers...
[2026-04-17T12:32:59.128Z] [SUCCESS] Outreach successful for clínica dental Principal Granollers
[2026-04-17T12:32:59.259Z] [INFO] Cycle complete. Sleeping for 60s...
[2026-04-17T12:33:52.214Z] [INFO] Searching for NEW leads to audit...
[2026-04-17T12:33:52.401Z] [INFO] No new leads found for audit.
[2026-04-17T12:33:52.402Z] [INFO] Searching for candidates for Asset Generation...
[2026-04-17T12:33:52.501Z] [INFO] Phase 3: No candidates found for generation.
[2026-04-17T12:33:52.502Z] [INFO] Phase 4: Checking for Outreach candidates...
[2026-04-17T12:33:52.566Z] [INFO] Automating Outreach for Clínica Dental Adeslas...
[2026-04-17T12:33:52.566Z] [WARNING] Skipping outreach for Clínica Dental Adeslas: No corporate email discovered yet.
[2026-04-17T12:33:52.567Z] [INFO] Automating Outreach for restaurante Principal Sant Antoni de Vilamajor...
[2026-04-17T12:33:52.567Z] [WARNING] Skipping outreach for restaurante Principal Sant Antoni de Vilamajor: No corporate email discovered yet.
[2026-04-17T12:33:52.568Z] [INFO] Automating Outreach for Especialistas restaurante Sant Antoni de Vilamajor...
[2026-04-17T12:33:52.568Z] [WARNING] Skipping outreach for Especialistas restaurante Sant Antoni de Vilamajor: No corporate email discovered yet.
[2026-04-17T12:33:52.569Z] [INFO] Automating Outreach for SC Project | Inmobiliaria en Sant Cugat...
[2026-04-17T12:33:52.569Z] [WARNING] Skipping outreach for SC Project | Inmobiliaria en Sant Cugat: No corporate email discovered yet.
[2026-04-17T12:33:52.569Z] [INFO] Automating Outreach for clínica dental Principal Granollers...
[2026-04-17T12:33:52.570Z] [WARNING] Skipping outreach for clínica dental Principal Granollers: No corporate email discovered yet.
[2026-04-17T12:33:52.570Z] [INFO] Cycle complete. Sleeping for 60s...
[2026-04-17T12:33:59.278Z] [INFO] Searching for NEW leads to audit...
[2026-04-17T12:33:59.392Z] [INFO] No new leads found for audit.
[2026-04-17T12:33:59.393Z] [INFO] Searching for candidates for Asset Generation...
[2026-04-17T12:33:59.506Z] [INFO] Phase 3: No candidates found for generation.
[2026-04-17T12:33:59.506Z] [INFO] Phase 4: Checking for Outreach candidates...
[2026-04-17T12:33:59.578Z] [INFO] Automating Outreach for Clínica Dental Adeslas...
[2026-04-17T12:33:59.854Z] [SUCCESS] Outreach successful for Clínica Dental Adeslas
[2026-04-17T12:34:00.017Z] [INFO] Automating Outreach for restaurante Principal Sant Antoni de Vilamajor...
[2026-04-17T12:34:00.217Z] [SUCCESS] Outreach successful for restaurante Principal Sant Antoni de Vilamajor
[2026-04-17T12:34:00.347Z] [INFO] Automating Outreach for Especialistas restaurante Sant Antoni de Vilamajor...
[2026-04-17T12:34:00.512Z] [SUCCESS] Outreach successful for Especialistas restaurante Sant Antoni de Vilamajor
[2026-04-17T12:34:00.642Z] [INFO] Automating Outreach for SC Project | Inmobiliaria en Sant Cugat...
[2026-04-17T12:34:00.779Z] [SUCCESS] Outreach successful for SC Project | Inmobiliaria en Sant Cugat
[2026-04-17T12:34:00.915Z] [INFO] Automating Outreach for clínica dental Principal Granollers...
[2026-04-17T12:34:01.053Z] [SUCCESS] Outreach successful for clínica dental Principal Granollers
[2026-04-17T12:34:01.198Z] [INFO] Cycle complete. Sleeping for 60s...
[2026-04-17T12:34:52.581Z] [INFO] Searching for NEW leads to audit...
[2026-04-17T12:34:52.835Z] [INFO] No new leads found for audit.
[2026-04-17T12:34:52.836Z] [INFO] Searching for candidates for Asset Generation...
[2026-04-17T12:34:52.950Z] [INFO] Phase 3: No candidates found for generation.
[2026-04-17T12:34:52.951Z] [INFO] Phase 4: Checking for Outreach candidates...
[2026-04-17T12:34:53.033Z] [INFO] Automating Outreach for Clínica Dental Adeslas...
[2026-04-17T12:34:53.034Z] [WARNING] Skipping outreach for Clínica Dental Adeslas: No corporate email discovered yet.
[2026-04-17T12:34:53.034Z] [INFO] Automating Outreach for restaurante Principal Sant Antoni de Vilamajor...
[2026-04-17T12:34:53.035Z] [WARNING] Skipping outreach for restaurante Principal Sant Antoni de Vilamajor: No corporate email discovered yet.
[2026-04-17T12:34:53.035Z] [INFO] Automating Outreach for Especialistas restaurante Sant Antoni de Vilamajor...
[2026-04-17T12:34:53.036Z] [WARNING] Skipping outreach for Especialistas restaurante Sant Antoni de Vilamajor: No corporate email discovered yet.
[2026-04-17T12:34:53.036Z] [INFO] Automating Outreach for SC Project | Inmobiliaria en Sant Cugat...
[2026-04-17T12:34:53.036Z] [WARNING] Skipping outreach for SC Project | Inmobiliaria en Sant Cugat: No corporate email discovered yet.
[2026-04-17T12:34:53.037Z] [INFO] Automating Outreach for clínica dental Principal Granollers...
[2026-04-17T12:34:53.037Z] [WARNING] Skipping outreach for clínica dental Principal Granollers: No corporate email discovered yet.
[2026-04-17T12:34:53.037Z] [INFO] Cycle complete. Sleeping for 60s...
[2026-04-17T12:35:01.207Z] [INFO] Searching for NEW leads to audit...
[2026-04-17T12:35:01.323Z] [INFO] No new leads found for audit.
[2026-04-17T12:35:01.323Z] [INFO] Searching for candidates for Asset Generation...
[2026-04-17T12:35:01.440Z] [INFO] Phase 3: No candidates found for generation.
[2026-04-17T12:35:01.441Z] [INFO] Phase 4: Checking for Outreach candidates...
[2026-04-17T12:35:01.507Z] [INFO] Automating Outreach for Clínica Dental Adeslas...
[2026-04-17T12:35:01.719Z] [SUCCESS] Outreach successful for Clínica Dental Adeslas
[2026-04-17T12:35:01.867Z] [INFO] Automating Outreach for restaurante Principal Sant Antoni de Vilamajor...
[2026-04-17T12:35:02.090Z] [SUCCESS] Outreach successful for restaurante Principal Sant Antoni de Vilamajor
[2026-04-17T12:35:02.222Z] [INFO] Automating Outreach for Especialistas restaurante Sant Antoni de Vilamajor...
[2026-04-17T12:35:02.360Z] [SUCCESS] Outreach successful for Especialistas restaurante Sant Antoni de Vilamajor
[2026-04-17T12:35:02.499Z] [INFO] Automating Outreach for SC Project | Inmobiliaria en Sant Cugat...
[2026-04-17T12:35:02.633Z] [SUCCESS] Outreach successful for SC Project | Inmobiliaria en Sant Cugat
[2026-04-17T12:35:02.780Z] [INFO] Automating Outreach for clínica dental Principal Granollers...
[2026-04-17T12:35:02.918Z] [SUCCESS] Outreach successful for clínica dental Principal Granollers
[2026-04-17T12:35:03.055Z] [INFO] Cycle complete. Sleeping for 60s...
[2026-04-17T12:35:53.037Z] [INFO] Searching for NEW leads to audit...
[2026-04-17T12:35:53.218Z] [INFO] No new leads found for audit.
[2026-04-17T12:35:53.218Z] [INFO] Searching for candidates for Asset Generation...
[2026-04-17T12:35:53.324Z] [INFO] Phase 3: No candidates found for generation.
[2026-04-17T12:35:53.325Z] [INFO] Phase 4: Checking for Outreach candidates...
[2026-04-17T12:35:53.394Z] [INFO] Automating Outreach for Clínica Dental Adeslas...
[2026-04-17T12:35:53.395Z] [WARNING] Skipping outreach for Clínica Dental Adeslas: No corporate email discovered yet.
[2026-04-17T12:35:53.396Z] [INFO] Automating Outreach for restaurante Principal Sant Antoni de Vilamajor...
[2026-04-17T12:35:53.396Z] [WARNING] Skipping outreach for restaurante Principal Sant Antoni de Vilamajor: No corporate email discovered yet.
[2026-04-17T12:35:53.397Z] [INFO] Automating Outreach for Especialistas restaurante Sant Antoni de Vilamajor...
[2026-04-17T12:35:53.397Z] [WARNING] Skipping outreach for Especialistas restaurante Sant Antoni de Vilamajor: No corporate email discovered yet.
[2026-04-17T12:35:53.398Z] [INFO] Automating Outreach for SC Project | Inmobiliaria en Sant Cugat...
[2026-04-17T12:35:53.399Z] [WARNING] Skipping outreach for SC Project | Inmobiliaria en Sant Cugat: No corporate email discovered yet.
[2026-04-17T12:35:53.399Z] [INFO] Automating Outreach for clínica dental Principal Granollers...
[2026-04-17T12:35:53.400Z] [WARNING] Skipping outreach for clínica dental Principal Granollers: No corporate email discovered yet.
[2026-04-17T12:35:53.400Z] [INFO] Cycle complete. Sleeping for 60s...
[2026-04-17T12:36:03.058Z] [INFO] Searching for NEW leads to audit...
[2026-04-17T12:36:03.171Z] [INFO] No new leads found for audit.
[2026-04-17T12:36:03.171Z] [INFO] Searching for candidates for Asset Generation...
[2026-04-17T12:36:03.285Z] [INFO] Phase 3: No candidates found for generation.
[2026-04-17T12:36:03.286Z] [INFO] Phase 4: Checking for Outreach candidates...
[2026-04-17T12:36:03.356Z] [INFO] Automating Outreach for Clínica Dental Adeslas...
[2026-04-17T12:36:03.613Z] [SUCCESS] Outreach successful for Clínica Dental Adeslas
[2026-04-17T12:36:03.762Z] [INFO] Automating Outreach for restaurante Principal Sant Antoni de Vilamajor...
[2026-04-17T12:36:03.978Z] [SUCCESS] Outreach successful for restaurante Principal Sant Antoni de Vilamajor
[2026-04-17T12:36:04.121Z] [INFO] Automating Outreach for Especialistas restaurante Sant Antoni de Vilamajor...
[2026-04-17T12:36:04.259Z] [SUCCESS] Outreach successful for Especialistas restaurante Sant Antoni de Vilamajor
[2026-04-17T12:36:04.386Z] [INFO] Automating Outreach for SC Project | Inmobiliaria en Sant Cugat...
[2026-04-17T12:36:04.521Z] [SUCCESS] Outreach successful for SC Project | Inmobiliaria en Sant Cugat
[2026-04-17T12:36:04.656Z] [INFO] Automating Outreach for clínica dental Principal Granollers...
[2026-04-17T12:36:04.790Z] [SUCCESS] Outreach successful for clínica dental Principal Granollers
[2026-04-17T12:36:05.123Z] [INFO] Cycle complete. Sleeping for 60s...
[2026-04-17T12:36:53.412Z] [INFO] Searching for NEW leads to audit...
[2026-04-17T12:36:53.549Z] [INFO] No new leads found for audit.
[2026-04-17T12:36:53.550Z] [INFO] Searching for candidates for Asset Generation...
[2026-04-17T12:36:53.656Z] [INFO] Phase 3: No candidates found for generation.
[2026-04-17T12:36:53.657Z] [INFO] Phase 4: Checking for Outreach candidates...
[2026-04-17T12:36:53.753Z] [INFO] Automating Outreach for Clínica Dental Adeslas...
[2026-04-17T12:36:53.754Z] [WARNING] Skipping outreach for Clínica Dental Adeslas: No corporate email discovered yet.
[2026-04-17T12:36:53.754Z] [INFO] Automating Outreach for restaurante Principal Sant Antoni de Vilamajor...
[2026-04-17T12:36:53.755Z] [WARNING] Skipping outreach for restaurante Principal Sant Antoni de Vilamajor: No corporate email discovered yet.
[2026-04-17T12:36:53.755Z] [INFO] Automating Outreach for Especialistas restaurante Sant Antoni de Vilamajor...
[2026-04-17T12:36:53.756Z] [WARNING] Skipping outreach for Especialistas restaurante Sant Antoni de Vilamajor: No corporate email discovered yet.
[2026-04-17T12:36:53.756Z] [INFO] Automating Outreach for SC Project | Inmobiliaria en Sant Cugat...
[2026-04-17T12:36:53.756Z] [WARNING] Skipping outreach for SC Project | Inmobiliaria en Sant Cugat: No corporate email discovered yet.
[2026-04-17T12:36:53.757Z] [INFO] Automating Outreach for clínica dental Principal Granollers...
[2026-04-17T12:36:53.757Z] [WARNING] Skipping outreach for clínica dental Principal Granollers: No corporate email discovered yet.
[2026-04-17T12:36:53.758Z] [INFO] Cycle complete. Sleeping for 60s...
[2026-04-17T12:37:05.127Z] [INFO] Searching for NEW leads to audit...
[2026-04-17T12:37:05.240Z] [INFO] No new leads found for audit.
[2026-04-17T12:37:05.240Z] [INFO] Searching for candidates for Asset Generation...
[2026-04-17T12:37:05.360Z] [INFO] Phase 3: No candidates found for generation.
[2026-04-17T12:37:05.361Z] [INFO] Phase 4: Checking for Outreach candidates...
[2026-04-17T12:37:05.431Z] [INFO] Automating Outreach for Clínica Dental Adeslas...
[2026-04-17T12:37:05.700Z] [SUCCESS] Outreach successful for Clínica Dental Adeslas
[2026-04-17T12:37:05.860Z] [INFO] Automating Outreach for restaurante Principal Sant Antoni de Vilamajor...
[2026-04-17T12:37:06.069Z] [SUCCESS] Outreach successful for restaurante Principal Sant Antoni de Vilamajor
[2026-04-17T12:37:06.224Z] [INFO] Automating Outreach for Especialistas restaurante Sant Antoni de Vilamajor...
[2026-04-17T12:37:06.355Z] [SUCCESS] Outreach successful for Especialistas restaurante Sant Antoni de Vilamajor
[2026-04-17T12:37:06.488Z] [INFO] Automating Outreach for SC Project | Inmobiliaria en Sant Cugat...
[2026-04-17T12:37:06.622Z] [SUCCESS] Outreach successful for SC Project | Inmobiliaria en Sant Cugat
[2026-04-17T12:37:06.775Z] [INFO] Automating Outreach for clínica dental Principal Granollers...
[2026-04-17T12:37:06.962Z] [SUCCESS] Outreach successful for clínica dental Principal Granollers
[2026-04-17T12:37:07.110Z] [INFO] Cycle complete. Sleeping for 60s...
[2026-04-17T12:37:53.761Z] [INFO] Searching for NEW leads to audit...
[2026-04-17T12:37:53.925Z] [INFO] No new leads found for audit.
[2026-04-17T12:37:53.926Z] [INFO] Searching for candidates for Asset Generation...
[2026-04-17T12:37:54.032Z] [INFO] Phase 3: No candidates found for generation.
[2026-04-17T12:37:54.033Z] [INFO] Phase 4: Checking for Outreach candidates...
[2026-04-17T12:37:54.098Z] [INFO] Automating Outreach for Clínica Dental Adeslas...
[2026-04-17T12:37:54.098Z] [WARNING] Skipping outreach for Clínica Dental Adeslas: No corporate email discovered yet.
[2026-04-17T12:37:54.099Z] [INFO] Automating Outreach for restaurante Principal Sant Antoni de Vilamajor...
[2026-04-17T12:37:54.099Z] [WARNING] Skipping outreach for restaurante Principal Sant Antoni de Vilamajor: No corporate email discovered yet.
[2026-04-17T12:37:54.100Z] [INFO] Automating Outreach for Especialistas restaurante Sant Antoni de Vilamajor...
[2026-04-17T12:37:54.100Z] [WARNING] Skipping outreach for Especialistas restaurante Sant Antoni de Vilamajor: No corporate email discovered yet.
[2026-04-17T12:37:54.101Z] [INFO] Automating Outreach for SC Project | Inmobiliaria en Sant Cugat...
[2026-04-17T12:37:54.101Z] [WARNING] Skipping outreach for SC Project | Inmobiliaria en Sant Cugat: No corporate email discovered yet.
[2026-04-17T12:37:54.101Z] [INFO] Automating Outreach for clínica dental Principal Granollers...
[2026-04-17T12:37:54.102Z] [WARNING] Skipping outreach for clínica dental Principal Granollers: No corporate email discovered yet.
[2026-04-17T12:37:54.102Z] [INFO] Cycle complete. Sleeping for 60s...
[2026-04-17T12:38:07.126Z] [INFO] Searching for NEW leads to audit...
[2026-04-17T12:38:07.229Z] [INFO] No new leads found for audit.
[2026-04-17T12:38:07.229Z] [INFO] Searching for candidates for Asset Generation...
[2026-04-17T12:38:07.327Z] [INFO] Phase 3: No candidates found for generation.
[2026-04-17T12:38:07.328Z] [INFO] Phase 4: Checking for Outreach candidates...
[2026-04-17T12:38:07.395Z] [INFO] Automating Outreach for Clínica Dental Adeslas...
[2026-04-17T12:38:07.604Z] [SUCCESS] Outreach successful for Clínica Dental Adeslas
[2026-04-17T12:38:07.743Z] [INFO] Automating Outreach for restaurante Principal Sant Antoni de Vilamajor...
[2026-04-17T12:38:07.931Z] [SUCCESS] Outreach successful for restaurante Principal Sant Antoni de Vilamajor
[2026-04-17T12:38:08.061Z] [INFO] Automating Outreach for Especialistas restaurante Sant Antoni de Vilamajor...
[2026-04-17T12:38:08.202Z] [SUCCESS] Outreach successful for Especialistas restaurante Sant Antoni de Vilamajor
[2026-04-17T12:38:08.337Z] [INFO] Automating Outreach for SC Project | Inmobiliaria en Sant Cugat...
[2026-04-17T12:38:08.474Z] [SUCCESS] Outreach successful for SC Project | Inmobiliaria en Sant Cugat
[2026-04-17T12:38:08.616Z] [INFO] Automating Outreach for clínica dental Principal Granollers...
[2026-04-17T12:38:08.752Z] [SUCCESS] Outreach successful for clínica dental Principal Granollers
[2026-04-17T12:38:08.903Z] [INFO] Cycle complete. Sleeping for 60s...
[2026-04-17T12:38:54.111Z] [INFO] Searching for NEW leads to audit...
[2026-04-17T12:38:54.234Z] [INFO] No new leads found for audit.
[2026-04-17T12:38:54.235Z] [INFO] Searching for candidates for Asset Generation...
[2026-04-17T12:38:54.343Z] [INFO] Phase 3: No candidates found for generation.
[2026-04-17T12:38:54.343Z] [INFO] Phase 4: Checking for Outreach candidates...
[2026-04-17T12:38:54.415Z] [INFO] Automating Outreach for Clínica Dental Adeslas...
[2026-04-17T12:38:54.417Z] [WARNING] Skipping outreach for Clínica Dental Adeslas: No corporate email discovered yet.
[2026-04-17T12:38:54.418Z] [INFO] Automating Outreach for restaurante Principal Sant Antoni de Vilamajor...
[2026-04-17T12:38:54.418Z] [WARNING] Skipping outreach for restaurante Principal Sant Antoni de Vilamajor: No corporate email discovered yet.
[2026-04-17T12:38:54.419Z] [INFO] Automating Outreach for Especialistas restaurante Sant Antoni de Vilamajor...
[2026-04-17T12:38:54.419Z] [WARNING] Skipping outreach for Especialistas restaurante Sant Antoni de Vilamajor: No corporate email discovered yet.
[2026-04-17T12:38:54.419Z] [INFO] Automating Outreach for SC Project | Inmobiliaria en Sant Cugat...
[2026-04-17T12:38:54.420Z] [WARNING] Skipping outreach for SC Project | Inmobiliaria en Sant Cugat: No corporate email discovered yet.
[2026-04-17T12:38:54.421Z] [INFO] Automating Outreach for clínica dental Principal Granollers...
[2026-04-17T12:38:54.422Z] [WARNING] Skipping outreach for clínica dental Principal Granollers: No corporate email discovered yet.
[2026-04-17T12:38:54.422Z] [INFO] Cycle complete. Sleeping for 60s...
[2026-04-17T12:39:08.910Z] [INFO] Searching for NEW leads to audit...
[2026-04-17T12:39:09.013Z] [INFO] No new leads found for audit.
[2026-04-17T12:39:09.013Z] [INFO] Searching for candidates for Asset Generation...
[2026-04-17T12:39:09.130Z] [INFO] Phase 3: No candidates found for generation.
[2026-04-17T12:39:09.130Z] [INFO] Phase 4: Checking for Outreach candidates...
[2026-04-17T12:39:09.199Z] [INFO] Automating Outreach for Clínica Dental Adeslas...
[2026-04-17T12:39:09.606Z] [SUCCESS] Outreach successful for Clínica Dental Adeslas
[2026-04-17T12:39:09.763Z] [INFO] Automating Outreach for restaurante Principal Sant Antoni de Vilamajor...
[2026-04-17T12:39:09.970Z] [SUCCESS] Outreach successful for restaurante Principal Sant Antoni de Vilamajor
[2026-04-17T12:39:10.106Z] [INFO] Automating Outreach for Especialistas restaurante Sant Antoni de Vilamajor...
[2026-04-17T12:39:10.249Z] [SUCCESS] Outreach successful for Especialistas restaurante Sant Antoni de Vilamajor
[2026-04-17T12:39:10.443Z] [INFO] Automating Outreach for SC Project | Inmobiliaria en Sant Cugat...
[2026-04-17T12:39:10.594Z] [SUCCESS] Outreach successful for SC Project | Inmobiliaria en Sant Cugat
[2026-04-17T12:39:10.756Z] [INFO] Automating Outreach for clínica dental Principal Granollers...
[2026-04-17T12:39:10.901Z] [SUCCESS] Outreach successful for clínica dental Principal Granollers
[2026-04-17T12:39:11.037Z] [INFO] Cycle complete. Sleeping for 60s...
[2026-04-17T12:39:54.426Z] [INFO] Searching for NEW leads to audit...
[2026-04-17T12:39:54.632Z] [INFO] No new leads found for audit.
[2026-04-17T12:39:54.633Z] [INFO] Searching for candidates for Asset Generation...
[2026-04-17T12:39:54.743Z] [INFO] Phase 3: No candidates found for generation.
[2026-04-17T12:39:54.743Z] [INFO] Phase 4: Checking for Outreach candidates...
[2026-04-17T12:39:54.812Z] [INFO] Automating Outreach for Clínica Dental Adeslas...
[2026-04-17T12:39:54.813Z] [WARNING] Skipping outreach for Clínica Dental Adeslas: No corporate email discovered yet.
[2026-04-17T12:39:54.813Z] [INFO] Automating Outreach for restaurante Principal Sant Antoni de Vilamajor...
[2026-04-17T12:39:54.814Z] [WARNING] Skipping outreach for restaurante Principal Sant Antoni de Vilamajor: No corporate email discovered yet.
[2026-04-17T12:39:54.814Z] [INFO] Automating Outreach for Especialistas restaurante Sant Antoni de Vilamajor...
[2026-04-17T12:39:54.814Z] [WARNING] Skipping outreach for Especialistas restaurante Sant Antoni de Vilamajor: No corporate email discovered yet.
[2026-04-17T12:39:54.815Z] [INFO] Automating Outreach for SC Project | Inmobiliaria en Sant Cugat...
[2026-04-17T12:39:54.815Z] [WARNING] Skipping outreach for SC Project | Inmobiliaria en Sant Cugat: No corporate email discovered yet.
[2026-04-17T12:39:54.815Z] [INFO] Automating Outreach for clínica dental Principal Granollers...
[2026-04-17T12:39:54.816Z] [WARNING] Skipping outreach for clínica dental Principal Granollers: No corporate email discovered yet.
[2026-04-17T12:39:54.816Z] [INFO] Cycle complete. Sleeping for 60s...
[2026-04-17T12:40:11.043Z] [INFO] Searching for NEW leads to audit...
[2026-04-17T12:40:11.156Z] [INFO] No new leads found for audit.
[2026-04-17T12:40:11.156Z] [INFO] Searching for candidates for Asset Generation...
[2026-04-17T12:40:11.278Z] [INFO] Phase 3: No candidates found for generation.
[2026-04-17T12:40:11.278Z] [INFO] Phase 4: Checking for Outreach candidates...
[2026-04-17T12:40:11.348Z] [INFO] Automating Outreach for Clínica Dental Adeslas...
[2026-04-17T12:40:11.567Z] [SUCCESS] Outreach successful for Clínica Dental Adeslas
[2026-04-17T12:40:11.714Z] [INFO] Automating Outreach for restaurante Principal Sant Antoni de Vilamajor...
[2026-04-17T12:40:11.943Z] [SUCCESS] Outreach successful for restaurante Principal Sant Antoni de Vilamajor
[2026-04-17T12:40:12.085Z] [INFO] Automating Outreach for Especialistas restaurante Sant Antoni de Vilamajor...
[2026-04-17T12:40:12.224Z] [SUCCESS] Outreach successful for Especialistas restaurante Sant Antoni de Vilamajor
[2026-04-17T12:40:12.359Z] [INFO] Automating Outreach for SC Project | Inmobiliaria en Sant Cugat...
[2026-04-17T12:40:12.497Z] [SUCCESS] Outreach successful for SC Project | Inmobiliaria en Sant Cugat
[2026-04-17T12:40:12.636Z] [INFO] Automating Outreach for clínica dental Principal Granollers...
[2026-04-17T12:40:12.769Z] [SUCCESS] Outreach successful for clínica dental Principal Granollers
[2026-04-17T12:40:12.910Z] [INFO] Cycle complete. Sleeping for 60s...
[2026-04-17T12:40:54.826Z] [INFO] Searching for NEW leads to audit...
[2026-04-17T12:40:54.957Z] [INFO] No new leads found for audit.
[2026-04-17T12:40:54.958Z] [INFO] Searching for candidates for Asset Generation...
[2026-04-17T12:40:55.080Z] [INFO] Phase 3: No candidates found for generation.
[2026-04-17T12:40:55.080Z] [INFO] Phase 4: Checking for Outreach candidates...
[2026-04-17T12:40:55.146Z] [INFO] Automating Outreach for Clínica Dental Adeslas...
[2026-04-17T12:40:55.147Z] [WARNING] Skipping outreach for Clínica Dental Adeslas: No corporate email discovered yet.
[2026-04-17T12:40:55.147Z] [INFO] Automating Outreach for restaurante Principal Sant Antoni de Vilamajor...
[2026-04-17T12:40:55.148Z] [WARNING] Skipping outreach for restaurante Principal Sant Antoni de Vilamajor: No corporate email discovered yet.
[2026-04-17T12:40:55.148Z] [INFO] Automating Outreach for Especialistas restaurante Sant Antoni de Vilamajor...
[2026-04-17T12:40:55.148Z] [WARNING] Skipping outreach for Especialistas restaurante Sant Antoni de Vilamajor: No corporate email discovered yet.
[2026-04-17T12:40:55.149Z] [INFO] Automating Outreach for SC Project | Inmobiliaria en Sant Cugat...
[2026-04-17T12:40:55.149Z] [WARNING] Skipping outreach for SC Project | Inmobiliaria en Sant Cugat: No corporate email discovered yet.
[2026-04-17T12:40:55.150Z] [INFO] Automating Outreach for clínica dental Principal Granollers...
[2026-04-17T12:40:55.150Z] [WARNING] Skipping outreach for clínica dental Principal Granollers: No corporate email discovered yet.
[2026-04-17T12:40:55.151Z] [INFO] Cycle complete. Sleeping for 60s...
[2026-04-17T12:41:12.914Z] [INFO] Searching for NEW leads to audit...
[2026-04-17T12:41:13.026Z] [INFO] No new leads found for audit.
[2026-04-17T12:41:13.027Z] [INFO] Searching for candidates for Asset Generation...
[2026-04-17T12:41:13.132Z] [INFO] Phase 3: No candidates found for generation.
[2026-04-17T12:41:13.133Z] [INFO] Phase 4: Checking for Outreach candidates...
[2026-04-17T12:41:13.209Z] [INFO] Automating Outreach for Clínica Dental Adeslas...
[2026-04-17T12:41:13.435Z] [SUCCESS] Outreach successful for Clínica Dental Adeslas
[2026-04-17T12:41:13.592Z] [INFO] Automating Outreach for restaurante Principal Sant Antoni de Vilamajor...
[2026-04-17T12:41:13.798Z] [SUCCESS] Outreach successful for restaurante Principal Sant Antoni de Vilamajor
[2026-04-17T12:41:13.944Z] [INFO] Automating Outreach for Especialistas restaurante Sant Antoni de Vilamajor...
[2026-04-17T12:41:14.080Z] [SUCCESS] Outreach successful for Especialistas restaurante Sant Antoni de Vilamajor
[2026-04-17T12:41:14.233Z] [INFO] Automating Outreach for SC Project | Inmobiliaria en Sant Cugat...
[2026-04-17T12:41:14.369Z] [SUCCESS] Outreach successful for SC Project | Inmobiliaria en Sant Cugat
[2026-04-17T12:41:14.510Z] [INFO] Automating Outreach for clínica dental Principal Granollers...
[2026-04-17T12:41:14.643Z] [SUCCESS] Outreach successful for clínica dental Principal Granollers
[2026-04-17T12:41:14.788Z] [INFO] Cycle complete. Sleeping for 60s...
[2026-04-17T12:41:55.157Z] [INFO] Searching for NEW leads to audit...
[2026-04-17T12:41:55.272Z] [INFO] No new leads found for audit.
[2026-04-17T12:41:55.273Z] [INFO] Searching for candidates for Asset Generation...
[2026-04-17T12:41:55.430Z] [INFO] Phase 3: No candidates found for generation.
[2026-04-17T12:41:55.430Z] [INFO] Phase 4: Checking for Outreach candidates...
[2026-04-17T12:41:55.503Z] [INFO] Automating Outreach for Clínica Dental Adeslas...
[2026-04-17T12:41:55.504Z] [WARNING] Skipping outreach for Clínica Dental Adeslas: No corporate email discovered yet.
[2026-04-17T12:41:55.504Z] [INFO] Automating Outreach for restaurante Principal Sant Antoni de Vilamajor...
[2026-04-17T12:41:55.504Z] [WARNING] Skipping outreach for restaurante Principal Sant Antoni de Vilamajor: No corporate email discovered yet.
[2026-04-17T12:41:55.505Z] [INFO] Automating Outreach for Especialistas restaurante Sant Antoni de Vilamajor...
[2026-04-17T12:41:55.505Z] [WARNING] Skipping outreach for Especialistas restaurante Sant Antoni de Vilamajor: No corporate email discovered yet.
[2026-04-17T12:41:55.505Z] [INFO] Automating Outreach for SC Project | Inmobiliaria en Sant Cugat...
[2026-04-17T12:41:55.506Z] [WARNING] Skipping outreach for SC Project | Inmobiliaria en Sant Cugat: No corporate email discovered yet.
[2026-04-17T12:41:55.506Z] [INFO] Automating Outreach for clínica dental Principal Granollers...
[2026-04-17T12:41:55.506Z] [WARNING] Skipping outreach for clínica dental Principal Granollers: No corporate email discovered yet.
[2026-04-17T12:41:55.507Z] [INFO] Cycle complete. Sleeping for 60s...
[2026-04-17T12:42:14.793Z] [INFO] Searching for NEW leads to audit...
[2026-04-17T12:42:14.894Z] [INFO] No new leads found for audit.
[2026-04-17T12:42:14.895Z] [INFO] Searching for candidates for Asset Generation...
[2026-04-17T12:42:15.003Z] [INFO] Phase 3: No candidates found for generation.
[2026-04-17T12:42:15.004Z] [INFO] Phase 4: Checking for Outreach candidates...
[2026-04-17T12:42:15.076Z] [INFO] Automating Outreach for Clínica Dental Adeslas...
[2026-04-17T12:42:15.285Z] [SUCCESS] Outreach successful for Clínica Dental Adeslas
[2026-04-17T12:42:15.424Z] [INFO] Automating Outreach for restaurante Principal Sant Antoni de Vilamajor...
[2026-04-17T12:42:15.696Z] [SUCCESS] Outreach successful for restaurante Principal Sant Antoni de Vilamajor
[2026-04-17T12:42:15.859Z] [INFO] Automating Outreach for Especialistas restaurante Sant Antoni de Vilamajor...
[2026-04-17T12:42:16.001Z] [SUCCESS] Outreach successful for Especialistas restaurante Sant Antoni de Vilamajor
[2026-04-17T12:42:16.143Z] [INFO] Automating Outreach for SC Project | Inmobiliaria en Sant Cugat...
[2026-04-17T12:42:16.280Z] [SUCCESS] Outreach successful for SC Project | Inmobiliaria en Sant Cugat
[2026-04-17T12:42:16.415Z] [INFO] Automating Outreach for clínica dental Principal Granollers...
[2026-04-17T12:42:16.554Z] [SUCCESS] Outreach successful for clínica dental Principal Granollers
[2026-04-17T12:42:16.701Z] [INFO] Cycle complete. Sleeping for 60s...
[2026-04-17T12:42:55.522Z] [INFO] Searching for NEW leads to audit...
[2026-04-17T12:42:55.632Z] [INFO] No new leads found for audit.
[2026-04-17T12:42:55.632Z] [INFO] Searching for candidates for Asset Generation...
[2026-04-17T12:42:55.747Z] [INFO] Phase 3: No candidates found for generation.
[2026-04-17T12:42:55.748Z] [INFO] Phase 4: Checking for Outreach candidates...
[2026-04-17T12:42:55.821Z] [INFO] Automating Outreach for Clínica Dental Adeslas...
[2026-04-17T12:42:55.822Z] [WARNING] Skipping outreach for Clínica Dental Adeslas: No corporate email discovered yet.
[2026-04-17T12:42:55.822Z] [INFO] Automating Outreach for restaurante Principal Sant Antoni de Vilamajor...
[2026-04-17T12:42:55.823Z] [WARNING] Skipping outreach for restaurante Principal Sant Antoni de Vilamajor: No corporate email discovered yet.
[2026-04-17T12:42:55.823Z] [INFO] Automating Outreach for Especialistas restaurante Sant Antoni de Vilamajor...
[2026-04-17T12:42:55.824Z] [WARNING] Skipping outreach for Especialistas restaurante Sant Antoni de Vilamajor: No corporate email discovered yet.
[2026-04-17T12:42:55.824Z] [INFO] Automating Outreach for SC Project | Inmobiliaria en Sant Cugat...
[2026-04-17T12:42:55.825Z] [WARNING] Skipping outreach for SC Project | Inmobiliaria en Sant Cugat: No corporate email discovered yet.
[2026-04-17T12:42:55.825Z] [INFO] Automating Outreach for clínica dental Principal Granollers...
[2026-04-17T12:42:55.826Z] [WARNING] Skipping outreach for clínica dental Principal Granollers: No corporate email discovered yet.
[2026-04-17T12:42:55.826Z] [INFO] Cycle complete. Sleeping for 60s...
[2026-04-17T12:43:16.715Z] [INFO] Searching for NEW leads to audit...
[2026-04-17T12:43:16.857Z] [INFO] No new leads found for audit.
[2026-04-17T12:43:16.858Z] [INFO] Searching for candidates for Asset Generation...
[2026-04-17T12:43:16.963Z] [INFO] Phase 3: No candidates found for generation.
[2026-04-17T12:43:16.964Z] [INFO] Phase 4: Checking for Outreach candidates...
[2026-04-17T12:43:17.229Z] [INFO] Automating Outreach for Clínica Dental Adeslas...
[2026-04-17T12:43:17.441Z] [SUCCESS] Outreach successful for Clínica Dental Adeslas
[2026-04-17T12:43:17.632Z] [INFO] Automating Outreach for restaurante Principal Sant Antoni de Vilamajor...
[2026-04-17T12:43:17.895Z] [SUCCESS] Outreach successful for restaurante Principal Sant Antoni de Vilamajor
[2026-04-17T12:43:18.031Z] [INFO] Automating Outreach for Especialistas restaurante Sant Antoni de Vilamajor...
[2026-04-17T12:43:18.228Z] [SUCCESS] Outreach successful for Especialistas restaurante Sant Antoni de Vilamajor
[2026-04-17T12:43:18.386Z] [INFO] Automating Outreach for SC Project | Inmobiliaria en Sant Cugat...
[2026-04-17T12:43:18.530Z] [SUCCESS] Outreach successful for SC Project | Inmobiliaria en Sant Cugat
[2026-04-17T12:43:18.669Z] [INFO] Automating Outreach for clínica dental Principal Granollers...
[2026-04-17T12:43:18.812Z] [SUCCESS] Outreach successful for clínica dental Principal Granollers
[2026-04-17T12:43:18.948Z] [INFO] Cycle complete. Sleeping for 60s...
[2026-04-17T12:43:55.842Z] [INFO] Searching for NEW leads to audit...
[2026-04-17T12:43:56.035Z] [INFO] No new leads found for audit.
[2026-04-17T12:43:56.035Z] [INFO] Searching for candidates for Asset Generation...
[2026-04-17T12:43:56.157Z] [INFO] Phase 3: No candidates found for generation.
[2026-04-17T12:43:56.158Z] [INFO] Phase 4: Checking for Outreach candidates...
[2026-04-17T12:43:56.229Z] [INFO] Automating Outreach for Clínica Dental Adeslas...
[2026-04-17T12:43:56.230Z] [WARNING] Skipping outreach for Clínica Dental Adeslas: No corporate email discovered yet.
[2026-04-17T12:43:56.230Z] [INFO] Automating Outreach for restaurante Principal Sant Antoni de Vilamajor...
[2026-04-17T12:43:56.231Z] [WARNING] Skipping outreach for restaurante Principal Sant Antoni de Vilamajor: No corporate email discovered yet.
[2026-04-17T12:43:56.231Z] [INFO] Automating Outreach for Especialistas restaurante Sant Antoni de Vilamajor...
[2026-04-17T12:43:56.232Z] [WARNING] Skipping outreach for Especialistas restaurante Sant Antoni de Vilamajor: No corporate email discovered yet.
[2026-04-17T12:43:56.232Z] [INFO] Automating Outreach for SC Project | Inmobiliaria en Sant Cugat...
[2026-04-17T12:43:56.233Z] [WARNING] Skipping outreach for SC Project | Inmobiliaria en Sant Cugat: No corporate email discovered yet.
[2026-04-17T12:43:56.233Z] [INFO] Automating Outreach for clínica dental Principal Granollers...
[2026-04-17T12:43:56.234Z] [WARNING] Skipping outreach for clínica dental Principal Granollers: No corporate email discovered yet.
[2026-04-17T12:43:56.234Z] [INFO] Cycle complete. Sleeping for 60s...
[2026-04-17T12:44:18.949Z] [INFO] Searching for NEW leads to audit...
[2026-04-17T12:44:19.059Z] [INFO] No new leads found for audit.
[2026-04-17T12:44:19.060Z] [INFO] Searching for candidates for Asset Generation...
[2026-04-17T12:44:19.162Z] [INFO] Phase 3: No candidates found for generation.
[2026-04-17T12:44:19.163Z] [INFO] Phase 4: Checking for Outreach candidates...
[2026-04-17T12:44:19.239Z] [INFO] Automating Outreach for Clínica Dental Adeslas...
[2026-04-17T12:44:19.504Z] [SUCCESS] Outreach successful for Clínica Dental Adeslas
[2026-04-17T12:44:19.653Z] [INFO] Automating Outreach for restaurante Principal Sant Antoni de Vilamajor...
[2026-04-17T12:44:19.864Z] [SUCCESS] Outreach successful for restaurante Principal Sant Antoni de Vilamajor
[2026-04-17T12:44:20.002Z] [INFO] Automating Outreach for Especialistas restaurante Sant Antoni de Vilamajor...
[2026-04-17T12:44:20.134Z] [SUCCESS] Outreach successful for Especialistas restaurante Sant Antoni de Vilamajor
[2026-04-17T12:44:20.283Z] [INFO] Automating Outreach for SC Project | Inmobiliaria en Sant Cugat...
[2026-04-17T12:44:20.416Z] [SUCCESS] Outreach successful for SC Project | Inmobiliaria en Sant Cugat
[2026-04-17T12:44:20.552Z] [INFO] Automating Outreach for clínica dental Principal Granollers...
[2026-04-17T12:44:20.719Z] [SUCCESS] Outreach successful for clínica dental Principal Granollers
[2026-04-17T12:44:20.854Z] [INFO] Cycle complete. Sleeping for 60s...
[2026-04-17T12:44:56.242Z] [INFO] Searching for NEW leads to audit...
[2026-04-17T12:44:56.395Z] [INFO] No new leads found for audit.
[2026-04-17T12:44:56.396Z] [INFO] Searching for candidates for Asset Generation...
[2026-04-17T12:44:56.520Z] [INFO] Phase 3: No candidates found for generation.
[2026-04-17T12:44:56.521Z] [INFO] Phase 4: Checking for Outreach candidates...
[2026-04-17T12:44:56.590Z] [INFO] Automating Outreach for Clínica Dental Adeslas...
[2026-04-17T12:44:56.590Z] [WARNING] Skipping outreach for Clínica Dental Adeslas: No corporate email discovered yet.
[2026-04-17T12:44:56.591Z] [INFO] Automating Outreach for restaurante Principal Sant Antoni de Vilamajor...
[2026-04-17T12:44:56.591Z] [WARNING] Skipping outreach for restaurante Principal Sant Antoni de Vilamajor: No corporate email discovered yet.
[2026-04-17T12:44:56.592Z] [INFO] Automating Outreach for Especialistas restaurante Sant Antoni de Vilamajor...
[2026-04-17T12:44:56.593Z] [WARNING] Skipping outreach for Especialistas restaurante Sant Antoni de Vilamajor: No corporate email discovered yet.
[2026-04-17T12:44:56.593Z] [INFO] Automating Outreach for SC Project | Inmobiliaria en Sant Cugat...
[2026-04-17T12:44:56.594Z] [WARNING] Skipping outreach for SC Project | Inmobiliaria en Sant Cugat: No corporate email discovered yet.
[2026-04-17T12:44:56.594Z] [INFO] Automating Outreach for clínica dental Principal Granollers...
[2026-04-17T12:44:56.594Z] [WARNING] Skipping outreach for clínica dental Principal Granollers: No corporate email discovered yet.
[2026-04-17T12:44:56.595Z] [INFO] Cycle complete. Sleeping for 60s...
[2026-04-17T12:45:20.862Z] [INFO] Searching for NEW leads to audit...
[2026-04-17T12:45:20.977Z] [INFO] No new leads found for audit.
[2026-04-17T12:45:20.978Z] [INFO] Searching for candidates for Asset Generation...
[2026-04-17T12:45:21.077Z] [INFO] Phase 3: No candidates found for generation.
[2026-04-17T12:45:21.078Z] [INFO] Phase 4: Checking for Outreach candidates...
[2026-04-17T12:45:21.156Z] [INFO] Automating Outreach for Clínica Dental Adeslas...
[2026-04-17T12:45:21.389Z] [SUCCESS] Outreach successful for Clínica Dental Adeslas
[2026-04-17T12:45:21.533Z] [INFO] Automating Outreach for restaurante Principal Sant Antoni de Vilamajor...
[2026-04-17T12:45:21.743Z] [SUCCESS] Outreach successful for restaurante Principal Sant Antoni de Vilamajor
[2026-04-17T12:45:21.886Z] [INFO] Automating Outreach for Especialistas restaurante Sant Antoni de Vilamajor...
[2026-04-17T12:45:22.033Z] [SUCCESS] Outreach successful for Especialistas restaurante Sant Antoni de Vilamajor
[2026-04-17T12:45:22.179Z] [INFO] Automating Outreach for SC Project | Inmobiliaria en Sant Cugat...
[2026-04-17T12:45:22.308Z] [SUCCESS] Outreach successful for SC Project | Inmobiliaria en Sant Cugat
[2026-04-17T12:45:22.447Z] [INFO] Automating Outreach for clínica dental Principal Granollers...
[2026-04-17T12:45:22.578Z] [SUCCESS] Outreach successful for clínica dental Principal Granollers
[2026-04-17T12:45:22.714Z] [INFO] Cycle complete. Sleeping for 60s...
[2026-04-17T12:45:56.607Z] [INFO] Searching for NEW leads to audit...
[2026-04-17T12:45:56.808Z] [INFO] No new leads found for audit.
[2026-04-17T12:45:56.809Z] [INFO] Searching for candidates for Asset Generation...
[2026-04-17T12:45:56.911Z] [INFO] Phase 3: No candidates found for generation.
[2026-04-17T12:45:56.912Z] [INFO] Phase 4: Checking for Outreach candidates...
[2026-04-17T12:45:57.002Z] [INFO] Automating Outreach for Clínica Dental Adeslas...
[2026-04-17T12:45:57.003Z] [WARNING] Skipping outreach for Clínica Dental Adeslas: No corporate email discovered yet.
[2026-04-17T12:45:57.003Z] [INFO] Automating Outreach for restaurante Principal Sant Antoni de Vilamajor...
[2026-04-17T12:45:57.004Z] [WARNING] Skipping outreach for restaurante Principal Sant Antoni de Vilamajor: No corporate email discovered yet.
[2026-04-17T12:45:57.004Z] [INFO] Automating Outreach for Especialistas restaurante Sant Antoni de Vilamajor...
[2026-04-17T12:45:57.005Z] [WARNING] Skipping outreach for Especialistas restaurante Sant Antoni de Vilamajor: No corporate email discovered yet.
[2026-04-17T12:45:57.005Z] [INFO] Automating Outreach for SC Project | Inmobiliaria en Sant Cugat...
[2026-04-17T12:45:57.006Z] [WARNING] Skipping outreach for SC Project | Inmobiliaria en Sant Cugat: No corporate email discovered yet.
[2026-04-17T12:45:57.006Z] [INFO] Automating Outreach for clínica dental Principal Granollers...
[2026-04-17T12:45:57.006Z] [WARNING] Skipping outreach for clínica dental Principal Granollers: No corporate email discovered yet.
[2026-04-17T12:45:57.007Z] [INFO] Cycle complete. Sleeping for 60s...
[2026-04-17T12:46:22.715Z] [INFO] Searching for NEW leads to audit...
[2026-04-17T12:46:22.818Z] [INFO] No new leads found for audit.
[2026-04-17T12:46:22.818Z] [INFO] Searching for candidates for Asset Generation...
[2026-04-17T12:46:22.921Z] [INFO] Phase 3: No candidates found for generation.
[2026-04-17T12:46:22.921Z] [INFO] Phase 4: Checking for Outreach candidates...
[2026-04-17T12:46:22.985Z] [INFO] Automating Outreach for Clínica Dental Adeslas...
[2026-04-17T12:46:23.253Z] [SUCCESS] Outreach successful for Clínica Dental Adeslas
[2026-04-17T12:46:23.406Z] [INFO] Automating Outreach for restaurante Principal Sant Antoni de Vilamajor...
[2026-04-17T12:46:23.616Z] [SUCCESS] Outreach successful for restaurante Principal Sant Antoni de Vilamajor
[2026-04-17T12:46:23.751Z] [INFO] Automating Outreach for Especialistas restaurante Sant Antoni de Vilamajor...
[2026-04-17T12:46:23.879Z] [SUCCESS] Outreach successful for Especialistas restaurante Sant Antoni de Vilamajor
[2026-04-17T12:46:24.010Z] [INFO] Automating Outreach for SC Project | Inmobiliaria en Sant Cugat...
[2026-04-17T12:46:24.176Z] [SUCCESS] Outreach successful for SC Project | Inmobiliaria en Sant Cugat
[2026-04-17T12:46:24.306Z] [INFO] Automating Outreach for clínica dental Principal Granollers...
[2026-04-17T12:46:24.456Z] [SUCCESS] Outreach successful for clínica dental Principal Granollers
[2026-04-17T12:46:24.590Z] [INFO] Cycle complete. Sleeping for 60s...
[2026-04-17T12:46:57.007Z] [INFO] Searching for NEW leads to audit...
[2026-04-17T12:46:57.140Z] [INFO] No new leads found for audit.
[2026-04-17T12:46:57.141Z] [INFO] Searching for candidates for Asset Generation...
[2026-04-17T12:46:57.245Z] [INFO] Phase 3: No candidates found for generation.
[2026-04-17T12:46:57.246Z] [INFO] Phase 4: Checking for Outreach candidates...
[2026-04-17T12:46:57.316Z] [INFO] Automating Outreach for Clínica Dental Adeslas...
[2026-04-17T12:46:57.317Z] [WARNING] Skipping outreach for Clínica Dental Adeslas: No corporate email discovered yet.
[2026-04-17T12:46:57.318Z] [INFO] Automating Outreach for restaurante Principal Sant Antoni de Vilamajor...
[2026-04-17T12:46:57.319Z] [WARNING] Skipping outreach for restaurante Principal Sant Antoni de Vilamajor: No corporate email discovered yet.
[2026-04-17T12:46:57.319Z] [INFO] Automating Outreach for Especialistas restaurante Sant Antoni de Vilamajor...
[2026-04-17T12:46:57.319Z] [WARNING] Skipping outreach for Especialistas restaurante Sant Antoni de Vilamajor: No corporate email discovered yet.
[2026-04-17T12:46:57.320Z] [INFO] Automating Outreach for SC Project | Inmobiliaria en Sant Cugat...
[2026-04-17T12:46:57.325Z] [WARNING] Skipping outreach for SC Project | Inmobiliaria en Sant Cugat: No corporate email discovered yet.
[2026-04-17T12:46:57.326Z] [INFO] Automating Outreach for clínica dental Principal Granollers...
[2026-04-17T12:46:57.327Z] [WARNING] Skipping outreach for clínica dental Principal Granollers: No corporate email discovered yet.
[2026-04-17T12:46:57.327Z] [INFO] Cycle complete. Sleeping for 60s...
[2026-04-17T12:47:24.603Z] [INFO] Searching for NEW leads to audit...
[2026-04-17T12:47:24.710Z] [INFO] No new leads found for audit.
[2026-04-17T12:47:24.711Z] [INFO] Searching for candidates for Asset Generation...
[2026-04-17T12:47:24.830Z] [INFO] Phase 3: No candidates found for generation.
[2026-04-17T12:47:24.831Z] [INFO] Phase 4: Checking for Outreach candidates...
[2026-04-17T12:47:24.906Z] [INFO] Automating Outreach for Clínica Dental Adeslas...
[2026-04-17T12:47:25.127Z] [SUCCESS] Outreach successful for Clínica Dental Adeslas
[2026-04-17T12:47:25.289Z] [INFO] Automating Outreach for restaurante Principal Sant Antoni de Vilamajor...
[2026-04-17T12:47:25.497Z] [SUCCESS] Outreach successful for restaurante Principal Sant Antoni de Vilamajor
[2026-04-17T12:47:25.651Z] [INFO] Automating Outreach for Especialistas restaurante Sant Antoni de Vilamajor...
[2026-04-17T12:47:25.787Z] [SUCCESS] Outreach successful for Especialistas restaurante Sant Antoni de Vilamajor
[2026-04-17T12:47:25.937Z] [INFO] Automating Outreach for SC Project | Inmobiliaria en Sant Cugat...
[2026-04-17T12:47:26.070Z] [SUCCESS] Outreach successful for SC Project | Inmobiliaria en Sant Cugat
[2026-04-17T12:47:26.207Z] [INFO] Automating Outreach for clínica dental Principal Granollers...
[2026-04-17T12:47:26.341Z] [SUCCESS] Outreach successful for clínica dental Principal Granollers
[2026-04-17T12:47:26.482Z] [INFO] Cycle complete. Sleeping for 60s...
[2026-04-17T12:47:57.339Z] [INFO] Searching for NEW leads to audit...
[2026-04-17T12:47:57.525Z] [INFO] No new leads found for audit.
[2026-04-17T12:47:57.525Z] [INFO] Searching for candidates for Asset Generation...
[2026-04-17T12:47:57.631Z] [INFO] Phase 3: No candidates found for generation.
[2026-04-17T12:47:57.632Z] [INFO] Phase 4: Checking for Outreach candidates...
[2026-04-17T12:47:57.732Z] [INFO] Automating Outreach for Clínica Dental Adeslas...
[2026-04-17T12:47:57.733Z] [WARNING] Skipping outreach for Clínica Dental Adeslas: No corporate email discovered yet.
[2026-04-17T12:47:57.733Z] [INFO] Automating Outreach for restaurante Principal Sant Antoni de Vilamajor...
[2026-04-17T12:47:57.734Z] [WARNING] Skipping outreach for restaurante Principal Sant Antoni de Vilamajor: No corporate email discovered yet.
[2026-04-17T12:47:57.734Z] [INFO] Automating Outreach for Especialistas restaurante Sant Antoni de Vilamajor...
[2026-04-17T12:47:57.735Z] [WARNING] Skipping outreach for Especialistas restaurante Sant Antoni de Vilamajor: No corporate email discovered yet.
[2026-04-17T12:47:57.735Z] [INFO] Automating Outreach for SC Project | Inmobiliaria en Sant Cugat...
[2026-04-17T12:47:57.736Z] [WARNING] Skipping outreach for SC Project | Inmobiliaria en Sant Cugat: No corporate email discovered yet.
[2026-04-17T12:47:57.736Z] [INFO] Automating Outreach for clínica dental Principal Granollers...
[2026-04-17T12:47:57.737Z] [WARNING] Skipping outreach for clínica dental Principal Granollers: No corporate email discovered yet.
[2026-04-17T12:47:57.737Z] [INFO] Cycle complete. Sleeping for 60s...
[2026-04-17T12:48:26.487Z] [INFO] Searching for NEW leads to audit...
[2026-04-17T12:48:26.599Z] [INFO] No new leads found for audit.
[2026-04-17T12:48:26.600Z] [INFO] Searching for candidates for Asset Generation...
[2026-04-17T12:48:26.701Z] [INFO] Phase 3: No candidates found for generation.
[2026-04-17T12:48:26.702Z] [INFO] Phase 4: Checking for Outreach candidates...
[2026-04-17T12:48:26.775Z] [INFO] Automating Outreach for Clínica Dental Adeslas...
[2026-04-17T12:48:26.988Z] [SUCCESS] Outreach successful for Clínica Dental Adeslas
[2026-04-17T12:48:27.136Z] [INFO] Automating Outreach for restaurante Principal Sant Antoni de Vilamajor...
[2026-04-17T12:48:27.341Z] [SUCCESS] Outreach successful for restaurante Principal Sant Antoni de Vilamajor
[2026-04-17T12:48:27.480Z] [INFO] Automating Outreach for Especialistas restaurante Sant Antoni de Vilamajor...
[2026-04-17T12:48:27.608Z] [SUCCESS] Outreach successful for Especialistas restaurante Sant Antoni de Vilamajor
[2026-04-17T12:48:27.763Z] [INFO] Automating Outreach for SC Project | Inmobiliaria en Sant Cugat...
[2026-04-17T12:48:27.907Z] [SUCCESS] Outreach successful for SC Project | Inmobiliaria en Sant Cugat
[2026-04-17T12:48:28.042Z] [INFO] Automating Outreach for clínica dental Principal Granollers...
[2026-04-17T12:48:28.169Z] [SUCCESS] Outreach successful for clínica dental Principal Granollers
[2026-04-17T12:48:28.303Z] [INFO] Cycle complete. Sleeping for 60s...
[2026-04-17T12:48:57.738Z] [INFO] Searching for NEW leads to audit...
[2026-04-17T12:48:57.857Z] [INFO] No new leads found for audit.
[2026-04-17T12:48:57.857Z] [INFO] Searching for candidates for Asset Generation...
[2026-04-17T12:48:57.984Z] [INFO] Phase 3: No candidates found for generation.
[2026-04-17T12:48:57.985Z] [INFO] Phase 4: Checking for Outreach candidates...
[2026-04-17T12:48:58.055Z] [INFO] Automating Outreach for Clínica Dental Adeslas...
[2026-04-17T12:48:58.056Z] [WARNING] Skipping outreach for Clínica Dental Adeslas: No corporate email discovered yet.
[2026-04-17T12:48:58.057Z] [INFO] Automating Outreach for restaurante Principal Sant Antoni de Vilamajor...
[2026-04-17T12:48:58.057Z] [WARNING] Skipping outreach for restaurante Principal Sant Antoni de Vilamajor: No corporate email discovered yet.
[2026-04-17T12:48:58.058Z] [INFO] Automating Outreach for Especialistas restaurante Sant Antoni de Vilamajor...
[2026-04-17T12:48:58.058Z] [WARNING] Skipping outreach for Especialistas restaurante Sant Antoni de Vilamajor: No corporate email discovered yet.
[2026-04-17T12:48:58.059Z] [INFO] Automating Outreach for SC Project | Inmobiliaria en Sant Cugat...
[2026-04-17T12:48:58.059Z] [WARNING] Skipping outreach for SC Project | Inmobiliaria en Sant Cugat: No corporate email discovered yet.
[2026-04-17T12:48:58.060Z] [INFO] Automating Outreach for clínica dental Principal Granollers...
[2026-04-17T12:48:58.060Z] [WARNING] Skipping outreach for clínica dental Principal Granollers: No corporate email discovered yet.
[2026-04-17T12:48:58.061Z] [INFO] Cycle complete. Sleeping for 60s...
[2026-04-17T12:49:28.304Z] [INFO] Searching for NEW leads to audit...
[2026-04-17T12:49:28.426Z] [INFO] No new leads found for audit.
[2026-04-17T12:49:28.427Z] [INFO] Searching for candidates for Asset Generation...
[2026-04-17T12:49:28.536Z] [INFO] Phase 3: No candidates found for generation.
[2026-04-17T12:49:28.536Z] [INFO] Phase 4: Checking for Outreach candidates...
[2026-04-17T12:49:28.604Z] [INFO] Automating Outreach for Clínica Dental Adeslas...
[2026-04-17T12:49:28.859Z] [SUCCESS] Outreach successful for Clínica Dental Adeslas
[2026-04-17T12:49:29.066Z] [INFO] Automating Outreach for restaurante Principal Sant Antoni de Vilamajor...
[2026-04-17T12:49:29.265Z] [SUCCESS] Outreach successful for restaurante Principal Sant Antoni de Vilamajor
[2026-04-17T12:49:29.400Z] [INFO] Automating Outreach for Especialistas restaurante Sant Antoni de Vilamajor...
[2026-04-17T12:49:29.540Z] [SUCCESS] Outreach successful for Especialistas restaurante Sant Antoni de Vilamajor
[2026-04-17T12:49:29.677Z] [INFO] Automating Outreach for SC Project | Inmobiliaria en Sant Cugat...
[2026-04-17T12:49:29.838Z] [SUCCESS] Outreach successful for SC Project | Inmobiliaria en Sant Cugat
[2026-04-17T12:49:29.973Z] [INFO] Automating Outreach for clínica dental Principal Granollers...
[2026-04-17T12:49:30.102Z] [SUCCESS] Outreach successful for clínica dental Principal Granollers
[2026-04-17T12:49:30.240Z] [INFO] Cycle complete. Sleeping for 60s...
[2026-04-17T12:49:58.072Z] [INFO] Searching for NEW leads to audit...
[2026-04-17T12:49:58.348Z] [INFO] No new leads found for audit.
[2026-04-17T12:49:58.348Z] [INFO] Searching for candidates for Asset Generation...
[2026-04-17T12:49:58.447Z] [INFO] Phase 3: No candidates found for generation.
[2026-04-17T12:49:58.447Z] [INFO] Phase 4: Checking for Outreach candidates...
[2026-04-17T12:49:58.519Z] [INFO] Automating Outreach for Clínica Dental Adeslas...
[2026-04-17T12:49:58.520Z] [WARNING] Skipping outreach for Clínica Dental Adeslas: No corporate email discovered yet.
[2026-04-17T12:49:58.520Z] [INFO] Automating Outreach for restaurante Principal Sant Antoni de Vilamajor...
[2026-04-17T12:49:58.521Z] [WARNING] Skipping outreach for restaurante Principal Sant Antoni de Vilamajor: No corporate email discovered yet.
[2026-04-17T12:49:58.521Z] [INFO] Automating Outreach for Especialistas restaurante Sant Antoni de Vilamajor...
[2026-04-17T12:49:58.521Z] [WARNING] Skipping outreach for Especialistas restaurante Sant Antoni de Vilamajor: No corporate email discovered yet.
[2026-04-17T12:49:58.522Z] [INFO] Automating Outreach for SC Project | Inmobiliaria en Sant Cugat...
[2026-04-17T12:49:58.522Z] [WARNING] Skipping outreach for SC Project | Inmobiliaria en Sant Cugat: No corporate email discovered yet.
[2026-04-17T12:49:58.522Z] [INFO] Automating Outreach for clínica dental Principal Granollers...
[2026-04-17T12:49:58.523Z] [WARNING] Skipping outreach for clínica dental Principal Granollers: No corporate email discovered yet.
[2026-04-17T12:49:58.524Z] [INFO] Cycle complete. Sleeping for 60s...
[2026-04-17T12:50:30.241Z] [INFO] Searching for NEW leads to audit...
[2026-04-17T12:50:30.359Z] [INFO] No new leads found for audit.
[2026-04-17T12:50:30.360Z] [INFO] Searching for candidates for Asset Generation...
[2026-04-17T12:50:30.459Z] [INFO] Phase 3: No candidates found for generation.
[2026-04-17T12:50:30.460Z] [INFO] Phase 4: Checking for Outreach candidates...
[2026-04-17T12:50:30.525Z] [INFO] Automating Outreach for Clínica Dental Adeslas...
[2026-04-17T12:50:30.736Z] [SUCCESS] Outreach successful for Clínica Dental Adeslas
[2026-04-17T12:50:30.880Z] [INFO] Automating Outreach for restaurante Principal Sant Antoni de Vilamajor...
[2026-04-17T12:50:31.096Z] [SUCCESS] Outreach successful for restaurante Principal Sant Antoni de Vilamajor
[2026-04-17T12:50:31.230Z] [INFO] Automating Outreach for Especialistas restaurante Sant Antoni de Vilamajor...
[2026-04-17T12:50:31.364Z] [SUCCESS] Outreach successful for Especialistas restaurante Sant Antoni de Vilamajor
[2026-04-17T12:50:31.501Z] [INFO] Automating Outreach for SC Project | Inmobiliaria en Sant Cugat...
[2026-04-17T12:50:31.727Z] [SUCCESS] Outreach successful for SC Project | Inmobiliaria en Sant Cugat
[2026-04-17T12:50:31.948Z] [INFO] Automating Outreach for clínica dental Principal Granollers...
[2026-04-17T12:50:32.089Z] [SUCCESS] Outreach successful for clínica dental Principal Granollers
[2026-04-17T12:50:32.228Z] [INFO] Cycle complete. Sleeping for 60s...
[2026-04-17T12:50:58.528Z] [INFO] Searching for NEW leads to audit...
[2026-04-17T12:50:58.663Z] [INFO] No new leads found for audit.
[2026-04-17T12:50:58.664Z] [INFO] Searching for candidates for Asset Generation...
[2026-04-17T12:50:58.766Z] [INFO] Phase 3: No candidates found for generation.
[2026-04-17T12:50:58.767Z] [INFO] Phase 4: Checking for Outreach candidates...
[2026-04-17T12:50:58.853Z] [INFO] Automating Outreach for Clínica Dental Adeslas...
[2026-04-17T12:50:58.854Z] [WARNING] Skipping outreach for Clínica Dental Adeslas: No corporate email discovered yet.
[2026-04-17T12:50:58.854Z] [INFO] Automating Outreach for restaurante Principal Sant Antoni de Vilamajor...
[2026-04-17T12:50:58.855Z] [WARNING] Skipping outreach for restaurante Principal Sant Antoni de Vilamajor: No corporate email discovered yet.
[2026-04-17T12:50:58.856Z] [INFO] Automating Outreach for Especialistas restaurante Sant Antoni de Vilamajor...
[2026-04-17T12:50:58.857Z] [WARNING] Skipping outreach for Especialistas restaurante Sant Antoni de Vilamajor: No corporate email discovered yet.
[2026-04-17T12:50:58.857Z] [INFO] Automating Outreach for SC Project | Inmobiliaria en Sant Cugat...
[2026-04-17T12:50:58.858Z] [WARNING] Skipping outreach for SC Project | Inmobiliaria en Sant Cugat: No corporate email discovered yet.
[2026-04-17T12:50:58.858Z] [INFO] Automating Outreach for clínica dental Principal Granollers...
[2026-04-17T12:50:58.859Z] [WARNING] Skipping outreach for clínica dental Principal Granollers: No corporate email discovered yet.
[2026-04-17T12:50:58.859Z] [INFO] Cycle complete. Sleeping for 60s...
[2026-04-17T12:51:32.241Z] [INFO] Searching for NEW leads to audit...
[2026-04-17T12:51:32.362Z] [INFO] No new leads found for audit.
[2026-04-17T12:51:32.362Z] [INFO] Searching for candidates for Asset Generation...
[2026-04-17T12:51:32.476Z] [INFO] Phase 3: No candidates found for generation.
[2026-04-17T12:51:32.476Z] [INFO] Phase 4: Checking for Outreach candidates...
[2026-04-17T12:51:32.548Z] [INFO] Automating Outreach for Clínica Dental Adeslas...
[2026-04-17T12:51:32.775Z] [SUCCESS] Outreach successful for Clínica Dental Adeslas
[2026-04-17T12:51:32.914Z] [INFO] Automating Outreach for restaurante Principal Sant Antoni de Vilamajor...
[2026-04-17T12:51:33.120Z] [SUCCESS] Outreach successful for restaurante Principal Sant Antoni de Vilamajor
[2026-04-17T12:51:33.255Z] [INFO] Automating Outreach for Especialistas restaurante Sant Antoni de Vilamajor...
[2026-04-17T12:51:33.390Z] [SUCCESS] Outreach successful for Especialistas restaurante Sant Antoni de Vilamajor
[2026-04-17T12:51:33.535Z] [INFO] Automating Outreach for SC Project | Inmobiliaria en Sant Cugat...
[2026-04-17T12:51:33.671Z] [SUCCESS] Outreach successful for SC Project | Inmobiliaria en Sant Cugat
[2026-04-17T12:51:33.805Z] [INFO] Automating Outreach for clínica dental Principal Granollers...
[2026-04-17T12:51:33.939Z] [SUCCESS] Outreach successful for clínica dental Principal Granollers
[2026-04-17T12:51:34.078Z] [INFO] Cycle complete. Sleeping for 60s...
[2026-04-17T12:51:58.871Z] [INFO] Searching for NEW leads to audit...
[2026-04-17T12:51:59.028Z] [INFO] No new leads found for audit.
[2026-04-17T12:51:59.028Z] [INFO] Searching for candidates for Asset Generation...
[2026-04-17T12:51:59.139Z] [INFO] Phase 3: No candidates found for generation.
[2026-04-17T12:51:59.140Z] [INFO] Phase 4: Checking for Outreach candidates...
[2026-04-17T12:51:59.217Z] [INFO] Automating Outreach for Clínica Dental Adeslas...
[2026-04-17T12:51:59.218Z] [WARNING] Skipping outreach for Clínica Dental Adeslas: No corporate email discovered yet.
[2026-04-17T12:51:59.219Z] [INFO] Automating Outreach for restaurante Principal Sant Antoni de Vilamajor...
[2026-04-17T12:51:59.219Z] [WARNING] Skipping outreach for restaurante Principal Sant Antoni de Vilamajor: No corporate email discovered yet.
[2026-04-17T12:51:59.219Z] [INFO] Automating Outreach for Especialistas restaurante Sant Antoni de Vilamajor...
[2026-04-17T12:51:59.220Z] [WARNING] Skipping outreach for Especialistas restaurante Sant Antoni de Vilamajor: No corporate email discovered yet.
[2026-04-17T12:51:59.220Z] [INFO] Automating Outreach for SC Project | Inmobiliaria en Sant Cugat...
[2026-04-17T12:51:59.221Z] [WARNING] Skipping outreach for SC Project | Inmobiliaria en Sant Cugat: No corporate email discovered yet.
[2026-04-17T12:51:59.221Z] [INFO] Automating Outreach for clínica dental Principal Granollers...
[2026-04-17T12:51:59.222Z] [WARNING] Skipping outreach for clínica dental Principal Granollers: No corporate email discovered yet.
[2026-04-17T12:51:59.222Z] [INFO] Cycle complete. Sleeping for 60s...
[2026-04-17T12:52:34.092Z] [INFO] Searching for NEW leads to audit...
[2026-04-17T12:52:34.213Z] [INFO] No new leads found for audit.
[2026-04-17T12:52:34.214Z] [INFO] Searching for candidates for Asset Generation...
[2026-04-17T12:52:34.317Z] [INFO] Phase 3: No candidates found for generation.
[2026-04-17T12:52:34.318Z] [INFO] Phase 4: Checking for Outreach candidates...
[2026-04-17T12:52:34.387Z] [INFO] Automating Outreach for Clínica Dental Adeslas...
[2026-04-17T12:52:34.592Z] [SUCCESS] Outreach successful for Clínica Dental Adeslas
[2026-04-17T12:52:34.745Z] [INFO] Automating Outreach for restaurante Principal Sant Antoni de Vilamajor...
[2026-04-17T12:52:34.934Z] [SUCCESS] Outreach successful for restaurante Principal Sant Antoni de Vilamajor
[2026-04-17T12:52:35.088Z] [INFO] Automating Outreach for Especialistas restaurante Sant Antoni de Vilamajor...
[2026-04-17T12:52:35.216Z] [SUCCESS] Outreach successful for Especialistas restaurante Sant Antoni de Vilamajor
[2026-04-17T12:52:35.345Z] [INFO] Automating Outreach for SC Project | Inmobiliaria en Sant Cugat...
[2026-04-17T12:52:35.482Z] [SUCCESS] Outreach successful for SC Project | Inmobiliaria en Sant Cugat
[2026-04-17T12:52:35.621Z] [INFO] Automating Outreach for clínica dental Principal Granollers...
[2026-04-17T12:52:35.762Z] [SUCCESS] Outreach successful for clínica dental Principal Granollers
[2026-04-17T12:52:35.908Z] [INFO] Cycle complete. Sleeping for 60s...
[2026-04-17T12:52:59.236Z] [INFO] Searching for NEW leads to audit...
[2026-04-17T12:52:59.347Z] [INFO] No new leads found for audit.
[2026-04-17T12:52:59.348Z] [INFO] Searching for candidates for Asset Generation...
[2026-04-17T12:52:59.449Z] [INFO] Phase 3: No candidates found for generation.
[2026-04-17T12:52:59.450Z] [INFO] Phase 4: Checking for Outreach candidates...
[2026-04-17T12:52:59.518Z] [INFO] Automating Outreach for Clínica Dental Adeslas...
[2026-04-17T12:52:59.519Z] [WARNING] Skipping outreach for Clínica Dental Adeslas: No corporate email discovered yet.
[2026-04-17T12:52:59.519Z] [INFO] Automating Outreach for restaurante Principal Sant Antoni de Vilamajor...
[2026-04-17T12:52:59.520Z] [WARNING] Skipping outreach for restaurante Principal Sant Antoni de Vilamajor: No corporate email discovered yet.
[2026-04-17T12:52:59.520Z] [INFO] Automating Outreach for Especialistas restaurante Sant Antoni de Vilamajor...
[2026-04-17T12:52:59.521Z] [WARNING] Skipping outreach for Especialistas restaurante Sant Antoni de Vilamajor: No corporate email discovered yet.
[2026-04-17T12:52:59.522Z] [INFO] Automating Outreach for SC Project | Inmobiliaria en Sant Cugat...
[2026-04-17T12:52:59.522Z] [WARNING] Skipping outreach for SC Project | Inmobiliaria en Sant Cugat: No corporate email discovered yet.
[2026-04-17T12:52:59.522Z] [INFO] Automating Outreach for clínica dental Principal Granollers...
[2026-04-17T12:52:59.523Z] [WARNING] Skipping outreach for clínica dental Principal Granollers: No corporate email discovered yet.
[2026-04-17T12:52:59.523Z] [INFO] Cycle complete. Sleeping for 60s...
[2026-04-17T12:53:35.909Z] [INFO] Searching for NEW leads to audit...
[2026-04-17T12:53:36.097Z] [INFO] No new leads found for audit.
[2026-04-17T12:53:36.097Z] [INFO] Searching for candidates for Asset Generation...
[2026-04-17T12:53:36.222Z] [INFO] Phase 3: No candidates found for generation.
[2026-04-17T12:53:36.222Z] [INFO] Phase 4: Checking for Outreach candidates...
[2026-04-17T12:53:36.297Z] [INFO] Automating Outreach for Clínica Dental Adeslas...
[2026-04-17T12:53:36.570Z] [SUCCESS] Outreach successful for Clínica Dental Adeslas
[2026-04-17T12:53:36.716Z] [INFO] Automating Outreach for restaurante Principal Sant Antoni de Vilamajor...
[2026-04-17T12:53:36.917Z] [SUCCESS] Outreach successful for restaurante Principal Sant Antoni de Vilamajor
[2026-04-17T12:53:37.062Z] [INFO] Automating Outreach for Especialistas restaurante Sant Antoni de Vilamajor...
[2026-04-17T12:53:37.191Z] [SUCCESS] Outreach successful for Especialistas restaurante Sant Antoni de Vilamajor
[2026-04-17T12:53:37.333Z] [INFO] Automating Outreach for SC Project | Inmobiliaria en Sant Cugat...
[2026-04-17T12:53:37.461Z] [SUCCESS] Outreach successful for SC Project | Inmobiliaria en Sant Cugat
[2026-04-17T12:53:37.595Z] [INFO] Automating Outreach for clínica dental Principal Granollers...
[2026-04-17T12:53:37.723Z] [SUCCESS] Outreach successful for clínica dental Principal Granollers
[2026-04-17T12:53:37.875Z] [INFO] Cycle complete. Sleeping for 60s...
[2026-04-17T12:53:59.534Z] [INFO] Searching for NEW leads to audit...
[2026-04-17T12:53:59.719Z] [INFO] No new leads found for audit.
[2026-04-17T12:53:59.719Z] [INFO] Searching for candidates for Asset Generation...
[2026-04-17T12:53:59.838Z] [INFO] Phase 3: No candidates found for generation.
[2026-04-17T12:53:59.838Z] [INFO] Phase 4: Checking for Outreach candidates...
[2026-04-17T12:53:59.909Z] [INFO] Automating Outreach for Clínica Dental Adeslas...
[2026-04-17T12:53:59.909Z] [WARNING] Skipping outreach for Clínica Dental Adeslas: No corporate email discovered yet.
[2026-04-17T12:53:59.910Z] [INFO] Automating Outreach for restaurante Principal Sant Antoni de Vilamajor...
[2026-04-17T12:53:59.910Z] [WARNING] Skipping outreach for restaurante Principal Sant Antoni de Vilamajor: No corporate email discovered yet.
[2026-04-17T12:53:59.911Z] [INFO] Automating Outreach for Especialistas restaurante Sant Antoni de Vilamajor...
[2026-04-17T12:53:59.911Z] [WARNING] Skipping outreach for Especialistas restaurante Sant Antoni de Vilamajor: No corporate email discovered yet.
[2026-04-17T12:53:59.911Z] [INFO] Automating Outreach for SC Project | Inmobiliaria en Sant Cugat...
[2026-04-17T12:53:59.912Z] [WARNING] Skipping outreach for SC Project | Inmobiliaria en Sant Cugat: No corporate email discovered yet.
[2026-04-17T12:53:59.912Z] [INFO] Automating Outreach for clínica dental Principal Granollers...
[2026-04-17T12:53:59.912Z] [WARNING] Skipping outreach for clínica dental Principal Granollers: No corporate email discovered yet.
[2026-04-17T12:53:59.913Z] [INFO] Cycle complete. Sleeping for 60s...
[2026-04-17T12:54:37.879Z] [INFO] Searching for NEW leads to audit...
[2026-04-17T12:54:38.275Z] [INFO] No new leads found for audit.
[2026-04-17T12:54:38.276Z] [INFO] Searching for candidates for Asset Generation...
[2026-04-17T12:54:38.392Z] [INFO] Phase 3: No candidates found for generation.
[2026-04-17T12:54:38.392Z] [INFO] Phase 4: Checking for Outreach candidates...
[2026-04-17T12:54:38.463Z] [INFO] Automating Outreach for Clínica Dental Adeslas...
[2026-04-17T12:54:38.698Z] [SUCCESS] Outreach successful for Clínica Dental Adeslas
[2026-04-17T12:54:38.838Z] [INFO] Automating Outreach for restaurante Principal Sant Antoni de Vilamajor...
[2026-04-17T12:54:39.032Z] [SUCCESS] Outreach successful for restaurante Principal Sant Antoni de Vilamajor
[2026-04-17T12:54:39.160Z] [INFO] Automating Outreach for Especialistas restaurante Sant Antoni de Vilamajor...
[2026-04-17T12:54:39.299Z] [SUCCESS] Outreach successful for Especialistas restaurante Sant Antoni de Vilamajor
[2026-04-17T12:54:39.435Z] [INFO] Automating Outreach for SC Project | Inmobiliaria en Sant Cugat...
[2026-04-17T12:54:39.571Z] [SUCCESS] Outreach successful for SC Project | Inmobiliaria en Sant Cugat
[2026-04-17T12:54:39.712Z] [INFO] Automating Outreach for clínica dental Principal Granollers...
[2026-04-17T12:54:39.850Z] [SUCCESS] Outreach successful for clínica dental Principal Granollers
[2026-04-17T12:54:39.986Z] [INFO] Cycle complete. Sleeping for 60s...
[2026-04-17T12:54:59.917Z] [INFO] Searching for NEW leads to audit...
[2026-04-17T12:55:00.049Z] [INFO] No new leads found for audit.
[2026-04-17T12:55:00.049Z] [INFO] Searching for candidates for Asset Generation...
[2026-04-17T12:55:00.161Z] [INFO] Phase 3: No candidates found for generation.
[2026-04-17T12:55:00.162Z] [INFO] Phase 4: Checking for Outreach candidates...
[2026-04-17T12:55:00.231Z] [INFO] Automating Outreach for Clínica Dental Adeslas...
[2026-04-17T12:55:00.232Z] [WARNING] Skipping outreach for Clínica Dental Adeslas: No corporate email discovered yet.
[2026-04-17T12:55:00.232Z] [INFO] Automating Outreach for restaurante Principal Sant Antoni de Vilamajor...
[2026-04-17T12:55:00.233Z] [WARNING] Skipping outreach for restaurante Principal Sant Antoni de Vilamajor: No corporate email discovered yet.
[2026-04-17T12:55:00.234Z] [INFO] Automating Outreach for Especialistas restaurante Sant Antoni de Vilamajor...
[2026-04-17T12:55:00.234Z] [WARNING] Skipping outreach for Especialistas restaurante Sant Antoni de Vilamajor: No corporate email discovered yet.
[2026-04-17T12:55:00.234Z] [INFO] Automating Outreach for SC Project | Inmobiliaria en Sant Cugat...
[2026-04-17T12:55:00.235Z] [WARNING] Skipping outreach for SC Project | Inmobiliaria en Sant Cugat: No corporate email discovered yet.
[2026-04-17T12:55:00.236Z] [INFO] Automating Outreach for clínica dental Principal Granollers...
[2026-04-17T12:55:00.236Z] [WARNING] Skipping outreach for clínica dental Principal Granollers: No corporate email discovered yet.
[2026-04-17T12:55:00.237Z] [INFO] Cycle complete. Sleeping for 60s...
[2026-04-17T12:55:39.992Z] [INFO] Searching for NEW leads to audit...
[2026-04-17T12:55:40.123Z] [INFO] No new leads found for audit.
[2026-04-17T12:55:40.124Z] [INFO] Searching for candidates for Asset Generation...
[2026-04-17T12:55:40.222Z] [INFO] Phase 3: No candidates found for generation.
[2026-04-17T12:55:40.223Z] [INFO] Phase 4: Checking for Outreach candidates...
[2026-04-17T12:55:40.292Z] [INFO] Automating Outreach for Clínica Dental Adeslas...
[2026-04-17T12:55:40.503Z] [SUCCESS] Outreach successful for Clínica Dental Adeslas
[2026-04-17T12:55:40.641Z] [INFO] Automating Outreach for restaurante Principal Sant Antoni de Vilamajor...
[2026-04-17T12:55:40.842Z] [SUCCESS] Outreach successful for restaurante Principal Sant Antoni de Vilamajor
[2026-04-17T12:55:40.989Z] [INFO] Automating Outreach for Especialistas restaurante Sant Antoni de Vilamajor...
[2026-04-17T12:55:41.125Z] [SUCCESS] Outreach successful for Especialistas restaurante Sant Antoni de Vilamajor
[2026-04-17T12:55:41.272Z] [INFO] Automating Outreach for SC Project | Inmobiliaria en Sant Cugat...
[2026-04-17T12:55:41.415Z] [SUCCESS] Outreach successful for SC Project | Inmobiliaria en Sant Cugat
[2026-04-17T12:55:41.557Z] [INFO] Automating Outreach for clínica dental Principal Granollers...
[2026-04-17T12:55:41.684Z] [SUCCESS] Outreach successful for clínica dental Principal Granollers
[2026-04-17T12:55:41.821Z] [INFO] Cycle complete. Sleeping for 60s...
[2026-04-17T12:56:00.245Z] [INFO] Searching for NEW leads to audit...
[2026-04-17T12:56:00.397Z] [INFO] No new leads found for audit.
[2026-04-17T12:56:00.397Z] [INFO] Searching for candidates for Asset Generation...
[2026-04-17T12:56:00.567Z] [INFO] Phase 3: No candidates found for generation.
[2026-04-17T12:56:00.567Z] [INFO] Phase 4: Checking for Outreach candidates...
[2026-04-17T12:56:00.638Z] [INFO] Automating Outreach for Clínica Dental Adeslas...
[2026-04-17T12:56:00.639Z] [WARNING] Skipping outreach for Clínica Dental Adeslas: No corporate email discovered yet.
[2026-04-17T12:56:00.639Z] [INFO] Automating Outreach for restaurante Principal Sant Antoni de Vilamajor...
[2026-04-17T12:56:00.639Z] [WARNING] Skipping outreach for restaurante Principal Sant Antoni de Vilamajor: No corporate email discovered yet.
[2026-04-17T12:56:00.640Z] [INFO] Automating Outreach for Especialistas restaurante Sant Antoni de Vilamajor...
[2026-04-17T12:56:00.640Z] [WARNING] Skipping outreach for Especialistas restaurante Sant Antoni de Vilamajor: No corporate email discovered yet.
[2026-04-17T12:56:00.640Z] [INFO] Automating Outreach for SC Project | Inmobiliaria en Sant Cugat...
[2026-04-17T12:56:00.641Z] [WARNING] Skipping outreach for SC Project | Inmobiliaria en Sant Cugat: No corporate email discovered yet.
[2026-04-17T12:56:00.641Z] [INFO] Automating Outreach for clínica dental Principal Granollers...
[2026-04-17T12:56:00.641Z] [WARNING] Skipping outreach for clínica dental Principal Granollers: No corporate email discovered yet.
[2026-04-17T12:56:00.642Z] [INFO] Cycle complete. Sleeping for 60s...
[2026-04-17T12:56:41.830Z] [INFO] Searching for NEW leads to audit...
[2026-04-17T12:56:41.963Z] [INFO] No new leads found for audit.
[2026-04-17T12:56:41.964Z] [INFO] Searching for candidates for Asset Generation...
[2026-04-17T12:56:42.063Z] [INFO] Phase 3: No candidates found for generation.
[2026-04-17T12:56:42.064Z] [INFO] Phase 4: Checking for Outreach candidates...
[2026-04-17T12:56:42.131Z] [INFO] Automating Outreach for Clínica Dental Adeslas...
[2026-04-17T12:56:42.356Z] [SUCCESS] Outreach successful for Clínica Dental Adeslas
[2026-04-17T12:56:42.554Z] [INFO] Automating Outreach for restaurante Principal Sant Antoni de Vilamajor...
[2026-04-17T12:56:42.845Z] [SUCCESS] Outreach successful for restaurante Principal Sant Antoni de Vilamajor
[2026-04-17T12:56:43.039Z] [INFO] Automating Outreach for Especialistas restaurante Sant Antoni de Vilamajor...
[2026-04-17T12:56:43.172Z] [SUCCESS] Outreach successful for Especialistas restaurante Sant Antoni de Vilamajor
[2026-04-17T12:56:43.311Z] [INFO] Automating Outreach for SC Project | Inmobiliaria en Sant Cugat...
[2026-04-17T12:56:43.444Z] [SUCCESS] Outreach successful for SC Project | Inmobiliaria en Sant Cugat
[2026-04-17T12:56:43.576Z] [INFO] Automating Outreach for clínica dental Principal Granollers...
[2026-04-17T12:56:43.706Z] [SUCCESS] Outreach successful for clínica dental Principal Granollers
[2026-04-17T12:56:43.835Z] [INFO] Cycle complete. Sleeping for 60s...
[2026-04-17T12:57:00.647Z] [INFO] Searching for NEW leads to audit...
[2026-04-17T12:57:00.770Z] [INFO] No new leads found for audit.
[2026-04-17T12:57:00.771Z] [INFO] Searching for candidates for Asset Generation...
[2026-04-17T12:57:00.887Z] [INFO] Phase 3: No candidates found for generation.
[2026-04-17T12:57:00.888Z] [INFO] Phase 4: Checking for Outreach candidates...
[2026-04-17T12:57:00.964Z] [INFO] Automating Outreach for Clínica Dental Adeslas...
[2026-04-17T12:57:00.965Z] [WARNING] Skipping outreach for Clínica Dental Adeslas: No corporate email discovered yet.
[2026-04-17T12:57:00.965Z] [INFO] Automating Outreach for restaurante Principal Sant Antoni de Vilamajor...
[2026-04-17T12:57:00.966Z] [WARNING] Skipping outreach for restaurante Principal Sant Antoni de Vilamajor: No corporate email discovered yet.
[2026-04-17T12:57:00.966Z] [INFO] Automating Outreach for Especialistas restaurante Sant Antoni de Vilamajor...
[2026-04-17T12:57:00.967Z] [WARNING] Skipping outreach for Especialistas restaurante Sant Antoni de Vilamajor: No corporate email discovered yet.
[2026-04-17T12:57:00.967Z] [INFO] Automating Outreach for SC Project | Inmobiliaria en Sant Cugat...
[2026-04-17T12:57:00.968Z] [WARNING] Skipping outreach for SC Project | Inmobiliaria en Sant Cugat: No corporate email discovered yet.
[2026-04-17T12:57:00.969Z] [INFO] Automating Outreach for clínica dental Principal Granollers...
[2026-04-17T12:57:00.969Z] [WARNING] Skipping outreach for clínica dental Principal Granollers: No corporate email discovered yet.
[2026-04-17T12:57:00.970Z] [INFO] Cycle complete. Sleeping for 60s...
[2026-04-17T12:57:43.851Z] [INFO] Searching for NEW leads to audit...
[2026-04-17T12:57:43.973Z] [INFO] No new leads found for audit.
[2026-04-17T12:57:43.974Z] [INFO] Searching for candidates for Asset Generation...
[2026-04-17T12:57:44.084Z] [INFO] Phase 3: No candidates found for generation.
[2026-04-17T12:57:44.085Z] [INFO] Phase 4: Checking for Outreach candidates...
[2026-04-17T12:57:44.158Z] [INFO] Automating Outreach for Clínica Dental Adeslas...
[2026-04-17T12:57:44.365Z] [SUCCESS] Outreach successful for Clínica Dental Adeslas
[2026-04-17T12:57:44.507Z] [INFO] Automating Outreach for restaurante Principal Sant Antoni de Vilamajor...
[2026-04-17T12:57:44.718Z] [SUCCESS] Outreach successful for restaurante Principal Sant Antoni de Vilamajor
[2026-04-17T12:57:44.857Z] [INFO] Automating Outreach for Especialistas restaurante Sant Antoni de Vilamajor...
[2026-04-17T12:57:44.993Z] [SUCCESS] Outreach successful for Especialistas restaurante Sant Antoni de Vilamajor
[2026-04-17T12:57:45.128Z] [INFO] Automating Outreach for SC Project | Inmobiliaria en Sant Cugat...
[2026-04-17T12:57:45.258Z] [SUCCESS] Outreach successful for SC Project | Inmobiliaria en Sant Cugat
[2026-04-17T12:57:45.400Z] [INFO] Automating Outreach for clínica dental Principal Granollers...
[2026-04-17T12:57:45.532Z] [SUCCESS] Outreach successful for clínica dental Principal Granollers
[2026-04-17T12:57:45.686Z] [INFO] Cycle complete. Sleeping for 60s...
[2026-04-17T12:58:00.982Z] [INFO] Searching for NEW leads to audit...
[2026-04-17T12:58:01.097Z] [INFO] No new leads found for audit.
[2026-04-17T12:58:01.098Z] [INFO] Searching for candidates for Asset Generation...
[2026-04-17T12:58:01.199Z] [INFO] Phase 3: No candidates found for generation.
[2026-04-17T12:58:01.200Z] [INFO] Phase 4: Checking for Outreach candidates...
[2026-04-17T12:58:01.269Z] [INFO] Automating Outreach for Clínica Dental Adeslas...
[2026-04-17T12:58:01.270Z] [WARNING] Skipping outreach for Clínica Dental Adeslas: No corporate email discovered yet.
[2026-04-17T12:58:01.270Z] [INFO] Automating Outreach for restaurante Principal Sant Antoni de Vilamajor...
[2026-04-17T12:58:01.271Z] [WARNING] Skipping outreach for restaurante Principal Sant Antoni de Vilamajor: No corporate email discovered yet.
[2026-04-17T12:58:01.271Z] [INFO] Automating Outreach for Especialistas restaurante Sant Antoni de Vilamajor...
[2026-04-17T12:58:01.272Z] [WARNING] Skipping outreach for Especialistas restaurante Sant Antoni de Vilamajor: No corporate email discovered yet.
[2026-04-17T12:58:01.272Z] [INFO] Automating Outreach for SC Project | Inmobiliaria en Sant Cugat...
[2026-04-17T12:58:01.273Z] [WARNING] Skipping outreach for SC Project | Inmobiliaria en Sant Cugat: No corporate email discovered yet.
[2026-04-17T12:58:01.273Z] [INFO] Automating Outreach for clínica dental Principal Granollers...
[2026-04-17T12:58:01.273Z] [WARNING] Skipping outreach for clínica dental Principal Granollers: No corporate email discovered yet.
[2026-04-17T12:58:01.274Z] [INFO] Cycle complete. Sleeping for 60s...
[2026-04-17T12:58:45.776Z] [INFO] Searching for NEW leads to audit...
[2026-04-17T12:58:45.898Z] [INFO] No new leads found for audit.
[2026-04-17T12:58:45.899Z] [INFO] Searching for candidates for Asset Generation...
[2026-04-17T12:58:46.007Z] [INFO] Phase 3: No candidates found for generation.
[2026-04-17T12:58:46.007Z] [INFO] Phase 4: Checking for Outreach candidates...
[2026-04-17T12:58:46.086Z] [INFO] Automating Outreach for Clínica Dental Adeslas...
[2026-04-17T12:58:46.295Z] [SUCCESS] Outreach successful for Clínica Dental Adeslas
[2026-04-17T12:58:46.461Z] [INFO] Automating Outreach for restaurante Principal Sant Antoni de Vilamajor...
[2026-04-17T12:58:46.664Z] [SUCCESS] Outreach successful for restaurante Principal Sant Antoni de Vilamajor
[2026-04-17T12:58:46.801Z] [INFO] Automating Outreach for Especialistas restaurante Sant Antoni de Vilamajor...
[2026-04-17T12:58:46.933Z] [SUCCESS] Outreach successful for Especialistas restaurante Sant Antoni de Vilamajor
[2026-04-17T12:58:47.064Z] [INFO] Automating Outreach for SC Project | Inmobiliaria en Sant Cugat...
[2026-04-17T12:58:47.193Z] [SUCCESS] Outreach successful for SC Project | Inmobiliaria en Sant Cugat
[2026-04-17T12:58:47.328Z] [INFO] Automating Outreach for clínica dental Principal Granollers...
[2026-04-17T12:58:47.459Z] [SUCCESS] Outreach successful for clínica dental Principal Granollers
[2026-04-17T12:58:47.594Z] [INFO] Cycle complete. Sleeping for 60s...
[2026-04-17T12:59:01.288Z] [INFO] Searching for NEW leads to audit...
[2026-04-17T12:59:01.403Z] [INFO] No new leads found for audit.
[2026-04-17T12:59:01.404Z] [INFO] Searching for candidates for Asset Generation...
[2026-04-17T12:59:01.511Z] [INFO] Phase 3: No candidates found for generation.
[2026-04-17T12:59:01.511Z] [INFO] Phase 4: Checking for Outreach candidates...
[2026-04-17T12:59:01.578Z] [INFO] Automating Outreach for Clínica Dental Adeslas...
[2026-04-17T12:59:01.578Z] [WARNING] Skipping outreach for Clínica Dental Adeslas: No corporate email discovered yet.
[2026-04-17T12:59:01.579Z] [INFO] Automating Outreach for restaurante Principal Sant Antoni de Vilamajor...
[2026-04-17T12:59:01.579Z] [WARNING] Skipping outreach for restaurante Principal Sant Antoni de Vilamajor: No corporate email discovered yet.
[2026-04-17T12:59:01.580Z] [INFO] Automating Outreach for Especialistas restaurante Sant Antoni de Vilamajor...
[2026-04-17T12:59:01.580Z] [WARNING] Skipping outreach for Especialistas restaurante Sant Antoni de Vilamajor: No corporate email discovered yet.
[2026-04-17T12:59:01.581Z] [INFO] Automating Outreach for SC Project | Inmobiliaria en Sant Cugat...
[2026-04-17T12:59:01.581Z] [WARNING] Skipping outreach for SC Project | Inmobiliaria en Sant Cugat: No corporate email discovered yet.
[2026-04-17T12:59:01.582Z] [INFO] Automating Outreach for clínica dental Principal Granollers...
[2026-04-17T12:59:01.583Z] [WARNING] Skipping outreach for clínica dental Principal Granollers: No corporate email discovered yet.
[2026-04-17T12:59:01.584Z] [INFO] Cycle complete. Sleeping for 60s...
[2026-04-17T12:59:47.597Z] [INFO] Searching for NEW leads to audit...
[2026-04-17T12:59:47.763Z] [INFO] No new leads found for audit.
[2026-04-17T12:59:47.763Z] [INFO] Searching for candidates for Asset Generation...
[2026-04-17T12:59:47.904Z] [INFO] Phase 3: No candidates found for generation.
[2026-04-17T12:59:47.904Z] [INFO] Phase 4: Checking for Outreach candidates...
[2026-04-17T12:59:47.972Z] [INFO] Automating Outreach for Clínica Dental Adeslas...
[2026-04-17T12:59:48.248Z] [SUCCESS] Outreach successful for Clínica Dental Adeslas
[2026-04-17T12:59:48.392Z] [INFO] Automating Outreach for restaurante Principal Sant Antoni de Vilamajor...
[2026-04-17T12:59:48.629Z] [SUCCESS] Outreach successful for restaurante Principal Sant Antoni de Vilamajor
[2026-04-17T12:59:48.764Z] [INFO] Automating Outreach for Especialistas restaurante Sant Antoni de Vilamajor...
[2026-04-17T12:59:48.899Z] [SUCCESS] Outreach successful for Especialistas restaurante Sant Antoni de Vilamajor
[2026-04-17T12:59:49.044Z] [INFO] Automating Outreach for SC Project | Inmobiliaria en Sant Cugat...
[2026-04-17T12:59:49.224Z] [SUCCESS] Outreach successful for SC Project | Inmobiliaria en Sant Cugat
[2026-04-17T12:59:49.359Z] [INFO] Automating Outreach for clínica dental Principal Granollers...
[2026-04-17T12:59:49.491Z] [SUCCESS] Outreach successful for clínica dental Principal Granollers
[2026-04-17T12:59:49.625Z] [INFO] Cycle complete. Sleeping for 60s...
[2026-04-17T13:00:01.586Z] [INFO] Searching for NEW leads to audit...
[2026-04-17T13:00:01.724Z] [INFO] No new leads found for audit.
[2026-04-17T13:00:01.725Z] [INFO] Searching for candidates for Asset Generation...
[2026-04-17T13:00:01.828Z] [INFO] Phase 3: No candidates found for generation.
[2026-04-17T13:00:01.829Z] [INFO] Phase 4: Checking for Outreach candidates...
[2026-04-17T13:00:01.912Z] [INFO] Automating Outreach for Clínica Dental Adeslas...
[2026-04-17T13:00:01.913Z] [WARNING] Skipping outreach for Clínica Dental Adeslas: No corporate email discovered yet.
[2026-04-17T13:00:01.913Z] [INFO] Automating Outreach for restaurante Principal Sant Antoni de Vilamajor...
[2026-04-17T13:00:01.914Z] [WARNING] Skipping outreach for restaurante Principal Sant Antoni de Vilamajor: No corporate email discovered yet.
[2026-04-17T13:00:01.915Z] [INFO] Automating Outreach for Especialistas restaurante Sant Antoni de Vilamajor...
[2026-04-17T13:00:01.915Z] [WARNING] Skipping outreach for Especialistas restaurante Sant Antoni de Vilamajor: No corporate email discovered yet.
[2026-04-17T13:00:01.916Z] [INFO] Automating Outreach for SC Project | Inmobiliaria en Sant Cugat...
[2026-04-17T13:00:01.917Z] [WARNING] Skipping outreach for SC Project | Inmobiliaria en Sant Cugat: No corporate email discovered yet.
[2026-04-17T13:00:01.918Z] [INFO] Automating Outreach for clínica dental Principal Granollers...
[2026-04-17T13:00:01.918Z] [WARNING] Skipping outreach for clínica dental Principal Granollers: No corporate email discovered yet.
[2026-04-17T13:00:01.919Z] [INFO] Cycle complete. Sleeping for 60s...
[2026-04-17T13:00:49.634Z] [INFO] Searching for NEW leads to audit...
[2026-04-17T13:00:49.926Z] [INFO] No new leads found for audit.
[2026-04-17T13:00:49.926Z] [INFO] Searching for candidates for Asset Generation...
[2026-04-17T13:00:50.049Z] [INFO] Phase 3: No candidates found for generation.
[2026-04-17T13:00:50.050Z] [INFO] Phase 4: Checking for Outreach candidates...
[2026-04-17T13:00:50.138Z] [INFO] Automating Outreach for Clínica Dental Adeslas...
[2026-04-17T13:00:50.366Z] [SUCCESS] Outreach successful for Clínica Dental Adeslas
[2026-04-17T13:00:50.508Z] [INFO] Automating Outreach for restaurante Principal Sant Antoni de Vilamajor...
[2026-04-17T13:00:50.749Z] [SUCCESS] Outreach successful for restaurante Principal Sant Antoni de Vilamajor
[2026-04-17T13:00:50.886Z] [INFO] Automating Outreach for Especialistas restaurante Sant Antoni de Vilamajor...
[2026-04-17T13:00:51.026Z] [SUCCESS] Outreach successful for Especialistas restaurante Sant Antoni de Vilamajor
[2026-04-17T13:00:51.166Z] [INFO] Automating Outreach for SC Project | Inmobiliaria en Sant Cugat...
[2026-04-17T13:00:51.308Z] [SUCCESS] Outreach successful for SC Project | Inmobiliaria en Sant Cugat
[2026-04-17T13:00:51.448Z] [INFO] Automating Outreach for clínica dental Principal Granollers...
[2026-04-17T13:00:51.580Z] [SUCCESS] Outreach successful for clínica dental Principal Granollers
[2026-04-17T13:00:51.737Z] [INFO] Cycle complete. Sleeping for 60s...
[2026-04-17T13:01:01.930Z] [INFO] Searching for NEW leads to audit...
[2026-04-17T13:01:02.052Z] [INFO] No new leads found for audit.
[2026-04-17T13:01:02.053Z] [INFO] Searching for candidates for Asset Generation...
[2026-04-17T13:01:02.168Z] [INFO] Phase 3: No candidates found for generation.
[2026-04-17T13:01:02.169Z] [INFO] Phase 4: Checking for Outreach candidates...
[2026-04-17T13:01:02.239Z] [INFO] Automating Outreach for Clínica Dental Adeslas...
[2026-04-17T13:01:02.240Z] [WARNING] Skipping outreach for Clínica Dental Adeslas: No corporate email discovered yet.
[2026-04-17T13:01:02.241Z] [INFO] Automating Outreach for restaurante Principal Sant Antoni de Vilamajor...
[2026-04-17T13:01:02.241Z] [WARNING] Skipping outreach for restaurante Principal Sant Antoni de Vilamajor: No corporate email discovered yet.
[2026-04-17T13:01:02.242Z] [INFO] Automating Outreach for Especialistas restaurante Sant Antoni de Vilamajor...
[2026-04-17T13:01:02.243Z] [WARNING] Skipping outreach for Especialistas restaurante Sant Antoni de Vilamajor: No corporate email discovered yet.
[2026-04-17T13:01:02.243Z] [INFO] Automating Outreach for SC Project | Inmobiliaria en Sant Cugat...
[2026-04-17T13:01:02.244Z] [WARNING] Skipping outreach for SC Project | Inmobiliaria en Sant Cugat: No corporate email discovered yet.
[2026-04-17T13:01:02.245Z] [INFO] Automating Outreach for clínica dental Principal Granollers...
[2026-04-17T13:01:02.245Z] [WARNING] Skipping outreach for clínica dental Principal Granollers: No corporate email discovered yet.
[2026-04-17T13:01:02.246Z] [INFO] Cycle complete. Sleeping for 60s...
[2026-04-17T13:01:51.752Z] [INFO] Searching for NEW leads to audit...
[2026-04-17T13:01:51.926Z] [INFO] No new leads found for audit.
[2026-04-17T13:01:51.935Z] [INFO] Searching for candidates for Asset Generation...
[2026-04-17T13:01:52.064Z] [INFO] Phase 3: No candidates found for generation.
[2026-04-17T13:01:52.065Z] [INFO] Phase 4: Checking for Outreach candidates...
[2026-04-17T13:01:52.134Z] [INFO] Automating Outreach for Clínica Dental Adeslas...
[2026-04-17T13:01:52.390Z] [SUCCESS] Outreach successful for Clínica Dental Adeslas
[2026-04-17T13:01:52.555Z] [INFO] Automating Outreach for restaurante Principal Sant Antoni de Vilamajor...
[2026-04-17T13:01:52.759Z] [SUCCESS] Outreach successful for restaurante Principal Sant Antoni de Vilamajor
[2026-04-17T13:01:52.918Z] [INFO] Automating Outreach for Especialistas restaurante Sant Antoni de Vilamajor...
[2026-04-17T13:01:53.050Z] [SUCCESS] Outreach successful for Especialistas restaurante Sant Antoni de Vilamajor
[2026-04-17T13:01:53.182Z] [INFO] Automating Outreach for SC Project | Inmobiliaria en Sant Cugat...
[2026-04-17T13:01:53.317Z] [SUCCESS] Outreach successful for SC Project | Inmobiliaria en Sant Cugat
[2026-04-17T13:01:53.449Z] [INFO] Automating Outreach for clínica dental Principal Granollers...
[2026-04-17T13:01:53.591Z] [SUCCESS] Outreach successful for clínica dental Principal Granollers
[2026-04-17T13:01:53.738Z] [INFO] Cycle complete. Sleeping for 60s...
[2026-04-17T13:02:02.257Z] [INFO] Searching for NEW leads to audit...
[2026-04-17T13:02:02.374Z] [INFO] No new leads found for audit.
[2026-04-17T13:02:02.374Z] [INFO] Searching for candidates for Asset Generation...
[2026-04-17T13:02:02.475Z] [INFO] Phase 3: No candidates found for generation.
[2026-04-17T13:02:02.475Z] [INFO] Phase 4: Checking for Outreach candidates...
[2026-04-17T13:02:02.543Z] [INFO] Automating Outreach for Clínica Dental Adeslas...
[2026-04-17T13:02:02.544Z] [WARNING] Skipping outreach for Clínica Dental Adeslas: No corporate email discovered yet.
[2026-04-17T13:02:02.545Z] [INFO] Automating Outreach for restaurante Principal Sant Antoni de Vilamajor...
[2026-04-17T13:02:02.545Z] [WARNING] Skipping outreach for restaurante Principal Sant Antoni de Vilamajor: No corporate email discovered yet.
[2026-04-17T13:02:02.546Z] [INFO] Automating Outreach for Especialistas restaurante Sant Antoni de Vilamajor...
[2026-04-17T13:02:02.546Z] [WARNING] Skipping outreach for Especialistas restaurante Sant Antoni de Vilamajor: No corporate email discovered yet.
[2026-04-17T13:02:02.547Z] [INFO] Automating Outreach for SC Project | Inmobiliaria en Sant Cugat...
[2026-04-17T13:02:02.548Z] [WARNING] Skipping outreach for SC Project | Inmobiliaria en Sant Cugat: No corporate email discovered yet.
[2026-04-17T13:02:02.548Z] [INFO] Automating Outreach for clínica dental Principal Granollers...
[2026-04-17T13:02:02.549Z] [WARNING] Skipping outreach for clínica dental Principal Granollers: No corporate email discovered yet.
[2026-04-17T13:02:02.550Z] [INFO] Cycle complete. Sleeping for 60s...
[2026-04-17T13:02:53.750Z] [INFO] Searching for NEW leads to audit...
[2026-04-17T13:02:53.944Z] [INFO] No new leads found for audit.
[2026-04-17T13:02:53.945Z] [INFO] Searching for candidates for Asset Generation...
[2026-04-17T13:02:54.070Z] [INFO] Phase 3: No candidates found for generation.
[2026-04-17T13:02:54.071Z] [INFO] Phase 4: Checking for Outreach candidates...
[2026-04-17T13:02:54.154Z] [INFO] Automating Outreach for Clínica Dental Adeslas...
[2026-04-17T13:02:54.372Z] [SUCCESS] Outreach successful for Clínica Dental Adeslas
[2026-04-17T13:02:54.520Z] [INFO] Automating Outreach for restaurante Principal Sant Antoni de Vilamajor...
[2026-04-17T13:02:54.718Z] [SUCCESS] Outreach successful for restaurante Principal Sant Antoni de Vilamajor
[2026-04-17T13:02:54.857Z] [INFO] Automating Outreach for Especialistas restaurante Sant Antoni de Vilamajor...
[2026-04-17T13:02:54.997Z] [SUCCESS] Outreach successful for Especialistas restaurante Sant Antoni de Vilamajor
[2026-04-17T13:02:55.138Z] [INFO] Automating Outreach for SC Project | Inmobiliaria en Sant Cugat...
[2026-04-17T13:02:55.266Z] [SUCCESS] Outreach successful for SC Project | Inmobiliaria en Sant Cugat
[2026-04-17T13:02:55.402Z] [INFO] Automating Outreach for clínica dental Principal Granollers...
[2026-04-17T13:02:55.546Z] [SUCCESS] Outreach successful for clínica dental Principal Granollers
[2026-04-17T13:02:55.679Z] [INFO] Cycle complete. Sleeping for 60s...
[2026-04-17T13:03:02.555Z] [INFO] Searching for NEW leads to audit...
[2026-04-17T13:03:02.695Z] [INFO] No new leads found for audit.
[2026-04-17T13:03:02.695Z] [INFO] Searching for candidates for Asset Generation...
[2026-04-17T13:03:02.817Z] [INFO] Phase 3: No candidates found for generation.
[2026-04-17T13:03:02.818Z] [INFO] Phase 4: Checking for Outreach candidates...
[2026-04-17T13:03:02.896Z] [INFO] Automating Outreach for Clínica Dental Adeslas...
[2026-04-17T13:03:02.897Z] [WARNING] Skipping outreach for Clínica Dental Adeslas: No corporate email discovered yet.
[2026-04-17T13:03:02.898Z] [INFO] Automating Outreach for restaurante Principal Sant Antoni de Vilamajor...
[2026-04-17T13:03:02.898Z] [WARNING] Skipping outreach for restaurante Principal Sant Antoni de Vilamajor: No corporate email discovered yet.
[2026-04-17T13:03:02.899Z] [INFO] Automating Outreach for Especialistas restaurante Sant Antoni de Vilamajor...
[2026-04-17T13:03:02.900Z] [WARNING] Skipping outreach for Especialistas restaurante Sant Antoni de Vilamajor: No corporate email discovered yet.
[2026-04-17T13:03:02.901Z] [INFO] Automating Outreach for SC Project | Inmobiliaria en Sant Cugat...
[2026-04-17T13:03:02.901Z] [WARNING] Skipping outreach for SC Project | Inmobiliaria en Sant Cugat: No corporate email discovered yet.
[2026-04-17T13:03:02.902Z] [INFO] Automating Outreach for clínica dental Principal Granollers...
[2026-04-17T13:03:02.902Z] [WARNING] Skipping outreach for clínica dental Principal Granollers: No corporate email discovered yet.
[2026-04-17T13:03:02.903Z] [INFO] Cycle complete. Sleeping for 60s...
[2026-04-17T13:03:55.688Z] [INFO] Searching for NEW leads to audit...
[2026-04-17T13:03:56.024Z] [INFO] No new leads found for audit.
[2026-04-17T13:03:56.024Z] [INFO] Searching for candidates for Asset Generation...
[2026-04-17T13:03:56.154Z] [INFO] Phase 3: No candidates found for generation.
[2026-04-17T13:03:56.155Z] [INFO] Phase 4: Checking for Outreach candidates...
[2026-04-17T13:03:56.223Z] [INFO] Automating Outreach for Clínica Dental Adeslas...
[2026-04-17T13:03:56.426Z] [SUCCESS] Outreach successful for Clínica Dental Adeslas
[2026-04-17T13:03:56.572Z] [INFO] Automating Outreach for restaurante Principal Sant Antoni de Vilamajor...
[2026-04-17T13:03:56.772Z] [SUCCESS] Outreach successful for restaurante Principal Sant Antoni de Vilamajor
[2026-04-17T13:03:56.908Z] [INFO] Automating Outreach for Especialistas restaurante Sant Antoni de Vilamajor...
[2026-04-17T13:03:57.067Z] [SUCCESS] Outreach successful for Especialistas restaurante Sant Antoni de Vilamajor
[2026-04-17T13:03:57.204Z] [INFO] Automating Outreach for SC Project | Inmobiliaria en Sant Cugat...
[2026-04-17T13:03:57.339Z] [SUCCESS] Outreach successful for SC Project | Inmobiliaria en Sant Cugat
[2026-04-17T13:03:57.478Z] [INFO] Automating Outreach for clínica dental Principal Granollers...
[2026-04-17T13:03:57.612Z] [SUCCESS] Outreach successful for clínica dental Principal Granollers
[2026-04-17T13:03:57.746Z] [INFO] Cycle complete. Sleeping for 60s...
[2026-04-17T13:04:02.912Z] [INFO] Searching for NEW leads to audit...
[2026-04-17T13:04:03.032Z] [INFO] No new leads found for audit.
[2026-04-17T13:04:03.033Z] [INFO] Searching for candidates for Asset Generation...
[2026-04-17T13:04:03.163Z] [INFO] Phase 3: No candidates found for generation.
[2026-04-17T13:04:03.164Z] [INFO] Phase 4: Checking for Outreach candidates...
[2026-04-17T13:04:03.242Z] [INFO] Automating Outreach for Clínica Dental Adeslas...
[2026-04-17T13:04:03.242Z] [WARNING] Skipping outreach for Clínica Dental Adeslas: No corporate email discovered yet.
[2026-04-17T13:04:03.243Z] [INFO] Automating Outreach for restaurante Principal Sant Antoni de Vilamajor...
[2026-04-17T13:04:03.243Z] [WARNING] Skipping outreach for restaurante Principal Sant Antoni de Vilamajor: No corporate email discovered yet.
[2026-04-17T13:04:03.244Z] [INFO] Automating Outreach for Especialistas restaurante Sant Antoni de Vilamajor...
[2026-04-17T13:04:03.245Z] [WARNING] Skipping outreach for Especialistas restaurante Sant Antoni de Vilamajor: No corporate email discovered yet.
[2026-04-17T13:04:03.245Z] [INFO] Automating Outreach for SC Project | Inmobiliaria en Sant Cugat...
[2026-04-17T13:04:03.246Z] [WARNING] Skipping outreach for SC Project | Inmobiliaria en Sant Cugat: No corporate email discovered yet.
[2026-04-17T13:04:03.246Z] [INFO] Automating Outreach for clínica dental Principal Granollers...
[2026-04-17T13:04:03.247Z] [WARNING] Skipping outreach for clínica dental Principal Granollers: No corporate email discovered yet.
[2026-04-17T13:04:03.248Z] [INFO] Cycle complete. Sleeping for 60s...
[2026-04-17T13:04:57.756Z] [INFO] Searching for NEW leads to audit...
[2026-04-17T13:04:58.029Z] [INFO] No new leads found for audit.
[2026-04-17T13:04:58.030Z] [INFO] Searching for candidates for Asset Generation...
[2026-04-17T13:04:58.156Z] [INFO] Phase 3: No candidates found for generation.
[2026-04-17T13:04:58.157Z] [INFO] Phase 4: Checking for Outreach candidates...
[2026-04-17T13:04:58.237Z] [INFO] Automating Outreach for Clínica Dental Adeslas...
[2026-04-17T13:04:58.485Z] [SUCCESS] Outreach successful for Clínica Dental Adeslas
[2026-04-17T13:04:58.645Z] [INFO] Automating Outreach for restaurante Principal Sant Antoni de Vilamajor...
[2026-04-17T13:04:58.853Z] [SUCCESS] Outreach successful for restaurante Principal Sant Antoni de Vilamajor
[2026-04-17T13:04:59.006Z] [INFO] Automating Outreach for Especialistas restaurante Sant Antoni de Vilamajor...
[2026-04-17T13:04:59.189Z] [SUCCESS] Outreach successful for Especialistas restaurante Sant Antoni de Vilamajor
[2026-04-17T13:04:59.338Z] [INFO] Automating Outreach for SC Project | Inmobiliaria en Sant Cugat...
[2026-04-17T13:04:59.471Z] [SUCCESS] Outreach successful for SC Project | Inmobiliaria en Sant Cugat
[2026-04-17T13:04:59.612Z] [INFO] Automating Outreach for clínica dental Principal Granollers...
[2026-04-17T13:04:59.750Z] [SUCCESS] Outreach successful for clínica dental Principal Granollers
[2026-04-17T13:04:59.887Z] [INFO] Cycle complete. Sleeping for 60s...
[2026-04-17T13:05:03.255Z] [INFO] Searching for NEW leads to audit...
[2026-04-17T13:05:03.419Z] [INFO] No new leads found for audit.
[2026-04-17T13:05:03.420Z] [INFO] Searching for candidates for Asset Generation...
[2026-04-17T13:05:03.546Z] [INFO] Phase 3: No candidates found for generation.
[2026-04-17T13:05:03.547Z] [INFO] Phase 4: Checking for Outreach candidates...
[2026-04-17T13:05:03.623Z] [INFO] Automating Outreach for Clínica Dental Adeslas...
[2026-04-17T13:05:03.623Z] [WARNING] Skipping outreach for Clínica Dental Adeslas: No corporate email discovered yet.
[2026-04-17T13:05:03.624Z] [INFO] Automating Outreach for restaurante Principal Sant Antoni de Vilamajor...
[2026-04-17T13:05:03.625Z] [WARNING] Skipping outreach for restaurante Principal Sant Antoni de Vilamajor: No corporate email discovered yet.
[2026-04-17T13:05:03.625Z] [INFO] Automating Outreach for Especialistas restaurante Sant Antoni de Vilamajor...
[2026-04-17T13:05:03.626Z] [WARNING] Skipping outreach for Especialistas restaurante Sant Antoni de Vilamajor: No corporate email discovered yet.
[2026-04-17T13:05:03.626Z] [INFO] Automating Outreach for SC Project | Inmobiliaria en Sant Cugat...
[2026-04-17T13:05:03.627Z] [WARNING] Skipping outreach for SC Project | Inmobiliaria en Sant Cugat: No corporate email discovered yet.
[2026-04-17T13:05:03.627Z] [INFO] Automating Outreach for clínica dental Principal Granollers...
[2026-04-17T13:05:03.628Z] [WARNING] Skipping outreach for clínica dental Principal Granollers: No corporate email discovered yet.
[2026-04-17T13:05:03.629Z] [INFO] Cycle complete. Sleeping for 60s...
[2026-04-17T13:05:59.903Z] [INFO] Searching for NEW leads to audit...
[2026-04-17T13:06:00.164Z] [INFO] No new leads found for audit.
[2026-04-17T13:06:00.165Z] [INFO] Searching for candidates for Asset Generation...
[2026-04-17T13:06:00.291Z] [INFO] Phase 3: No candidates found for generation.
[2026-04-17T13:06:00.292Z] [INFO] Phase 4: Checking for Outreach candidates...
[2026-04-17T13:06:00.368Z] [INFO] Automating Outreach for Clínica Dental Adeslas...
[2026-04-17T13:06:00.573Z] [SUCCESS] Outreach successful for Clínica Dental Adeslas
[2026-04-17T13:06:00.719Z] [INFO] Automating Outreach for restaurante Principal Sant Antoni de Vilamajor...
[2026-04-17T13:06:00.932Z] [SUCCESS] Outreach successful for restaurante Principal Sant Antoni de Vilamajor
[2026-04-17T13:06:01.081Z] [INFO] Automating Outreach for Especialistas restaurante Sant Antoni de Vilamajor...
[2026-04-17T13:06:01.225Z] [SUCCESS] Outreach successful for Especialistas restaurante Sant Antoni de Vilamajor
[2026-04-17T13:06:01.372Z] [INFO] Automating Outreach for SC Project | Inmobiliaria en Sant Cugat...
[2026-04-17T13:06:01.513Z] [SUCCESS] Outreach successful for SC Project | Inmobiliaria en Sant Cugat
[2026-04-17T13:06:01.677Z] [INFO] Automating Outreach for clínica dental Principal Granollers...
[2026-04-17T13:06:01.815Z] [SUCCESS] Outreach successful for clínica dental Principal Granollers
[2026-04-17T13:06:01.966Z] [INFO] Cycle complete. Sleeping for 60s...
[2026-04-17T13:06:03.641Z] [INFO] Searching for NEW leads to audit...
[2026-04-17T13:06:03.762Z] [INFO] No new leads found for audit.
[2026-04-17T13:06:03.764Z] [INFO] Searching for candidates for Asset Generation...
[2026-04-17T13:06:03.890Z] [INFO] Phase 3: No candidates found for generation.
[2026-04-17T13:06:03.890Z] [INFO] Phase 4: Checking for Outreach candidates...
[2026-04-17T13:06:03.957Z] [INFO] Automating Outreach for Clínica Dental Adeslas...
[2026-04-17T13:06:03.957Z] [WARNING] Skipping outreach for Clínica Dental Adeslas: No corporate email discovered yet.
[2026-04-17T13:06:03.958Z] [INFO] Automating Outreach for restaurante Principal Sant Antoni de Vilamajor...
[2026-04-17T13:06:03.959Z] [WARNING] Skipping outreach for restaurante Principal Sant Antoni de Vilamajor: No corporate email discovered yet.
[2026-04-17T13:06:03.959Z] [INFO] Automating Outreach for Especialistas restaurante Sant Antoni de Vilamajor...
[2026-04-17T13:06:03.960Z] [WARNING] Skipping outreach for Especialistas restaurante Sant Antoni de Vilamajor: No corporate email discovered yet.
[2026-04-17T13:06:03.961Z] [INFO] Automating Outreach for SC Project | Inmobiliaria en Sant Cugat...
[2026-04-17T13:06:03.962Z] [WARNING] Skipping outreach for SC Project | Inmobiliaria en Sant Cugat: No corporate email discovered yet.
[2026-04-17T13:06:03.962Z] [INFO] Automating Outreach for clínica dental Principal Granollers...
[2026-04-17T13:06:03.963Z] [WARNING] Skipping outreach for clínica dental Principal Granollers: No corporate email discovered yet.
[2026-04-17T13:06:03.963Z] [INFO] Cycle complete. Sleeping for 60s...
[2026-04-17T13:07:01.967Z] [INFO] Searching for NEW leads to audit...
[2026-04-17T13:07:02.173Z] [INFO] No new leads found for audit.
[2026-04-17T13:07:02.174Z] [INFO] Searching for candidates for Asset Generation...
[2026-04-17T13:07:02.319Z] [INFO] Phase 3: No candidates found for generation.
[2026-04-17T13:07:02.320Z] [INFO] Phase 4: Checking for Outreach candidates...
[2026-04-17T13:07:02.394Z] [INFO] Automating Outreach for Clínica Dental Adeslas...
[2026-04-17T13:07:02.611Z] [SUCCESS] Outreach successful for Clínica Dental Adeslas
[2026-04-17T13:07:02.767Z] [INFO] Automating Outreach for restaurante Principal Sant Antoni de Vilamajor...
[2026-04-17T13:07:02.984Z] [SUCCESS] Outreach successful for restaurante Principal Sant Antoni de Vilamajor
[2026-04-17T13:07:03.127Z] [INFO] Automating Outreach for Especialistas restaurante Sant Antoni de Vilamajor...
[2026-04-17T13:07:03.265Z] [SUCCESS] Outreach successful for Especialistas restaurante Sant Antoni de Vilamajor
[2026-04-17T13:07:03.405Z] [INFO] Automating Outreach for SC Project | Inmobiliaria en Sant Cugat...
[2026-04-17T13:07:03.542Z] [SUCCESS] Outreach successful for SC Project | Inmobiliaria en Sant Cugat
[2026-04-17T13:07:03.674Z] [INFO] Automating Outreach for clínica dental Principal Granollers...
[2026-04-17T13:07:03.811Z] [SUCCESS] Outreach successful for clínica dental Principal Granollers
[2026-04-17T13:07:03.950Z] [INFO] Cycle complete. Sleeping for 60s...
[2026-04-17T13:07:03.975Z] [INFO] Searching for NEW leads to audit...
[2026-04-17T13:07:04.085Z] [INFO] No new leads found for audit.
[2026-04-17T13:07:04.086Z] [INFO] Searching for candidates for Asset Generation...
[2026-04-17T13:07:04.194Z] [INFO] Phase 3: No candidates found for generation.
[2026-04-17T13:07:04.195Z] [INFO] Phase 4: Checking for Outreach candidates...
[2026-04-17T13:07:04.264Z] [INFO] Automating Outreach for Clínica Dental Adeslas...
[2026-04-17T13:07:04.265Z] [WARNING] Skipping outreach for Clínica Dental Adeslas: No corporate email discovered yet.
[2026-04-17T13:07:04.265Z] [INFO] Automating Outreach for restaurante Principal Sant Antoni de Vilamajor...
[2026-04-17T13:07:04.266Z] [WARNING] Skipping outreach for restaurante Principal Sant Antoni de Vilamajor: No corporate email discovered yet.
[2026-04-17T13:07:04.266Z] [INFO] Automating Outreach for Especialistas restaurante Sant Antoni de Vilamajor...
[2026-04-17T13:07:04.267Z] [WARNING] Skipping outreach for Especialistas restaurante Sant Antoni de Vilamajor: No corporate email discovered yet.
[2026-04-17T13:07:04.267Z] [INFO] Automating Outreach for SC Project | Inmobiliaria en Sant Cugat...
[2026-04-17T13:07:04.268Z] [WARNING] Skipping outreach for SC Project | Inmobiliaria en Sant Cugat: No corporate email discovered yet.
[2026-04-17T13:07:04.268Z] [INFO] Automating Outreach for clínica dental Principal Granollers...
[2026-04-17T13:07:04.269Z] [WARNING] Skipping outreach for clínica dental Principal Granollers: No corporate email discovered yet.
[2026-04-17T13:07:04.269Z] [INFO] Cycle complete. Sleeping for 60s...
[2026-04-17T13:08:03.955Z] [INFO] Searching for NEW leads to audit...
[2026-04-17T13:08:04.148Z] [INFO] No new leads found for audit.
[2026-04-17T13:08:04.148Z] [INFO] Searching for candidates for Asset Generation...
[2026-04-17T13:08:04.275Z] [INFO] Phase 3: No candidates found for generation.
[2026-04-17T13:08:04.277Z] [INFO] Phase 4: Checking for Outreach candidates...
[2026-04-17T13:08:04.284Z] [INFO] Searching for NEW leads to audit...
[2026-04-17T13:08:04.349Z] [INFO] Automating Outreach for Clínica Dental Adeslas...
[2026-04-17T13:08:04.389Z] [INFO] No new leads found for audit.
[2026-04-17T13:08:04.389Z] [INFO] Searching for candidates for Asset Generation...
[2026-04-17T13:08:04.504Z] [INFO] Phase 3: No candidates found for generation.
[2026-04-17T13:08:04.504Z] [INFO] Phase 4: Checking for Outreach candidates...
[2026-04-17T13:08:04.560Z] [SUCCESS] Outreach successful for Clínica Dental Adeslas
[2026-04-17T13:08:04.575Z] [INFO] Automating Outreach for Clínica Dental Adeslas...
[2026-04-17T13:08:04.576Z] [WARNING] Skipping outreach for Clínica Dental Adeslas: No corporate email discovered yet.
[2026-04-17T13:08:04.576Z] [INFO] Automating Outreach for restaurante Principal Sant Antoni de Vilamajor...
[2026-04-17T13:08:04.577Z] [WARNING] Skipping outreach for restaurante Principal Sant Antoni de Vilamajor: No corporate email discovered yet.
[2026-04-17T13:08:04.578Z] [INFO] Automating Outreach for Especialistas restaurante Sant Antoni de Vilamajor...
[2026-04-17T13:08:04.578Z] [WARNING] Skipping outreach for Especialistas restaurante Sant Antoni de Vilamajor: No corporate email discovered yet.
[2026-04-17T13:08:04.579Z] [INFO] Automating Outreach for SC Project | Inmobiliaria en Sant Cugat...
[2026-04-17T13:08:04.579Z] [WARNING] Skipping outreach for SC Project | Inmobiliaria en Sant Cugat: No corporate email discovered yet.
[2026-04-17T13:08:04.580Z] [INFO] Automating Outreach for clínica dental Principal Granollers...
[2026-04-17T13:08:04.581Z] [WARNING] Skipping outreach for clínica dental Principal Granollers: No corporate email discovered yet.
[2026-04-17T13:08:04.581Z] [INFO] Cycle complete. Sleeping for 60s...
[2026-04-17T13:08:04.727Z] [INFO] Automating Outreach for restaurante Principal Sant Antoni de Vilamajor...
[2026-04-17T13:08:04.966Z] [SUCCESS] Outreach successful for restaurante Principal Sant Antoni de Vilamajor
[2026-04-17T13:08:05.130Z] [INFO] Automating Outreach for Especialistas restaurante Sant Antoni de Vilamajor...
[2026-04-17T13:08:05.263Z] [SUCCESS] Outreach successful for Especialistas restaurante Sant Antoni de Vilamajor
[2026-04-17T13:08:05.403Z] [INFO] Automating Outreach for SC Project | Inmobiliaria en Sant Cugat...
[2026-04-17T13:08:05.546Z] [SUCCESS] Outreach successful for SC Project | Inmobiliaria en Sant Cugat
[2026-04-17T13:08:05.685Z] [INFO] Automating Outreach for clínica dental Principal Granollers...
[2026-04-17T13:08:05.823Z] [SUCCESS] Outreach successful for clínica dental Principal Granollers
[2026-04-17T13:08:05.963Z] [INFO] Cycle complete. Sleeping for 60s...
[2026-04-17T13:09:04.592Z] [INFO] Searching for NEW leads to audit...
[2026-04-17T13:09:04.703Z] [INFO] No new leads found for audit.
[2026-04-17T13:09:04.704Z] [INFO] Searching for candidates for Asset Generation...
[2026-04-17T13:09:04.805Z] [INFO] Phase 3: No candidates found for generation.
[2026-04-17T13:09:04.805Z] [INFO] Phase 4: Checking for Outreach candidates...
[2026-04-17T13:09:04.880Z] [INFO] Automating Outreach for Clínica Dental Adeslas...
[2026-04-17T13:09:04.881Z] [WARNING] Skipping outreach for Clínica Dental Adeslas: No corporate email discovered yet.
[2026-04-17T13:09:04.881Z] [INFO] Automating Outreach for restaurante Principal Sant Antoni de Vilamajor...
[2026-04-17T13:09:04.882Z] [WARNING] Skipping outreach for restaurante Principal Sant Antoni de Vilamajor: No corporate email discovered yet.
[2026-04-17T13:09:04.882Z] [INFO] Automating Outreach for Especialistas restaurante Sant Antoni de Vilamajor...
[2026-04-17T13:09:04.883Z] [WARNING] Skipping outreach for Especialistas restaurante Sant Antoni de Vilamajor: No corporate email discovered yet.
[2026-04-17T13:09:04.883Z] [INFO] Automating Outreach for SC Project | Inmobiliaria en Sant Cugat...
[2026-04-17T13:09:04.884Z] [WARNING] Skipping outreach for SC Project | Inmobiliaria en Sant Cugat: No corporate email discovered yet.
[2026-04-17T13:09:04.884Z] [INFO] Automating Outreach for clínica dental Principal Granollers...
[2026-04-17T13:09:04.885Z] [WARNING] Skipping outreach for clínica dental Principal Granollers: No corporate email discovered yet.
[2026-04-17T13:09:04.885Z] [INFO] Cycle complete. Sleeping for 60s...
[2026-04-17T13:09:05.970Z] [INFO] Searching for NEW leads to audit...
[2026-04-17T13:09:06.091Z] [INFO] No new leads found for audit.
[2026-04-17T13:09:06.092Z] [INFO] Searching for candidates for Asset Generation...
[2026-04-17T13:09:06.212Z] [INFO] Phase 3: No candidates found for generation.
[2026-04-17T13:09:06.213Z] [INFO] Phase 4: Checking for Outreach candidates...
[2026-04-17T13:09:06.285Z] [INFO] Automating Outreach for Clínica Dental Adeslas...
[2026-04-17T13:09:06.504Z] [SUCCESS] Outreach successful for Clínica Dental Adeslas
[2026-04-17T13:09:06.642Z] [INFO] Automating Outreach for restaurante Principal Sant Antoni de Vilamajor...
[2026-04-17T13:09:06.860Z] [SUCCESS] Outreach successful for restaurante Principal Sant Antoni de Vilamajor
[2026-04-17T13:09:07.053Z] [INFO] Automating Outreach for Especialistas restaurante Sant Antoni de Vilamajor...
[2026-04-17T13:09:07.186Z] [SUCCESS] Outreach successful for Especialistas restaurante Sant Antoni de Vilamajor
[2026-04-17T13:09:07.340Z] [INFO] Automating Outreach for SC Project | Inmobiliaria en Sant Cugat...
[2026-04-17T13:09:07.475Z] [SUCCESS] Outreach successful for SC Project | Inmobiliaria en Sant Cugat
[2026-04-17T13:09:07.605Z] [INFO] Automating Outreach for clínica dental Principal Granollers...
[2026-04-17T13:09:07.839Z] [SUCCESS] Outreach successful for clínica dental Principal Granollers
[2026-04-17T13:09:07.970Z] [INFO] Cycle complete. Sleeping for 60s...
[2026-04-17T13:10:04.888Z] [INFO] Searching for NEW leads to audit...
[2026-04-17T13:10:05.067Z] [INFO] No new leads found for audit.
[2026-04-17T13:10:05.068Z] [INFO] Searching for candidates for Asset Generation...
[2026-04-17T13:10:05.188Z] [INFO] Phase 3: No candidates found for generation.
[2026-04-17T13:10:05.188Z] [INFO] Phase 4: Checking for Outreach candidates...
[2026-04-17T13:10:05.262Z] [INFO] Automating Outreach for Clínica Dental Adeslas...
[2026-04-17T13:10:05.263Z] [WARNING] Skipping outreach for Clínica Dental Adeslas: No corporate email discovered yet.
[2026-04-17T13:10:05.263Z] [INFO] Automating Outreach for restaurante Principal Sant Antoni de Vilamajor...
[2026-04-17T13:10:05.263Z] [WARNING] Skipping outreach for restaurante Principal Sant Antoni de Vilamajor: No corporate email discovered yet.
[2026-04-17T13:10:05.264Z] [INFO] Automating Outreach for Especialistas restaurante Sant Antoni de Vilamajor...
[2026-04-17T13:10:05.264Z] [WARNING] Skipping outreach for Especialistas restaurante Sant Antoni de Vilamajor: No corporate email discovered yet.
[2026-04-17T13:10:05.265Z] [INFO] Automating Outreach for SC Project | Inmobiliaria en Sant Cugat...
[2026-04-17T13:10:05.265Z] [WARNING] Skipping outreach for SC Project | Inmobiliaria en Sant Cugat: No corporate email discovered yet.
[2026-04-17T13:10:05.265Z] [INFO] Automating Outreach for clínica dental Principal Granollers...
[2026-04-17T13:10:05.266Z] [WARNING] Skipping outreach for clínica dental Principal Granollers: No corporate email discovered yet.
[2026-04-17T13:10:05.266Z] [INFO] Cycle complete. Sleeping for 60s...
[2026-04-17T13:10:07.979Z] [INFO] Searching for NEW leads to audit...
[2026-04-17T13:10:08.094Z] [INFO] No new leads found for audit.
[2026-04-17T13:10:08.095Z] [INFO] Searching for candidates for Asset Generation...
[2026-04-17T13:10:08.215Z] [INFO] Phase 3: No candidates found for generation.
[2026-04-17T13:10:08.216Z] [INFO] Phase 4: Checking for Outreach candidates...
[2026-04-17T13:10:08.283Z] [INFO] Automating Outreach for Clínica Dental Adeslas...
[2026-04-17T13:10:08.565Z] [SUCCESS] Outreach successful for Clínica Dental Adeslas
[2026-04-17T13:10:08.708Z] [INFO] Automating Outreach for restaurante Principal Sant Antoni de Vilamajor...
[2026-04-17T13:10:08.903Z] [SUCCESS] Outreach successful for restaurante Principal Sant Antoni de Vilamajor
[2026-04-17T13:10:09.042Z] [INFO] Automating Outreach for Especialistas restaurante Sant Antoni de Vilamajor...
[2026-04-17T13:10:09.188Z] [SUCCESS] Outreach successful for Especialistas restaurante Sant Antoni de Vilamajor
[2026-04-17T13:10:09.331Z] [INFO] Automating Outreach for SC Project | Inmobiliaria en Sant Cugat...
[2026-04-17T13:10:09.462Z] [SUCCESS] Outreach successful for SC Project | Inmobiliaria en Sant Cugat
[2026-04-17T13:10:09.592Z] [INFO] Automating Outreach for clínica dental Principal Granollers...
[2026-04-17T13:10:09.723Z] [SUCCESS] Outreach successful for clínica dental Principal Granollers
[2026-04-17T13:10:09.865Z] [INFO] Cycle complete. Sleeping for 60s...
[2026-04-17T13:11:05.267Z] [INFO] Searching for NEW leads to audit...
[2026-04-17T13:11:05.403Z] [INFO] No new leads found for audit.
[2026-04-17T13:11:05.404Z] [INFO] Searching for candidates for Asset Generation...
[2026-04-17T13:11:05.615Z] [INFO] Phase 3: No candidates found for generation.
[2026-04-17T13:11:05.616Z] [INFO] Phase 4: Checking for Outreach candidates...
[2026-04-17T13:11:05.692Z] [INFO] Automating Outreach for Clínica Dental Adeslas...
[2026-04-17T13:11:05.693Z] [WARNING] Skipping outreach for Clínica Dental Adeslas: No corporate email discovered yet.
[2026-04-17T13:11:05.694Z] [INFO] Automating Outreach for restaurante Principal Sant Antoni de Vilamajor...
[2026-04-17T13:11:05.695Z] [WARNING] Skipping outreach for restaurante Principal Sant Antoni de Vilamajor: No corporate email discovered yet.
[2026-04-17T13:11:05.695Z] [INFO] Automating Outreach for Especialistas restaurante Sant Antoni de Vilamajor...
[2026-04-17T13:11:05.696Z] [WARNING] Skipping outreach for Especialistas restaurante Sant Antoni de Vilamajor: No corporate email discovered yet.
[2026-04-17T13:11:05.696Z] [INFO] Automating Outreach for SC Project | Inmobiliaria en Sant Cugat...
[2026-04-17T13:11:05.697Z] [WARNING] Skipping outreach for SC Project | Inmobiliaria en Sant Cugat: No corporate email discovered yet.
[2026-04-17T13:11:05.698Z] [INFO] Automating Outreach for clínica dental Principal Granollers...
[2026-04-17T13:11:05.699Z] [WARNING] Skipping outreach for clínica dental Principal Granollers: No corporate email discovered yet.
[2026-04-17T13:11:05.699Z] [INFO] Cycle complete. Sleeping for 60s...
[2026-04-17T13:11:09.877Z] [INFO] Searching for NEW leads to audit...
[2026-04-17T13:11:09.996Z] [INFO] No new leads found for audit.
[2026-04-17T13:11:09.997Z] [INFO] Searching for candidates for Asset Generation...
[2026-04-17T13:11:10.125Z] [INFO] Phase 3: No candidates found for generation.
[2026-04-17T13:11:10.125Z] [INFO] Phase 4: Checking for Outreach candidates...
[2026-04-17T13:11:10.196Z] [INFO] Automating Outreach for Clínica Dental Adeslas...
[2026-04-17T13:11:10.435Z] [SUCCESS] Outreach successful for Clínica Dental Adeslas
[2026-04-17T13:11:10.582Z] [INFO] Automating Outreach for restaurante Principal Sant Antoni de Vilamajor...
[2026-04-17T13:11:10.791Z] [SUCCESS] Outreach successful for restaurante Principal Sant Antoni de Vilamajor
[2026-04-17T13:11:10.952Z] [INFO] Automating Outreach for Especialistas restaurante Sant Antoni de Vilamajor...
[2026-04-17T13:11:11.083Z] [SUCCESS] Outreach successful for Especialistas restaurante Sant Antoni de Vilamajor
[2026-04-17T13:11:11.217Z] [INFO] Automating Outreach for SC Project | Inmobiliaria en Sant Cugat...
[2026-04-17T13:11:11.355Z] [SUCCESS] Outreach successful for SC Project | Inmobiliaria en Sant Cugat
[2026-04-17T13:11:11.496Z] [INFO] Automating Outreach for clínica dental Principal Granollers...
[2026-04-17T13:11:11.634Z] [SUCCESS] Outreach successful for clínica dental Principal Granollers
[2026-04-17T13:11:11.814Z] [INFO] Cycle complete. Sleeping for 60s...
[2026-04-17T13:12:05.705Z] [INFO] Searching for NEW leads to audit...
[2026-04-17T13:12:06.194Z] [INFO] No new leads found for audit.
[2026-04-17T13:12:06.194Z] [INFO] Searching for candidates for Asset Generation...
[2026-04-17T13:12:06.318Z] [INFO] Phase 3: No candidates found for generation.
[2026-04-17T13:12:06.319Z] [INFO] Phase 4: Checking for Outreach candidates...
[2026-04-17T13:12:06.430Z] [INFO] Automating Outreach for Clínica Dental Adeslas...
[2026-04-17T13:12:06.431Z] [WARNING] Skipping outreach for Clínica Dental Adeslas: No corporate email discovered yet.
[2026-04-17T13:12:06.431Z] [INFO] Automating Outreach for restaurante Principal Sant Antoni de Vilamajor...
[2026-04-17T13:12:06.432Z] [WARNING] Skipping outreach for restaurante Principal Sant Antoni de Vilamajor: No corporate email discovered yet.
[2026-04-17T13:12:06.432Z] [INFO] Automating Outreach for Especialistas restaurante Sant Antoni de Vilamajor...
[2026-04-17T13:12:06.433Z] [WARNING] Skipping outreach for Especialistas restaurante Sant Antoni de Vilamajor: No corporate email discovered yet.
[2026-04-17T13:12:06.433Z] [INFO] Automating Outreach for SC Project | Inmobiliaria en Sant Cugat...
[2026-04-17T13:12:06.434Z] [WARNING] Skipping outreach for SC Project | Inmobiliaria en Sant Cugat: No corporate email discovered yet.
[2026-04-17T13:12:06.434Z] [INFO] Automating Outreach for clínica dental Principal Granollers...
[2026-04-17T13:12:06.435Z] [WARNING] Skipping outreach for clínica dental Principal Granollers: No corporate email discovered yet.
[2026-04-17T13:12:06.436Z] [INFO] Cycle complete. Sleeping for 60s...
[2026-04-17T13:12:11.826Z] [INFO] Searching for NEW leads to audit...
[2026-04-17T13:12:11.937Z] [INFO] No new leads found for audit.
[2026-04-17T13:12:11.937Z] [INFO] Searching for candidates for Asset Generation...
[2026-04-17T13:12:12.041Z] [INFO] Phase 3: No candidates found for generation.
[2026-04-17T13:12:12.041Z] [INFO] Phase 4: Checking for Outreach candidates...
[2026-04-17T13:12:12.110Z] [INFO] Automating Outreach for Clínica Dental Adeslas...
[2026-04-17T13:12:12.338Z] [SUCCESS] Outreach successful for Clínica Dental Adeslas
[2026-04-17T13:12:12.497Z] [INFO] Automating Outreach for restaurante Principal Sant Antoni de Vilamajor...
[2026-04-17T13:12:12.700Z] [SUCCESS] Outreach successful for restaurante Principal Sant Antoni de Vilamajor
[2026-04-17T13:12:12.841Z] [INFO] Automating Outreach for Especialistas restaurante Sant Antoni de Vilamajor...
[2026-04-17T13:12:12.973Z] [SUCCESS] Outreach successful for Especialistas restaurante Sant Antoni de Vilamajor
[2026-04-17T13:12:13.120Z] [INFO] Automating Outreach for SC Project | Inmobiliaria en Sant Cugat...
[2026-04-17T13:12:13.266Z] [SUCCESS] Outreach successful for SC Project | Inmobiliaria en Sant Cugat
[2026-04-17T13:12:13.419Z] [INFO] Automating Outreach for clínica dental Principal Granollers...
[2026-04-17T13:12:13.563Z] [SUCCESS] Outreach successful for clínica dental Principal Granollers
[2026-04-17T13:12:13.703Z] [INFO] Cycle complete. Sleeping for 60s...
[2026-04-17T13:13:06.437Z] [INFO] Searching for NEW leads to audit...
[2026-04-17T13:13:06.565Z] [INFO] No new leads found for audit.
[2026-04-17T13:13:06.566Z] [INFO] Searching for candidates for Asset Generation...
[2026-04-17T13:13:06.715Z] [INFO] Phase 3: No candidates found for generation.
[2026-04-17T13:13:06.716Z] [INFO] Phase 4: Checking for Outreach candidates...
[2026-04-17T13:13:06.790Z] [INFO] Automating Outreach for Clínica Dental Adeslas...
[2026-04-17T13:13:06.791Z] [WARNING] Skipping outreach for Clínica Dental Adeslas: No corporate email discovered yet.
[2026-04-17T13:13:06.791Z] [INFO] Automating Outreach for restaurante Principal Sant Antoni de Vilamajor...
[2026-04-17T13:13:06.792Z] [WARNING] Skipping outreach for restaurante Principal Sant Antoni de Vilamajor: No corporate email discovered yet.
[2026-04-17T13:13:06.793Z] [INFO] Automating Outreach for Especialistas restaurante Sant Antoni de Vilamajor...
[2026-04-17T13:13:06.793Z] [WARNING] Skipping outreach for Especialistas restaurante Sant Antoni de Vilamajor: No corporate email discovered yet.
[2026-04-17T13:13:06.793Z] [INFO] Automating Outreach for SC Project | Inmobiliaria en Sant Cugat...
[2026-04-17T13:13:06.794Z] [WARNING] Skipping outreach for SC Project | Inmobiliaria en Sant Cugat: No corporate email discovered yet.
[2026-04-17T13:13:06.795Z] [INFO] Automating Outreach for clínica dental Principal Granollers...
[2026-04-17T13:13:06.795Z] [WARNING] Skipping outreach for clínica dental Principal Granollers: No corporate email discovered yet.
[2026-04-17T13:13:06.796Z] [INFO] Cycle complete. Sleeping for 60s...
[2026-04-17T13:13:13.709Z] [INFO] Searching for NEW leads to audit...
[2026-04-17T13:13:13.816Z] [INFO] No new leads found for audit.
[2026-04-17T13:13:13.817Z] [INFO] Searching for candidates for Asset Generation...
[2026-04-17T13:13:13.931Z] [INFO] Phase 3: No candidates found for generation.
[2026-04-17T13:13:13.932Z] [INFO] Phase 4: Checking for Outreach candidates...
[2026-04-17T13:13:14.011Z] [INFO] Automating Outreach for Clínica Dental Adeslas...
[2026-04-17T13:13:14.237Z] [SUCCESS] Outreach successful for Clínica Dental Adeslas
[2026-04-17T13:13:14.384Z] [INFO] Automating Outreach for restaurante Principal Sant Antoni de Vilamajor...
[2026-04-17T13:13:14.584Z] [SUCCESS] Outreach successful for restaurante Principal Sant Antoni de Vilamajor
[2026-04-17T13:13:14.743Z] [INFO] Automating Outreach for Especialistas restaurante Sant Antoni de Vilamajor...
[2026-04-17T13:13:14.891Z] [SUCCESS] Outreach successful for Especialistas restaurante Sant Antoni de Vilamajor
[2026-04-17T13:13:15.039Z] [INFO] Automating Outreach for SC Project | Inmobiliaria en Sant Cugat...
[2026-04-17T13:13:15.177Z] [SUCCESS] Outreach successful for SC Project | Inmobiliaria en Sant Cugat
[2026-04-17T13:13:15.306Z] [INFO] Automating Outreach for clínica dental Principal Granollers...
[2026-04-17T13:13:15.437Z] [SUCCESS] Outreach successful for clínica dental Principal Granollers
[2026-04-17T13:13:15.571Z] [INFO] Cycle complete. Sleeping for 60s...
[2026-04-17T13:14:06.798Z] [INFO] Searching for NEW leads to audit...
[2026-04-17T13:14:06.971Z] [INFO] No new leads found for audit.
[2026-04-17T13:14:06.972Z] [INFO] Searching for candidates for Asset Generation...
[2026-04-17T13:14:07.093Z] [INFO] Phase 3: No candidates found for generation.
[2026-04-17T13:14:07.094Z] [INFO] Phase 4: Checking for Outreach candidates...
[2026-04-17T13:14:07.169Z] [INFO] Automating Outreach for Clínica Dental Adeslas...
[2026-04-17T13:14:07.169Z] [WARNING] Skipping outreach for Clínica Dental Adeslas: No corporate email discovered yet.
[2026-04-17T13:14:07.170Z] [INFO] Automating Outreach for restaurante Principal Sant Antoni de Vilamajor...
[2026-04-17T13:14:07.170Z] [WARNING] Skipping outreach for restaurante Principal Sant Antoni de Vilamajor: No corporate email discovered yet.
[2026-04-17T13:14:07.170Z] [INFO] Automating Outreach for Especialistas restaurante Sant Antoni de Vilamajor...
[2026-04-17T13:14:07.171Z] [WARNING] Skipping outreach for Especialistas restaurante Sant Antoni de Vilamajor: No corporate email discovered yet.
[2026-04-17T13:14:07.172Z] [INFO] Automating Outreach for SC Project | Inmobiliaria en Sant Cugat...
[2026-04-17T13:14:07.172Z] [WARNING] Skipping outreach for SC Project | Inmobiliaria en Sant Cugat: No corporate email discovered yet.
[2026-04-17T13:14:07.173Z] [INFO] Automating Outreach for clínica dental Principal Granollers...
[2026-04-17T13:14:07.174Z] [WARNING] Skipping outreach for clínica dental Principal Granollers: No corporate email discovered yet.
[2026-04-17T13:14:07.174Z] [INFO] Cycle complete. Sleeping for 60s...
[2026-04-17T13:14:15.584Z] [INFO] Searching for NEW leads to audit...
[2026-04-17T13:14:16.037Z] [INFO] No new leads found for audit.
[2026-04-17T13:14:16.038Z] [INFO] Searching for candidates for Asset Generation...
[2026-04-17T13:14:16.152Z] [INFO] Phase 3: No candidates found for generation.
[2026-04-17T13:14:16.152Z] [INFO] Phase 4: Checking for Outreach candidates...
[2026-04-17T13:14:16.225Z] [INFO] Automating Outreach for Clínica Dental Adeslas...
[2026-04-17T13:14:16.483Z] [SUCCESS] Outreach successful for Clínica Dental Adeslas
[2026-04-17T13:14:16.640Z] [INFO] Automating Outreach for restaurante Principal Sant Antoni de Vilamajor...
[2026-04-17T13:14:16.863Z] [SUCCESS] Outreach successful for restaurante Principal Sant Antoni de Vilamajor
[2026-04-17T13:14:17.012Z] [INFO] Automating Outreach for Especialistas restaurante Sant Antoni de Vilamajor...
[2026-04-17T13:14:17.156Z] [SUCCESS] Outreach successful for Especialistas restaurante Sant Antoni de Vilamajor
[2026-04-17T13:14:17.301Z] [INFO] Automating Outreach for SC Project | Inmobiliaria en Sant Cugat...
[2026-04-17T13:14:17.441Z] [SUCCESS] Outreach successful for SC Project | Inmobiliaria en Sant Cugat
[2026-04-17T13:14:17.584Z] [INFO] Automating Outreach for clínica dental Principal Granollers...
[2026-04-17T13:14:17.736Z] [SUCCESS] Outreach successful for clínica dental Principal Granollers
[2026-04-17T13:14:17.876Z] [INFO] Cycle complete. Sleeping for 60s...
[2026-04-17T13:15:07.187Z] [INFO] Searching for NEW leads to audit...
[2026-04-17T13:15:07.340Z] [INFO] No new leads found for audit.
[2026-04-17T13:15:07.340Z] [INFO] Searching for candidates for Asset Generation...
[2026-04-17T13:15:07.493Z] [INFO] Phase 3: No candidates found for generation.
[2026-04-17T13:15:07.493Z] [INFO] Phase 4: Checking for Outreach candidates...
[2026-04-17T13:15:07.579Z] [INFO] Automating Outreach for Clínica Dental Adeslas...
[2026-04-17T13:15:07.580Z] [WARNING] Skipping outreach for Clínica Dental Adeslas: No corporate email discovered yet.
[2026-04-17T13:15:07.580Z] [INFO] Automating Outreach for restaurante Principal Sant Antoni de Vilamajor...
[2026-04-17T13:15:07.581Z] [WARNING] Skipping outreach for restaurante Principal Sant Antoni de Vilamajor: No corporate email discovered yet.
[2026-04-17T13:15:07.582Z] [INFO] Automating Outreach for Especialistas restaurante Sant Antoni de Vilamajor...
[2026-04-17T13:15:07.582Z] [WARNING] Skipping outreach for Especialistas restaurante Sant Antoni de Vilamajor: No corporate email discovered yet.
[2026-04-17T13:15:07.582Z] [INFO] Automating Outreach for SC Project | Inmobiliaria en Sant Cugat...
[2026-04-17T13:15:07.583Z] [WARNING] Skipping outreach for SC Project | Inmobiliaria en Sant Cugat: No corporate email discovered yet.
[2026-04-17T13:15:07.583Z] [INFO] Automating Outreach for clínica dental Principal Granollers...
[2026-04-17T13:15:07.584Z] [WARNING] Skipping outreach for clínica dental Principal Granollers: No corporate email discovered yet.
[2026-04-17T13:15:07.584Z] [INFO] Cycle complete. Sleeping for 60s...
[2026-04-17T13:15:17.883Z] [INFO] Searching for NEW leads to audit...
[2026-04-17T13:15:17.993Z] [INFO] No new leads found for audit.
[2026-04-17T13:15:17.993Z] [INFO] Searching for candidates for Asset Generation...
[2026-04-17T13:15:18.123Z] [INFO] Phase 3: No candidates found for generation.
[2026-04-17T13:15:18.124Z] [INFO] Phase 4: Checking for Outreach candidates...
[2026-04-17T13:15:18.198Z] [INFO] Automating Outreach for Clínica Dental Adeslas...
[2026-04-17T13:15:18.460Z] [SUCCESS] Outreach successful for Clínica Dental Adeslas
[2026-04-17T13:15:18.601Z] [INFO] Automating Outreach for restaurante Principal Sant Antoni de Vilamajor...
[2026-04-17T13:15:18.830Z] [SUCCESS] Outreach successful for restaurante Principal Sant Antoni de Vilamajor
[2026-04-17T13:15:18.969Z] [INFO] Automating Outreach for Especialistas restaurante Sant Antoni de Vilamajor...
[2026-04-17T13:15:19.110Z] [SUCCESS] Outreach successful for Especialistas restaurante Sant Antoni de Vilamajor
[2026-04-17T13:15:19.252Z] [INFO] Automating Outreach for SC Project | Inmobiliaria en Sant Cugat...
[2026-04-17T13:15:19.387Z] [SUCCESS] Outreach successful for SC Project | Inmobiliaria en Sant Cugat
[2026-04-17T13:15:19.536Z] [INFO] Automating Outreach for clínica dental Principal Granollers...
[2026-04-17T13:15:19.669Z] [SUCCESS] Outreach successful for clínica dental Principal Granollers
[2026-04-17T13:15:19.804Z] [INFO] Cycle complete. Sleeping for 60s...
[2026-04-17T13:16:07.599Z] [INFO] Searching for NEW leads to audit...
[2026-04-17T13:16:07.780Z] [INFO] No new leads found for audit.
[2026-04-17T13:16:07.781Z] [INFO] Searching for candidates for Asset Generation...
[2026-04-17T13:16:07.913Z] [INFO] Phase 3: No candidates found for generation.
[2026-04-17T13:16:07.914Z] [INFO] Phase 4: Checking for Outreach candidates...
[2026-04-17T13:16:07.985Z] [INFO] Automating Outreach for Clínica Dental Adeslas...
[2026-04-17T13:16:07.986Z] [WARNING] Skipping outreach for Clínica Dental Adeslas: No corporate email discovered yet.
[2026-04-17T13:16:07.986Z] [INFO] Automating Outreach for restaurante Principal Sant Antoni de Vilamajor...
[2026-04-17T13:16:07.987Z] [WARNING] Skipping outreach for restaurante Principal Sant Antoni de Vilamajor: No corporate email discovered yet.
[2026-04-17T13:16:07.988Z] [INFO] Automating Outreach for Especialistas restaurante Sant Antoni de Vilamajor...
[2026-04-17T13:16:07.988Z] [WARNING] Skipping outreach for Especialistas restaurante Sant Antoni de Vilamajor: No corporate email discovered yet.
[2026-04-17T13:16:07.989Z] [INFO] Automating Outreach for SC Project | Inmobiliaria en Sant Cugat...
[2026-04-17T13:16:07.989Z] [WARNING] Skipping outreach for SC Project | Inmobiliaria en Sant Cugat: No corporate email discovered yet.
[2026-04-17T13:16:07.990Z] [INFO] Automating Outreach for clínica dental Principal Granollers...
[2026-04-17T13:16:07.990Z] [WARNING] Skipping outreach for clínica dental Principal Granollers: No corporate email discovered yet.
[2026-04-17T13:16:07.991Z] [INFO] Cycle complete. Sleeping for 60s...
[2026-04-17T13:16:19.806Z] [INFO] Searching for NEW leads to audit...
[2026-04-17T13:16:19.935Z] [INFO] No new leads found for audit.
[2026-04-17T13:16:19.936Z] [INFO] Searching for candidates for Asset Generation...
[2026-04-17T13:16:20.036Z] [INFO] Phase 3: No candidates found for generation.
[2026-04-17T13:16:20.037Z] [INFO] Phase 4: Checking for Outreach candidates...
[2026-04-17T13:16:20.107Z] [INFO] Automating Outreach for Clínica Dental Adeslas...
[2026-04-17T13:16:20.332Z] [SUCCESS] Outreach successful for Clínica Dental Adeslas
[2026-04-17T13:16:20.484Z] [INFO] Automating Outreach for restaurante Principal Sant Antoni de Vilamajor...
[2026-04-17T13:16:20.687Z] [SUCCESS] Outreach successful for restaurante Principal Sant Antoni de Vilamajor
[2026-04-17T13:16:20.826Z] [INFO] Automating Outreach for Especialistas restaurante Sant Antoni de Vilamajor...
[2026-04-17T13:16:20.972Z] [SUCCESS] Outreach successful for Especialistas restaurante Sant Antoni de Vilamajor
[2026-04-17T13:16:21.131Z] [INFO] Automating Outreach for SC Project | Inmobiliaria en Sant Cugat...
[2026-04-17T13:16:21.259Z] [SUCCESS] Outreach successful for SC Project | Inmobiliaria en Sant Cugat
[2026-04-17T13:16:21.393Z] [INFO] Automating Outreach for clínica dental Principal Granollers...
[2026-04-17T13:16:21.524Z] [SUCCESS] Outreach successful for clínica dental Principal Granollers
[2026-04-17T13:16:21.659Z] [INFO] Cycle complete. Sleeping for 60s...
[2026-04-17T13:17:08.006Z] [INFO] Searching for NEW leads to audit...
[2026-04-17T13:17:08.134Z] [INFO] No new leads found for audit.
[2026-04-17T13:17:08.134Z] [INFO] Searching for candidates for Asset Generation...
[2026-04-17T13:17:08.254Z] [INFO] Phase 3: No candidates found for generation.
[2026-04-17T13:17:08.255Z] [INFO] Phase 4: Checking for Outreach candidates...
[2026-04-17T13:17:08.332Z] [INFO] Automating Outreach for Clínica Dental Adeslas...
[2026-04-17T13:17:08.332Z] [WARNING] Skipping outreach for Clínica Dental Adeslas: No corporate email discovered yet.
[2026-04-17T13:17:08.333Z] [INFO] Automating Outreach for restaurante Principal Sant Antoni de Vilamajor...
[2026-04-17T13:17:08.333Z] [WARNING] Skipping outreach for restaurante Principal Sant Antoni de Vilamajor: No corporate email discovered yet.
[2026-04-17T13:17:08.334Z] [INFO] Automating Outreach for Especialistas restaurante Sant Antoni de Vilamajor...
[2026-04-17T13:17:08.334Z] [WARNING] Skipping outreach for Especialistas restaurante Sant Antoni de Vilamajor: No corporate email discovered yet.
[2026-04-17T13:17:08.335Z] [INFO] Automating Outreach for SC Project | Inmobiliaria en Sant Cugat...
[2026-04-17T13:17:08.335Z] [WARNING] Skipping outreach for SC Project | Inmobiliaria en Sant Cugat: No corporate email discovered yet.
[2026-04-17T13:17:08.336Z] [INFO] Automating Outreach for clínica dental Principal Granollers...
[2026-04-17T13:17:08.336Z] [WARNING] Skipping outreach for clínica dental Principal Granollers: No corporate email discovered yet.
[2026-04-17T13:17:08.337Z] [INFO] Cycle complete. Sleeping for 60s...
[2026-04-17T13:17:21.665Z] [INFO] Searching for NEW leads to audit...
[2026-04-17T13:17:21.774Z] [INFO] No new leads found for audit.
[2026-04-17T13:17:21.775Z] [INFO] Searching for candidates for Asset Generation...
[2026-04-17T13:17:21.875Z] [INFO] Phase 3: No candidates found for generation.
[2026-04-17T13:17:21.876Z] [INFO] Phase 4: Checking for Outreach candidates...
[2026-04-17T13:17:21.953Z] [INFO] Automating Outreach for Clínica Dental Adeslas...
[2026-04-17T13:17:22.172Z] [SUCCESS] Outreach successful for Clínica Dental Adeslas
[2026-04-17T13:17:22.325Z] [INFO] Automating Outreach for restaurante Principal Sant Antoni de Vilamajor...
[2026-04-17T13:17:22.535Z] [SUCCESS] Outreach successful for restaurante Principal Sant Antoni de Vilamajor
[2026-04-17T13:17:22.675Z] [INFO] Automating Outreach for Especialistas restaurante Sant Antoni de Vilamajor...
[2026-04-17T13:17:22.812Z] [SUCCESS] Outreach successful for Especialistas restaurante Sant Antoni de Vilamajor
[2026-04-17T13:17:22.949Z] [INFO] Automating Outreach for SC Project | Inmobiliaria en Sant Cugat...
[2026-04-17T13:17:23.084Z] [SUCCESS] Outreach successful for SC Project | Inmobiliaria en Sant Cugat
[2026-04-17T13:17:23.218Z] [INFO] Automating Outreach for clínica dental Principal Granollers...
[2026-04-17T13:17:23.345Z] [SUCCESS] Outreach successful for clínica dental Principal Granollers
[2026-04-17T13:17:23.475Z] [INFO] Cycle complete. Sleeping for 60s...
[2026-04-17T13:18:08.348Z] [INFO] Searching for NEW leads to audit...
[2026-04-17T13:18:08.533Z] [INFO] Starting audit for 2 leads.
[2026-04-17T13:18:09.151Z] [INFO] Auditing: restaurante Principal Madrid (https://central-Madrid.com)
[2026-04-17T13:18:09.280Z] [WARNING] Failed to audit restaurante Principal Madrid: net::ERR_NAME_NOT_RESOLVED at https://central-Madrid.com
[2026-04-17T13:18:09.375Z] [INFO] Auditing: clinica dental Principal Barcelona (https://central-Barcelona.com)
[2026-04-17T13:18:09.535Z] [WARNING] Failed to audit clinica dental Principal Barcelona: net::ERR_NAME_NOT_RESOLVED at https://central-Barcelona.com
[2026-04-17T13:18:09.801Z] [INFO] Searching for candidates for Asset Generation...
[2026-04-17T13:18:09.877Z] [INFO] Phase 3: No candidates found for generation.
[2026-04-17T13:18:09.877Z] [INFO] Phase 4: Checking for Outreach candidates...
[2026-04-17T13:18:09.979Z] [INFO] Automating Outreach for Clínica Dental Adeslas...
[2026-04-17T13:18:09.980Z] [WARNING] Skipping outreach for Clínica Dental Adeslas: No corporate email discovered yet.
[2026-04-17T13:18:09.980Z] [INFO] Automating Outreach for restaurante Principal Sant Antoni de Vilamajor...
[2026-04-17T13:18:09.981Z] [WARNING] Skipping outreach for restaurante Principal Sant Antoni de Vilamajor: No corporate email discovered yet.
[2026-04-17T13:18:09.981Z] [INFO] Automating Outreach for Especialistas restaurante Sant Antoni de Vilamajor...
[2026-04-17T13:18:09.982Z] [WARNING] Skipping outreach for Especialistas restaurante Sant Antoni de Vilamajor: No corporate email discovered yet.
[2026-04-17T13:18:09.982Z] [INFO] Automating Outreach for SC Project | Inmobiliaria en Sant Cugat...
[2026-04-17T13:18:09.982Z] [WARNING] Skipping outreach for SC Project | Inmobiliaria en Sant Cugat: No corporate email discovered yet.
[2026-04-17T13:18:09.983Z] [INFO] Automating Outreach for clínica dental Principal Granollers...
[2026-04-17T13:18:09.984Z] [WARNING] Skipping outreach for clínica dental Principal Granollers: No corporate email discovered yet.
[2026-04-17T13:18:09.984Z] [INFO] Cycle complete. Sleeping for 60s...
[2026-04-17T13:18:23.482Z] [INFO] Searching for NEW leads to audit...
[2026-04-17T13:18:23.599Z] [INFO] No new leads found for audit.
[2026-04-17T13:18:23.599Z] [INFO] Searching for candidates for Asset Generation...
[2026-04-17T13:18:23.703Z] [INFO] Phase 3: No candidates found for generation.
[2026-04-17T13:18:23.704Z] [INFO] Phase 4: Checking for Outreach candidates...
[2026-04-17T13:18:23.773Z] [INFO] Automating Outreach for Clínica Dental Adeslas...
[2026-04-17T13:18:24.005Z] [SUCCESS] Outreach successful for Clínica Dental Adeslas
[2026-04-17T13:18:24.167Z] [INFO] Automating Outreach for restaurante Principal Sant Antoni de Vilamajor...
[2026-04-17T13:18:24.388Z] [SUCCESS] Outreach successful for restaurante Principal Sant Antoni de Vilamajor
[2026-04-17T13:18:24.526Z] [INFO] Automating Outreach for Especialistas restaurante Sant Antoni de Vilamajor...
[2026-04-17T13:18:24.663Z] [SUCCESS] Outreach successful for Especialistas restaurante Sant Antoni de Vilamajor
[2026-04-17T13:18:24.851Z] [INFO] Automating Outreach for SC Project | Inmobiliaria en Sant Cugat...
[2026-04-17T13:18:24.993Z] [SUCCESS] Outreach successful for SC Project | Inmobiliaria en Sant Cugat
[2026-04-17T13:18:25.153Z] [INFO] Automating Outreach for clínica dental Principal Granollers...
[2026-04-17T13:18:25.294Z] [SUCCESS] Outreach successful for clínica dental Principal Granollers
[2026-04-17T13:18:25.428Z] [INFO] Cycle complete. Sleeping for 60s...
[2026-04-17T13:19:09.985Z] [INFO] Searching for NEW leads to audit...
[2026-04-17T13:19:10.267Z] [INFO] No new leads found for audit.
[2026-04-17T13:19:10.267Z] [INFO] Searching for candidates for Asset Generation...
[2026-04-17T13:19:10.391Z] [INFO] Phase 3: No candidates found for generation.
[2026-04-17T13:19:10.392Z] [INFO] Phase 4: Checking for Outreach candidates...
[2026-04-17T13:19:10.475Z] [INFO] Automating Outreach for Clínica Dental Adeslas...
[2026-04-17T13:19:10.476Z] [WARNING] Skipping outreach for Clínica Dental Adeslas: No corporate email discovered yet.
[2026-04-17T13:19:10.476Z] [INFO] Automating Outreach for restaurante Principal Sant Antoni de Vilamajor...
[2026-04-17T13:19:10.477Z] [WARNING] Skipping outreach for restaurante Principal Sant Antoni de Vilamajor: No corporate email discovered yet.
[2026-04-17T13:19:10.477Z] [INFO] Automating Outreach for Especialistas restaurante Sant Antoni de Vilamajor...
[2026-04-17T13:19:10.477Z] [WARNING] Skipping outreach for Especialistas restaurante Sant Antoni de Vilamajor: No corporate email discovered yet.
[2026-04-17T13:19:10.478Z] [INFO] Automating Outreach for SC Project | Inmobiliaria en Sant Cugat...
[2026-04-17T13:19:10.478Z] [WARNING] Skipping outreach for SC Project | Inmobiliaria en Sant Cugat: No corporate email discovered yet.
[2026-04-17T13:19:10.479Z] [INFO] Automating Outreach for clínica dental Principal Granollers...
[2026-04-17T13:19:10.479Z] [WARNING] Skipping outreach for clínica dental Principal Granollers: No corporate email discovered yet.
[2026-04-17T13:19:10.480Z] [INFO] Cycle complete. Sleeping for 60s...
[2026-04-17T13:19:25.432Z] [INFO] Searching for NEW leads to audit...
[2026-04-17T13:19:25.552Z] [INFO] No new leads found for audit.
[2026-04-17T13:19:25.552Z] [INFO] Searching for candidates for Asset Generation...
[2026-04-17T13:19:25.669Z] [INFO] Phase 3: No candidates found for generation.
[2026-04-17T13:19:25.670Z] [INFO] Phase 4: Checking for Outreach candidates...
[2026-04-17T13:19:25.745Z] [INFO] Automating Outreach for Clínica Dental Adeslas...
[2026-04-17T13:19:25.947Z] [SUCCESS] Outreach successful for Clínica Dental Adeslas
[2026-04-17T13:19:26.107Z] [INFO] Automating Outreach for restaurante Principal Sant Antoni de Vilamajor...
[2026-04-17T13:19:26.314Z] [SUCCESS] Outreach successful for restaurante Principal Sant Antoni de Vilamajor
[2026-04-17T13:19:26.457Z] [INFO] Automating Outreach for Especialistas restaurante Sant Antoni de Vilamajor...
[2026-04-17T13:19:26.586Z] [SUCCESS] Outreach successful for Especialistas restaurante Sant Antoni de Vilamajor
[2026-04-17T13:19:26.716Z] [INFO] Automating Outreach for SC Project | Inmobiliaria en Sant Cugat...
[2026-04-17T13:19:26.850Z] [SUCCESS] Outreach successful for SC Project | Inmobiliaria en Sant Cugat
[2026-04-17T13:19:26.980Z] [INFO] Automating Outreach for clínica dental Principal Granollers...
[2026-04-17T13:19:27.115Z] [SUCCESS] Outreach successful for clínica dental Principal Granollers
[2026-04-17T13:19:27.251Z] [INFO] Cycle complete. Sleeping for 60s...
[2026-04-17T13:20:10.483Z] [INFO] Searching for NEW leads to audit...
[2026-04-17T13:20:10.695Z] [INFO] No new leads found for audit.
[2026-04-17T13:20:10.695Z] [INFO] Searching for candidates for Asset Generation...
[2026-04-17T13:20:10.824Z] [INFO] Phase 3: No candidates found for generation.
[2026-04-17T13:20:10.824Z] [INFO] Phase 4: Checking for Outreach candidates...
[2026-04-17T13:20:10.906Z] [INFO] Automating Outreach for Clínica Dental Adeslas...
[2026-04-17T13:20:10.906Z] [WARNING] Skipping outreach for Clínica Dental Adeslas: No corporate email discovered yet.
[2026-04-17T13:20:10.907Z] [INFO] Automating Outreach for restaurante Principal Sant Antoni de Vilamajor...
[2026-04-17T13:20:10.908Z] [WARNING] Skipping outreach for restaurante Principal Sant Antoni de Vilamajor: No corporate email discovered yet.
[2026-04-17T13:20:10.908Z] [INFO] Automating Outreach for Especialistas restaurante Sant Antoni de Vilamajor...
[2026-04-17T13:20:10.909Z] [WARNING] Skipping outreach for Especialistas restaurante Sant Antoni de Vilamajor: No corporate email discovered yet.
[2026-04-17T13:20:10.909Z] [INFO] Automating Outreach for SC Project | Inmobiliaria en Sant Cugat...
[2026-04-17T13:20:10.909Z] [WARNING] Skipping outreach for SC Project | Inmobiliaria en Sant Cugat: No corporate email discovered yet.
[2026-04-17T13:20:10.910Z] [INFO] Automating Outreach for clínica dental Principal Granollers...
[2026-04-17T13:20:10.910Z] [WARNING] Skipping outreach for clínica dental Principal Granollers: No corporate email discovered yet.
[2026-04-17T13:20:10.911Z] [INFO] Cycle complete. Sleeping for 60s...
[2026-04-17T13:20:27.267Z] [INFO] Searching for NEW leads to audit...
[2026-04-17T13:20:27.377Z] [INFO] No new leads found for audit.
[2026-04-17T13:20:27.378Z] [INFO] Searching for candidates for Asset Generation...
[2026-04-17T13:20:27.483Z] [INFO] Phase 3: No candidates found for generation.
[2026-04-17T13:20:27.483Z] [INFO] Phase 4: Checking for Outreach candidates...
[2026-04-17T13:20:27.549Z] [INFO] Automating Outreach for Clínica Dental Adeslas...
[2026-04-17T13:20:27.806Z] [SUCCESS] Outreach successful for Clínica Dental Adeslas
[2026-04-17T13:20:27.957Z] [INFO] Automating Outreach for restaurante Principal Sant Antoni de Vilamajor...
[2026-04-17T13:20:28.228Z] [SUCCESS] Outreach successful for restaurante Principal Sant Antoni de Vilamajor
[2026-04-17T13:20:28.360Z] [INFO] Automating Outreach for Especialistas restaurante Sant Antoni de Vilamajor...
[2026-04-17T13:20:28.497Z] [SUCCESS] Outreach successful for Especialistas restaurante Sant Antoni de Vilamajor
[2026-04-17T13:20:28.637Z] [INFO] Automating Outreach for SC Project | Inmobiliaria en Sant Cugat...
[2026-04-17T13:20:28.772Z] [SUCCESS] Outreach successful for SC Project | Inmobiliaria en Sant Cugat
[2026-04-17T13:20:28.910Z] [INFO] Automating Outreach for clínica dental Principal Granollers...
[2026-04-17T13:20:29.053Z] [SUCCESS] Outreach successful for clínica dental Principal Granollers
[2026-04-17T13:20:29.188Z] [INFO] Cycle complete. Sleeping for 60s...
[2026-04-17T13:21:10.926Z] [INFO] Searching for NEW leads to audit...
[2026-04-17T13:21:11.074Z] [INFO] No new leads found for audit.
[2026-04-17T13:21:11.075Z] [INFO] Searching for candidates for Asset Generation...
[2026-04-17T13:21:11.202Z] [INFO] Phase 3: No candidates found for generation.
[2026-04-17T13:21:11.204Z] [INFO] Phase 4: Checking for Outreach candidates...
[2026-04-17T13:21:11.276Z] [INFO] Automating Outreach for Clínica Dental Adeslas...
[2026-04-17T13:21:11.276Z] [WARNING] Skipping outreach for Clínica Dental Adeslas: No corporate email discovered yet.
[2026-04-17T13:21:11.277Z] [INFO] Automating Outreach for restaurante Principal Sant Antoni de Vilamajor...
[2026-04-17T13:21:11.278Z] [WARNING] Skipping outreach for restaurante Principal Sant Antoni de Vilamajor: No corporate email discovered yet.
[2026-04-17T13:21:11.278Z] [INFO] Automating Outreach for Especialistas restaurante Sant Antoni de Vilamajor...
[2026-04-17T13:21:11.279Z] [WARNING] Skipping outreach for Especialistas restaurante Sant Antoni de Vilamajor: No corporate email discovered yet.
[2026-04-17T13:21:11.279Z] [INFO] Automating Outreach for SC Project | Inmobiliaria en Sant Cugat...
[2026-04-17T13:21:11.280Z] [WARNING] Skipping outreach for SC Project | Inmobiliaria en Sant Cugat: No corporate email discovered yet.
[2026-04-17T13:21:11.280Z] [INFO] Automating Outreach for clínica dental Principal Granollers...
[2026-04-17T13:21:11.281Z] [WARNING] Skipping outreach for clínica dental Principal Granollers: No corporate email discovered yet.
[2026-04-17T13:21:11.281Z] [INFO] Cycle complete. Sleeping for 60s...
[2026-04-17T13:21:29.189Z] [INFO] Searching for NEW leads to audit...
[2026-04-17T13:21:29.301Z] [INFO] No new leads found for audit.
[2026-04-17T13:21:29.302Z] [INFO] Searching for candidates for Asset Generation...
[2026-04-17T13:21:29.403Z] [INFO] Phase 3: No candidates found for generation.
[2026-04-17T13:21:29.403Z] [INFO] Phase 4: Checking for Outreach candidates...
[2026-04-17T13:21:29.470Z] [INFO] Automating Outreach for Clínica Dental Adeslas...
[2026-04-17T13:21:29.674Z] [SUCCESS] Outreach successful for Clínica Dental Adeslas
[2026-04-17T13:21:29.830Z] [INFO] Automating Outreach for restaurante Principal Sant Antoni de Vilamajor...
[2026-04-17T13:21:30.048Z] [SUCCESS] Outreach successful for restaurante Principal Sant Antoni de Vilamajor
[2026-04-17T13:21:30.186Z] [INFO] Automating Outreach for Especialistas restaurante Sant Antoni de Vilamajor...
[2026-04-17T13:21:30.325Z] [SUCCESS] Outreach successful for Especialistas restaurante Sant Antoni de Vilamajor
[2026-04-17T13:21:30.519Z] [INFO] Automating Outreach for SC Project | Inmobiliaria en Sant Cugat...
[2026-04-17T13:21:30.680Z] [SUCCESS] Outreach successful for SC Project | Inmobiliaria en Sant Cugat
[2026-04-17T13:21:30.828Z] [INFO] Automating Outreach for clínica dental Principal Granollers...
[2026-04-17T13:21:30.967Z] [SUCCESS] Outreach successful for clínica dental Principal Granollers
[2026-04-17T13:21:31.119Z] [INFO] Cycle complete. Sleeping for 60s...
[2026-04-17T13:22:11.288Z] [INFO] Searching for NEW leads to audit...
[2026-04-17T13:22:11.461Z] [INFO] No new leads found for audit.
[2026-04-17T13:22:11.462Z] [INFO] Searching for candidates for Asset Generation...
[2026-04-17T13:22:11.581Z] [INFO] Phase 3: No candidates found for generation.
[2026-04-17T13:22:11.582Z] [INFO] Phase 4: Checking for Outreach candidates...
[2026-04-17T13:22:11.690Z] [INFO] Automating Outreach for Clínica Dental Adeslas...
[2026-04-17T13:22:11.690Z] [WARNING] Skipping outreach for Clínica Dental Adeslas: No corporate email discovered yet.
[2026-04-17T13:22:11.691Z] [INFO] Automating Outreach for restaurante Principal Sant Antoni de Vilamajor...
[2026-04-17T13:22:11.691Z] [WARNING] Skipping outreach for restaurante Principal Sant Antoni de Vilamajor: No corporate email discovered yet.
[2026-04-17T13:22:11.692Z] [INFO] Automating Outreach for Especialistas restaurante Sant Antoni de Vilamajor...
[2026-04-17T13:22:11.693Z] [WARNING] Skipping outreach for Especialistas restaurante Sant Antoni de Vilamajor: No corporate email discovered yet.
[2026-04-17T13:22:11.693Z] [INFO] Automating Outreach for SC Project | Inmobiliaria en Sant Cugat...
[2026-04-17T13:22:11.694Z] [WARNING] Skipping outreach for SC Project | Inmobiliaria en Sant Cugat: No corporate email discovered yet.
[2026-04-17T13:22:11.694Z] [INFO] Automating Outreach for clínica dental Principal Granollers...
[2026-04-17T13:22:11.695Z] [WARNING] Skipping outreach for clínica dental Principal Granollers: No corporate email discovered yet.
[2026-04-17T13:22:11.695Z] [INFO] Cycle complete. Sleeping for 60s...
[2026-04-17T13:22:31.121Z] [INFO] Searching for NEW leads to audit...
[2026-04-17T13:22:31.295Z] [INFO] No new leads found for audit.
[2026-04-17T13:22:31.296Z] [INFO] Searching for candidates for Asset Generation...
[2026-04-17T13:22:31.412Z] [INFO] Phase 3: No candidates found for generation.
[2026-04-17T13:22:31.413Z] [INFO] Phase 4: Checking for Outreach candidates...
[2026-04-17T13:22:31.488Z] [INFO] Automating Outreach for Clínica Dental Adeslas...
[2026-04-17T13:22:31.700Z] [SUCCESS] Outreach successful for Clínica Dental Adeslas
[2026-04-17T13:22:31.893Z] [INFO] Automating Outreach for restaurante Principal Sant Antoni de Vilamajor...
[2026-04-17T13:22:32.095Z] [SUCCESS] Outreach successful for restaurante Principal Sant Antoni de Vilamajor
[2026-04-17T13:22:32.234Z] [INFO] Automating Outreach for Especialistas restaurante Sant Antoni de Vilamajor...
[2026-04-17T13:22:32.368Z] [SUCCESS] Outreach successful for Especialistas restaurante Sant Antoni de Vilamajor
[2026-04-17T13:22:32.504Z] [INFO] Automating Outreach for SC Project | Inmobiliaria en Sant Cugat...
[2026-04-17T13:22:32.640Z] [SUCCESS] Outreach successful for SC Project | Inmobiliaria en Sant Cugat
[2026-04-17T13:22:32.772Z] [INFO] Automating Outreach for clínica dental Principal Granollers...
[2026-04-17T13:22:32.911Z] [SUCCESS] Outreach successful for clínica dental Principal Granollers
[2026-04-17T13:22:33.043Z] [INFO] Cycle complete. Sleeping for 60s...
[2026-04-17T13:23:11.701Z] [INFO] Searching for NEW leads to audit...
[2026-04-17T13:23:11.852Z] [INFO] No new leads found for audit.
[2026-04-17T13:23:11.853Z] [INFO] Searching for candidates for Asset Generation...
[2026-04-17T13:23:11.979Z] [INFO] Phase 3: No candidates found for generation.
[2026-04-17T13:23:11.980Z] [INFO] Phase 4: Checking for Outreach candidates...
[2026-04-17T13:23:12.063Z] [INFO] Automating Outreach for Clínica Dental Adeslas...
[2026-04-17T13:23:12.063Z] [WARNING] Skipping outreach for Clínica Dental Adeslas: No corporate email discovered yet.
[2026-04-17T13:23:12.064Z] [INFO] Automating Outreach for restaurante Principal Sant Antoni de Vilamajor...
[2026-04-17T13:23:12.065Z] [WARNING] Skipping outreach for restaurante Principal Sant Antoni de Vilamajor: No corporate email discovered yet.
[2026-04-17T13:23:12.065Z] [INFO] Automating Outreach for Especialistas restaurante Sant Antoni de Vilamajor...
[2026-04-17T13:23:12.066Z] [WARNING] Skipping outreach for Especialistas restaurante Sant Antoni de Vilamajor: No corporate email discovered yet.
[2026-04-17T13:23:12.066Z] [INFO] Automating Outreach for SC Project | Inmobiliaria en Sant Cugat...
[2026-04-17T13:23:12.067Z] [WARNING] Skipping outreach for SC Project | Inmobiliaria en Sant Cugat: No corporate email discovered yet.
[2026-04-17T13:23:12.067Z] [INFO] Automating Outreach for clínica dental Principal Granollers...
[2026-04-17T13:23:12.068Z] [WARNING] Skipping outreach for clínica dental Principal Granollers: No corporate email discovered yet.
[2026-04-17T13:23:12.069Z] [INFO] Cycle complete. Sleeping for 60s...
[2026-04-17T13:23:33.050Z] [INFO] Searching for NEW leads to audit...
[2026-04-17T13:23:33.171Z] [INFO] No new leads found for audit.
[2026-04-17T13:23:33.171Z] [INFO] Searching for candidates for Asset Generation...
[2026-04-17T13:23:33.281Z] [INFO] Phase 3: No candidates found for generation.
[2026-04-17T13:23:33.282Z] [INFO] Phase 4: Checking for Outreach candidates...
[2026-04-17T13:23:33.356Z] [INFO] Automating Outreach for Clínica Dental Adeslas...
[2026-04-17T13:23:33.561Z] [SUCCESS] Outreach successful for Clínica Dental Adeslas
[2026-04-17T13:23:33.708Z] [INFO] Automating Outreach for restaurante Principal Sant Antoni de Vilamajor...
[2026-04-17T13:23:33.905Z] [SUCCESS] Outreach successful for restaurante Principal Sant Antoni de Vilamajor
[2026-04-17T13:23:34.049Z] [INFO] Automating Outreach for Especialistas restaurante Sant Antoni de Vilamajor...
[2026-04-17T13:23:34.187Z] [SUCCESS] Outreach successful for Especialistas restaurante Sant Antoni de Vilamajor
[2026-04-17T13:23:34.325Z] [INFO] Automating Outreach for SC Project | Inmobiliaria en Sant Cugat...
[2026-04-17T13:23:34.460Z] [SUCCESS] Outreach successful for SC Project | Inmobiliaria en Sant Cugat
[2026-04-17T13:23:34.598Z] [INFO] Automating Outreach for clínica dental Principal Granollers...
[2026-04-17T13:23:34.738Z] [SUCCESS] Outreach successful for clínica dental Principal Granollers
[2026-04-17T13:23:34.876Z] [INFO] Cycle complete. Sleeping for 60s...
[2026-04-17T13:24:12.081Z] [INFO] Searching for NEW leads to audit...
[2026-04-17T13:24:12.254Z] [INFO] No new leads found for audit.
[2026-04-17T13:24:12.255Z] [INFO] Searching for candidates for Asset Generation...
[2026-04-17T13:24:12.372Z] [INFO] Phase 3: No candidates found for generation.
[2026-04-17T13:24:12.372Z] [INFO] Phase 4: Checking for Outreach candidates...
[2026-04-17T13:24:12.441Z] [INFO] Automating Outreach for Clínica Dental Adeslas...
[2026-04-17T13:24:12.442Z] [WARNING] Skipping outreach for Clínica Dental Adeslas: No corporate email discovered yet.
[2026-04-17T13:24:12.442Z] [INFO] Automating Outreach for restaurante Principal Sant Antoni de Vilamajor...
[2026-04-17T13:24:12.443Z] [WARNING] Skipping outreach for restaurante Principal Sant Antoni de Vilamajor: No corporate email discovered yet.
[2026-04-17T13:24:12.443Z] [INFO] Automating Outreach for Especialistas restaurante Sant Antoni de Vilamajor...
[2026-04-17T13:24:12.444Z] [WARNING] Skipping outreach for Especialistas restaurante Sant Antoni de Vilamajor: No corporate email discovered yet.
[2026-04-17T13:24:12.444Z] [INFO] Automating Outreach for SC Project | Inmobiliaria en Sant Cugat...
[2026-04-17T13:24:12.445Z] [WARNING] Skipping outreach for SC Project | Inmobiliaria en Sant Cugat: No corporate email discovered yet.
[2026-04-17T13:24:12.446Z] [INFO] Automating Outreach for clínica dental Principal Granollers...
[2026-04-17T13:24:12.446Z] [WARNING] Skipping outreach for clínica dental Principal Granollers: No corporate email discovered yet.
[2026-04-17T13:24:12.447Z] [INFO] Cycle complete. Sleeping for 60s...
[2026-04-17T13:24:34.891Z] [INFO] Searching for NEW leads to audit...
[2026-04-17T13:24:35.005Z] [INFO] No new leads found for audit.
[2026-04-17T13:24:35.006Z] [INFO] Searching for candidates for Asset Generation...
[2026-04-17T13:24:35.113Z] [INFO] Phase 3: No candidates found for generation.
[2026-04-17T13:24:35.114Z] [INFO] Phase 4: Checking for Outreach candidates...
[2026-04-17T13:24:35.189Z] [INFO] Automating Outreach for Clínica Dental Adeslas...
[2026-04-17T13:24:35.452Z] [SUCCESS] Outreach successful for Clínica Dental Adeslas
[2026-04-17T13:24:35.609Z] [INFO] Automating Outreach for restaurante Principal Sant Antoni de Vilamajor...
[2026-04-17T13:24:35.823Z] [SUCCESS] Outreach successful for restaurante Principal Sant Antoni de Vilamajor
[2026-04-17T13:24:35.967Z] [INFO] Automating Outreach for Especialistas restaurante Sant Antoni de Vilamajor...
[2026-04-17T13:24:36.101Z] [SUCCESS] Outreach successful for Especialistas restaurante Sant Antoni de Vilamajor
[2026-04-17T13:24:36.233Z] [INFO] Automating Outreach for SC Project | Inmobiliaria en Sant Cugat...
[2026-04-17T13:24:36.364Z] [SUCCESS] Outreach successful for SC Project | Inmobiliaria en Sant Cugat
[2026-04-17T13:24:36.500Z] [INFO] Automating Outreach for clínica dental Principal Granollers...
[2026-04-17T13:24:36.635Z] [SUCCESS] Outreach successful for clínica dental Principal Granollers
[2026-04-17T13:24:36.771Z] [INFO] Cycle complete. Sleeping for 60s...
[2026-04-17T13:25:12.450Z] [INFO] Searching for NEW leads to audit...
[2026-04-17T13:25:12.858Z] [INFO] No new leads found for audit.
[2026-04-17T13:25:12.858Z] [INFO] Searching for candidates for Asset Generation...
[2026-04-17T13:25:12.981Z] [INFO] Phase 3: No candidates found for generation.
[2026-04-17T13:25:12.982Z] [INFO] Phase 4: Checking for Outreach candidates...
[2026-04-17T13:25:13.056Z] [INFO] Automating Outreach for Clínica Dental Adeslas...
[2026-04-17T13:25:13.057Z] [WARNING] Skipping outreach for Clínica Dental Adeslas: No corporate email discovered yet.
[2026-04-17T13:25:13.058Z] [INFO] Automating Outreach for restaurante Principal Sant Antoni de Vilamajor...
[2026-04-17T13:25:13.058Z] [WARNING] Skipping outreach for restaurante Principal Sant Antoni de Vilamajor: No corporate email discovered yet.
[2026-04-17T13:25:13.059Z] [INFO] Automating Outreach for Especialistas restaurante Sant Antoni de Vilamajor...
[2026-04-17T13:25:13.060Z] [WARNING] Skipping outreach for Especialistas restaurante Sant Antoni de Vilamajor: No corporate email discovered yet.
[2026-04-17T13:25:13.060Z] [INFO] Automating Outreach for SC Project | Inmobiliaria en Sant Cugat...
[2026-04-17T13:25:13.061Z] [WARNING] Skipping outreach for SC Project | Inmobiliaria en Sant Cugat: No corporate email discovered yet.
[2026-04-17T13:25:13.061Z] [INFO] Automating Outreach for clínica dental Principal Granollers...
[2026-04-17T13:25:13.062Z] [WARNING] Skipping outreach for clínica dental Principal Granollers: No corporate email discovered yet.
[2026-04-17T13:25:13.062Z] [INFO] Cycle complete. Sleeping for 60s...
[2026-04-17T13:25:36.788Z] [INFO] Searching for NEW leads to audit...
[2026-04-17T13:25:36.911Z] [INFO] No new leads found for audit.
[2026-04-17T13:25:36.912Z] [INFO] Searching for candidates for Asset Generation...
[2026-04-17T13:25:37.015Z] [INFO] Phase 3: No candidates found for generation.
[2026-04-17T13:25:37.016Z] [INFO] Phase 4: Checking for Outreach candidates...
[2026-04-17T13:25:37.093Z] [INFO] Automating Outreach for Clínica Dental Adeslas...
[2026-04-17T13:25:37.338Z] [SUCCESS] Outreach successful for Clínica Dental Adeslas
[2026-04-17T13:25:37.484Z] [INFO] Automating Outreach for restaurante Principal Sant Antoni de Vilamajor...
[2026-04-17T13:25:37.697Z] [SUCCESS] Outreach successful for restaurante Principal Sant Antoni de Vilamajor
[2026-04-17T13:25:37.838Z] [INFO] Automating Outreach for Especialistas restaurante Sant Antoni de Vilamajor...
[2026-04-17T13:25:37.979Z] [SUCCESS] Outreach successful for Especialistas restaurante Sant Antoni de Vilamajor
[2026-04-17T13:25:38.118Z] [INFO] Automating Outreach for SC Project | Inmobiliaria en Sant Cugat...
[2026-04-17T13:25:38.254Z] [SUCCESS] Outreach successful for SC Project | Inmobiliaria en Sant Cugat
[2026-04-17T13:25:38.392Z] [INFO] Automating Outreach for clínica dental Principal Granollers...
[2026-04-17T13:25:38.529Z] [SUCCESS] Outreach successful for clínica dental Principal Granollers
[2026-04-17T13:25:38.684Z] [INFO] Cycle complete. Sleeping for 60s...
[2026-04-17T13:26:13.078Z] [INFO] Searching for NEW leads to audit...
[2026-04-17T13:26:13.379Z] [INFO] No new leads found for audit.
[2026-04-17T13:26:13.380Z] [INFO] Searching for candidates for Asset Generation...
[2026-04-17T13:26:13.504Z] [INFO] Phase 3: No candidates found for generation.
[2026-04-17T13:26:13.505Z] [INFO] Phase 4: Checking for Outreach candidates...
[2026-04-17T13:26:13.581Z] [INFO] Automating Outreach for Clínica Dental Adeslas...
[2026-04-17T13:26:13.581Z] [WARNING] Skipping outreach for Clínica Dental Adeslas: No corporate email discovered yet.
[2026-04-17T13:26:13.582Z] [INFO] Automating Outreach for restaurante Principal Sant Antoni de Vilamajor...
[2026-04-17T13:26:13.582Z] [WARNING] Skipping outreach for restaurante Principal Sant Antoni de Vilamajor: No corporate email discovered yet.
[2026-04-17T13:26:13.583Z] [INFO] Automating Outreach for Especialistas restaurante Sant Antoni de Vilamajor...
[2026-04-17T13:26:13.584Z] [WARNING] Skipping outreach for Especialistas restaurante Sant Antoni de Vilamajor: No corporate email discovered yet.
[2026-04-17T13:26:13.585Z] [INFO] Automating Outreach for SC Project | Inmobiliaria en Sant Cugat...
[2026-04-17T13:26:13.586Z] [WARNING] Skipping outreach for SC Project | Inmobiliaria en Sant Cugat: No corporate email discovered yet.
[2026-04-17T13:26:13.586Z] [INFO] Automating Outreach for clínica dental Principal Granollers...
[2026-04-17T13:26:13.587Z] [WARNING] Skipping outreach for clínica dental Principal Granollers: No corporate email discovered yet.
[2026-04-17T13:26:13.587Z] [INFO] Cycle complete. Sleeping for 60s...
[2026-04-17T13:26:38.699Z] [INFO] Searching for NEW leads to audit...
[2026-04-17T13:26:38.826Z] [INFO] No new leads found for audit.
[2026-04-17T13:26:38.826Z] [INFO] Searching for candidates for Asset Generation...
[2026-04-17T13:26:38.931Z] [INFO] Phase 3: No candidates found for generation.
[2026-04-17T13:26:38.932Z] [INFO] Phase 4: Checking for Outreach candidates...
[2026-04-17T13:26:39.026Z] [INFO] Automating Outreach for Clínica Dental Adeslas...
[2026-04-17T13:26:39.239Z] [SUCCESS] Outreach successful for Clínica Dental Adeslas
[2026-04-17T13:26:39.381Z] [INFO] Automating Outreach for restaurante Principal Sant Antoni de Vilamajor...
[2026-04-17T13:26:39.598Z] [SUCCESS] Outreach successful for restaurante Principal Sant Antoni de Vilamajor
[2026-04-17T13:26:39.743Z] [INFO] Automating Outreach for Especialistas restaurante Sant Antoni de Vilamajor...
[2026-04-17T13:26:39.875Z] [SUCCESS] Outreach successful for Especialistas restaurante Sant Antoni de Vilamajor
[2026-04-17T13:26:40.022Z] [INFO] Automating Outreach for SC Project | Inmobiliaria en Sant Cugat...
[2026-04-17T13:26:40.156Z] [SUCCESS] Outreach successful for SC Project | Inmobiliaria en Sant Cugat
[2026-04-17T13:26:40.291Z] [INFO] Automating Outreach for clínica dental Principal Granollers...
[2026-04-17T13:26:40.435Z] [SUCCESS] Outreach successful for clínica dental Principal Granollers
[2026-04-17T13:26:40.575Z] [INFO] Cycle complete. Sleeping for 60s...
[2026-04-17T13:27:13.594Z] [INFO] Searching for NEW leads to audit...
[2026-04-17T13:27:13.714Z] [INFO] No new leads found for audit.
[2026-04-17T13:27:13.715Z] [INFO] Searching for candidates for Asset Generation...
[2026-04-17T13:27:13.819Z] [INFO] Phase 3: No candidates found for generation.
[2026-04-17T13:27:13.820Z] [INFO] Phase 4: Checking for Outreach candidates...
[2026-04-17T13:27:13.906Z] [INFO] Automating Outreach for Clínica Dental Adeslas...
[2026-04-17T13:27:13.907Z] [WARNING] Skipping outreach for Clínica Dental Adeslas: No corporate email discovered yet.
[2026-04-17T13:27:13.908Z] [INFO] Automating Outreach for restaurante Principal Sant Antoni de Vilamajor...
[2026-04-17T13:27:13.908Z] [WARNING] Skipping outreach for restaurante Principal Sant Antoni de Vilamajor: No corporate email discovered yet.
[2026-04-17T13:27:13.909Z] [INFO] Automating Outreach for Especialistas restaurante Sant Antoni de Vilamajor...
[2026-04-17T13:27:13.910Z] [WARNING] Skipping outreach for Especialistas restaurante Sant Antoni de Vilamajor: No corporate email discovered yet.
[2026-04-17T13:27:13.910Z] [INFO] Automating Outreach for SC Project | Inmobiliaria en Sant Cugat...
[2026-04-17T13:27:13.911Z] [WARNING] Skipping outreach for SC Project | Inmobiliaria en Sant Cugat: No corporate email discovered yet.
[2026-04-17T13:27:13.911Z] [INFO] Automating Outreach for clínica dental Principal Granollers...
[2026-04-17T13:27:13.912Z] [WARNING] Skipping outreach for clínica dental Principal Granollers: No corporate email discovered yet.
[2026-04-17T13:27:13.913Z] [INFO] Cycle complete. Sleeping for 60s...
[2026-04-17T13:27:40.578Z] [INFO] Searching for NEW leads to audit...
[2026-04-17T13:27:40.692Z] [INFO] No new leads found for audit.
[2026-04-17T13:27:40.693Z] [INFO] Searching for candidates for Asset Generation...
[2026-04-17T13:27:40.815Z] [INFO] Phase 3: No candidates found for generation.
[2026-04-17T13:27:40.815Z] [INFO] Phase 4: Checking for Outreach candidates...
[2026-04-17T13:27:40.888Z] [INFO] Automating Outreach for Clínica Dental Adeslas...
[2026-04-17T13:27:41.166Z] [SUCCESS] Outreach successful for Clínica Dental Adeslas
[2026-04-17T13:27:41.310Z] [INFO] Automating Outreach for restaurante Principal Sant Antoni de Vilamajor...
[2026-04-17T13:27:41.522Z] [SUCCESS] Outreach successful for restaurante Principal Sant Antoni de Vilamajor
[2026-04-17T13:27:41.660Z] [INFO] Automating Outreach for Especialistas restaurante Sant Antoni de Vilamajor...
[2026-04-17T13:27:41.843Z] [SUCCESS] Outreach successful for Especialistas restaurante Sant Antoni de Vilamajor
[2026-04-17T13:27:41.991Z] [INFO] Automating Outreach for SC Project | Inmobiliaria en Sant Cugat...
[2026-04-17T13:27:42.148Z] [SUCCESS] Outreach successful for SC Project | Inmobiliaria en Sant Cugat
[2026-04-17T13:27:42.290Z] [INFO] Automating Outreach for clínica dental Principal Granollers...
[2026-04-17T13:27:42.434Z] [SUCCESS] Outreach successful for clínica dental Principal Granollers
[2026-04-17T13:27:42.569Z] [INFO] Cycle complete. Sleeping for 60s...
[2026-04-17T13:28:13.917Z] [INFO] Searching for NEW leads to audit...
[2026-04-17T13:28:14.086Z] [INFO] No new leads found for audit.
[2026-04-17T13:28:14.087Z] [INFO] Searching for candidates for Asset Generation...
[2026-04-17T13:28:14.213Z] [INFO] Phase 3: No candidates found for generation.
[2026-04-17T13:28:14.214Z] [INFO] Phase 4: Checking for Outreach candidates...
[2026-04-17T13:28:14.283Z] [INFO] Automating Outreach for Clínica Dental Adeslas...
[2026-04-17T13:28:14.284Z] [WARNING] Skipping outreach for Clínica Dental Adeslas: No corporate email discovered yet.
[2026-04-17T13:28:14.285Z] [INFO] Automating Outreach for restaurante Principal Sant Antoni de Vilamajor...
[2026-04-17T13:28:14.285Z] [WARNING] Skipping outreach for restaurante Principal Sant Antoni de Vilamajor: No corporate email discovered yet.
[2026-04-17T13:28:14.286Z] [INFO] Automating Outreach for Especialistas restaurante Sant Antoni de Vilamajor...
[2026-04-17T13:28:14.286Z] [WARNING] Skipping outreach for Especialistas restaurante Sant Antoni de Vilamajor: No corporate email discovered yet.
[2026-04-17T13:28:14.287Z] [INFO] Automating Outreach for SC Project | Inmobiliaria en Sant Cugat...
[2026-04-17T13:28:14.287Z] [WARNING] Skipping outreach for SC Project | Inmobiliaria en Sant Cugat: No corporate email discovered yet.
[2026-04-17T13:28:14.288Z] [INFO] Automating Outreach for clínica dental Principal Granollers...
[2026-04-17T13:28:14.288Z] [WARNING] Skipping outreach for clínica dental Principal Granollers: No corporate email discovered yet.
[2026-04-17T13:28:14.289Z] [INFO] Cycle complete. Sleeping for 60s...
[2026-04-17T13:28:42.577Z] [INFO] Searching for NEW leads to audit...
[2026-04-17T13:28:42.699Z] [INFO] No new leads found for audit.
[2026-04-17T13:28:42.699Z] [INFO] Searching for candidates for Asset Generation...
[2026-04-17T13:28:42.811Z] [INFO] Phase 3: No candidates found for generation.
[2026-04-17T13:28:42.811Z] [INFO] Phase 4: Checking for Outreach candidates...
[2026-04-17T13:28:42.880Z] [INFO] Automating Outreach for Clínica Dental Adeslas...
[2026-04-17T13:28:43.092Z] [SUCCESS] Outreach successful for Clínica Dental Adeslas
[2026-04-17T13:28:43.243Z] [INFO] Automating Outreach for restaurante Principal Sant Antoni de Vilamajor...
[2026-04-17T13:28:43.510Z] [SUCCESS] Outreach successful for restaurante Principal Sant Antoni de Vilamajor
[2026-04-17T13:28:43.647Z] [INFO] Automating Outreach for Especialistas restaurante Sant Antoni de Vilamajor...
[2026-04-17T13:28:43.785Z] [SUCCESS] Outreach successful for Especialistas restaurante Sant Antoni de Vilamajor
[2026-04-17T13:28:43.943Z] [INFO] Automating Outreach for SC Project | Inmobiliaria en Sant Cugat...
[2026-04-17T13:28:44.085Z] [SUCCESS] Outreach successful for SC Project | Inmobiliaria en Sant Cugat
[2026-04-17T13:28:44.250Z] [INFO] Automating Outreach for clínica dental Principal Granollers...
[2026-04-17T13:28:44.382Z] [SUCCESS] Outreach successful for clínica dental Principal Granollers
[2026-04-17T13:28:44.521Z] [INFO] Cycle complete. Sleeping for 60s...
[2026-04-17T13:29:14.293Z] [INFO] Searching for NEW leads to audit...
[2026-04-17T13:29:14.430Z] [INFO] No new leads found for audit.
[2026-04-17T13:29:14.430Z] [INFO] Searching for candidates for Asset Generation...
[2026-04-17T13:29:14.565Z] [INFO] Phase 3: No candidates found for generation.
[2026-04-17T13:29:14.566Z] [INFO] Phase 4: Checking for Outreach candidates...
[2026-04-17T13:29:14.644Z] [INFO] Automating Outreach for Clínica Dental Adeslas...
[2026-04-17T13:29:14.645Z] [WARNING] Skipping outreach for Clínica Dental Adeslas: No corporate email discovered yet.
[2026-04-17T13:29:14.645Z] [INFO] Automating Outreach for restaurante Principal Sant Antoni de Vilamajor...
[2026-04-17T13:29:14.645Z] [WARNING] Skipping outreach for restaurante Principal Sant Antoni de Vilamajor: No corporate email discovered yet.
[2026-04-17T13:29:14.646Z] [INFO] Automating Outreach for Especialistas restaurante Sant Antoni de Vilamajor...
[2026-04-17T13:29:14.646Z] [WARNING] Skipping outreach for Especialistas restaurante Sant Antoni de Vilamajor: No corporate email discovered yet.
[2026-04-17T13:29:14.647Z] [INFO] Automating Outreach for SC Project | Inmobiliaria en Sant Cugat...
[2026-04-17T13:29:14.647Z] [WARNING] Skipping outreach for SC Project | Inmobiliaria en Sant Cugat: No corporate email discovered yet.
[2026-04-17T13:29:14.647Z] [INFO] Automating Outreach for clínica dental Principal Granollers...
[2026-04-17T13:29:14.648Z] [WARNING] Skipping outreach for clínica dental Principal Granollers: No corporate email discovered yet.
[2026-04-17T13:29:14.649Z] [INFO] Cycle complete. Sleeping for 60s...
[2026-04-17T13:29:44.530Z] [INFO] Searching for NEW leads to audit...
[2026-04-17T13:29:44.720Z] [INFO] No new leads found for audit.
[2026-04-17T13:29:44.720Z] [INFO] Searching for candidates for Asset Generation...
[2026-04-17T13:29:44.850Z] [INFO] Phase 3: No candidates found for generation.
[2026-04-17T13:29:44.851Z] [INFO] Phase 4: Checking for Outreach candidates...
[2026-04-17T13:29:44.976Z] [INFO] Automating Outreach for Clínica Dental Adeslas...
[2026-04-17T13:29:45.185Z] [SUCCESS] Outreach successful for Clínica Dental Adeslas
[2026-04-17T13:29:45.325Z] [INFO] Automating Outreach for restaurante Principal Sant Antoni de Vilamajor...
[2026-04-17T13:29:45.536Z] [SUCCESS] Outreach successful for restaurante Principal Sant Antoni de Vilamajor
[2026-04-17T13:29:45.673Z] [INFO] Automating Outreach for Especialistas restaurante Sant Antoni de Vilamajor...
[2026-04-17T13:29:45.813Z] [SUCCESS] Outreach successful for Especialistas restaurante Sant Antoni de Vilamajor
[2026-04-17T13:29:45.948Z] [INFO] Automating Outreach for SC Project | Inmobiliaria en Sant Cugat...
[2026-04-17T13:29:46.097Z] [SUCCESS] Outreach successful for SC Project | Inmobiliaria en Sant Cugat
[2026-04-17T13:29:46.230Z] [INFO] Automating Outreach for clínica dental Principal Granollers...
[2026-04-17T13:29:46.386Z] [SUCCESS] Outreach successful for clínica dental Principal Granollers
[2026-04-17T13:29:46.532Z] [INFO] Cycle complete. Sleeping for 60s...
[2026-04-17T13:30:14.656Z] [INFO] Searching for NEW leads to audit...
[2026-04-17T13:30:14.936Z] [INFO] No new leads found for audit.
[2026-04-17T13:30:14.937Z] [INFO] Searching for candidates for Asset Generation...
[2026-04-17T13:30:15.054Z] [INFO] Phase 3: No candidates found for generation.
[2026-04-17T13:30:15.055Z] [INFO] Phase 4: Checking for Outreach candidates...
[2026-04-17T13:30:15.137Z] [INFO] Automating Outreach for Clínica Dental Adeslas...
[2026-04-17T13:30:15.138Z] [WARNING] Skipping outreach for Clínica Dental Adeslas: No corporate email discovered yet.
[2026-04-17T13:30:15.139Z] [INFO] Automating Outreach for restaurante Principal Sant Antoni de Vilamajor...
[2026-04-17T13:30:15.139Z] [WARNING] Skipping outreach for restaurante Principal Sant Antoni de Vilamajor: No corporate email discovered yet.
[2026-04-17T13:30:15.139Z] [INFO] Automating Outreach for Especialistas restaurante Sant Antoni de Vilamajor...
[2026-04-17T13:30:15.140Z] [WARNING] Skipping outreach for Especialistas restaurante Sant Antoni de Vilamajor: No corporate email discovered yet.
[2026-04-17T13:30:15.140Z] [INFO] Automating Outreach for SC Project | Inmobiliaria en Sant Cugat...
[2026-04-17T13:30:15.141Z] [WARNING] Skipping outreach for SC Project | Inmobiliaria en Sant Cugat: No corporate email discovered yet.
[2026-04-17T13:30:15.141Z] [INFO] Automating Outreach for clínica dental Principal Granollers...
[2026-04-17T13:30:15.141Z] [WARNING] Skipping outreach for clínica dental Principal Granollers: No corporate email discovered yet.
[2026-04-17T13:30:15.142Z] [INFO] Cycle complete. Sleeping for 60s...
[2026-04-17T13:30:46.544Z] [INFO] Searching for NEW leads to audit...
[2026-04-17T13:30:46.670Z] [INFO] No new leads found for audit.
[2026-04-17T13:30:46.671Z] [INFO] Searching for candidates for Asset Generation...
[2026-04-17T13:30:46.787Z] [INFO] Phase 3: No candidates found for generation.
[2026-04-17T13:30:46.787Z] [INFO] Phase 4: Checking for Outreach candidates...
[2026-04-17T13:30:46.852Z] [INFO] Automating Outreach for Clínica Dental Adeslas...
[2026-04-17T13:30:47.109Z] [SUCCESS] Outreach successful for Clínica Dental Adeslas
[2026-04-17T13:30:47.266Z] [INFO] Automating Outreach for restaurante Principal Sant Antoni de Vilamajor...
[2026-04-17T13:30:47.485Z] [SUCCESS] Outreach successful for restaurante Principal Sant Antoni de Vilamajor
[2026-04-17T13:30:47.668Z] [INFO] Automating Outreach for Especialistas restaurante Sant Antoni de Vilamajor...
[2026-04-17T13:30:47.818Z] [SUCCESS] Outreach successful for Especialistas restaurante Sant Antoni de Vilamajor
[2026-04-17T13:30:48.009Z] [INFO] Automating Outreach for SC Project | Inmobiliaria en Sant Cugat...
[2026-04-17T13:30:48.141Z] [SUCCESS] Outreach successful for SC Project | Inmobiliaria en Sant Cugat
[2026-04-17T13:30:48.277Z] [INFO] Automating Outreach for clínica dental Principal Granollers...
[2026-04-17T13:30:48.411Z] [SUCCESS] Outreach successful for clínica dental Principal Granollers
[2026-04-17T13:30:48.548Z] [INFO] Cycle complete. Sleeping for 60s...
[2026-04-17T13:31:15.153Z] [INFO] Searching for NEW leads to audit...
[2026-04-17T13:31:15.267Z] [INFO] No new leads found for audit.
[2026-04-17T13:31:15.268Z] [INFO] Searching for candidates for Asset Generation...
[2026-04-17T13:31:15.373Z] [INFO] Phase 3: No candidates found for generation.
[2026-04-17T13:31:15.373Z] [INFO] Phase 4: Checking for Outreach candidates...
[2026-04-17T13:31:15.443Z] [INFO] Automating Outreach for Clínica Dental Adeslas...
[2026-04-17T13:31:15.444Z] [WARNING] Skipping outreach for Clínica Dental Adeslas: No corporate email discovered yet.
[2026-04-17T13:31:15.444Z] [INFO] Automating Outreach for restaurante Principal Sant Antoni de Vilamajor...
[2026-04-17T13:31:15.445Z] [WARNING] Skipping outreach for restaurante Principal Sant Antoni de Vilamajor: No corporate email discovered yet.
[2026-04-17T13:31:15.445Z] [INFO] Automating Outreach for Especialistas restaurante Sant Antoni de Vilamajor...
[2026-04-17T13:31:15.446Z] [WARNING] Skipping outreach for Especialistas restaurante Sant Antoni de Vilamajor: No corporate email discovered yet.
[2026-04-17T13:31:15.449Z] [INFO] Automating Outreach for SC Project | Inmobiliaria en Sant Cugat...
[2026-04-17T13:31:15.449Z] [WARNING] Skipping outreach for SC Project | Inmobiliaria en Sant Cugat: No corporate email discovered yet.
[2026-04-17T13:31:15.450Z] [INFO] Automating Outreach for clínica dental Principal Granollers...
[2026-04-17T13:31:15.451Z] [WARNING] Skipping outreach for clínica dental Principal Granollers: No corporate email discovered yet.
[2026-04-17T13:31:15.451Z] [INFO] Cycle complete. Sleeping for 60s...
[2026-04-17T13:31:48.563Z] [INFO] Searching for NEW leads to audit...
[2026-04-17T13:31:48.859Z] [INFO] No new leads found for audit.
[2026-04-17T13:31:48.859Z] [INFO] Searching for candidates for Asset Generation...
[2026-04-17T13:31:48.987Z] [INFO] Phase 3: No candidates found for generation.
[2026-04-17T13:31:48.988Z] [INFO] Phase 4: Checking for Outreach candidates...
[2026-04-17T13:31:49.063Z] [INFO] Automating Outreach for Clínica Dental Adeslas...
[2026-04-17T13:31:49.273Z] [SUCCESS] Outreach successful for Clínica Dental Adeslas
[2026-04-17T13:31:49.412Z] [INFO] Automating Outreach for restaurante Principal Sant Antoni de Vilamajor...
[2026-04-17T13:31:49.625Z] [SUCCESS] Outreach successful for restaurante Principal Sant Antoni de Vilamajor
[2026-04-17T13:31:49.761Z] [INFO] Automating Outreach for Especialistas restaurante Sant Antoni de Vilamajor...
[2026-04-17T13:31:49.902Z] [SUCCESS] Outreach successful for Especialistas restaurante Sant Antoni de Vilamajor
[2026-04-17T13:31:50.059Z] [INFO] Automating Outreach for SC Project | Inmobiliaria en Sant Cugat...
[2026-04-17T13:31:50.197Z] [SUCCESS] Outreach successful for SC Project | Inmobiliaria en Sant Cugat
[2026-04-17T13:31:50.340Z] [INFO] Automating Outreach for clínica dental Principal Granollers...
[2026-04-17T13:31:50.618Z] [SUCCESS] Outreach successful for clínica dental Principal Granollers
[2026-04-17T13:31:50.759Z] [INFO] Cycle complete. Sleeping for 60s...
[2026-04-17T13:32:15.456Z] [INFO] Searching for NEW leads to audit...
[2026-04-17T13:32:15.631Z] [INFO] No new leads found for audit.
[2026-04-17T13:32:15.632Z] [INFO] Searching for candidates for Asset Generation...
[2026-04-17T13:32:15.738Z] [INFO] Phase 3: No candidates found for generation.
[2026-04-17T13:32:15.739Z] [INFO] Phase 4: Checking for Outreach candidates...
[2026-04-17T13:32:15.808Z] [INFO] Automating Outreach for Clínica Dental Adeslas...
[2026-04-17T13:32:15.809Z] [WARNING] Skipping outreach for Clínica Dental Adeslas: No corporate email discovered yet.
[2026-04-17T13:32:15.810Z] [INFO] Automating Outreach for restaurante Principal Sant Antoni de Vilamajor...
[2026-04-17T13:32:15.810Z] [WARNING] Skipping outreach for restaurante Principal Sant Antoni de Vilamajor: No corporate email discovered yet.
[2026-04-17T13:32:15.811Z] [INFO] Automating Outreach for Especialistas restaurante Sant Antoni de Vilamajor...
[2026-04-17T13:32:15.812Z] [WARNING] Skipping outreach for Especialistas restaurante Sant Antoni de Vilamajor: No corporate email discovered yet.
[2026-04-17T13:32:15.813Z] [INFO] Automating Outreach for SC Project | Inmobiliaria en Sant Cugat...
[2026-04-17T13:32:15.813Z] [WARNING] Skipping outreach for SC Project | Inmobiliaria en Sant Cugat: No corporate email discovered yet.
[2026-04-17T13:32:15.814Z] [INFO] Automating Outreach for clínica dental Principal Granollers...
[2026-04-17T13:32:15.815Z] [WARNING] Skipping outreach for clínica dental Principal Granollers: No corporate email discovered yet.
[2026-04-17T13:32:15.816Z] [INFO] Cycle complete. Sleeping for 60s...
[2026-04-17T13:32:50.765Z] [INFO] Searching for NEW leads to audit...
[2026-04-17T13:32:50.893Z] [INFO] No new leads found for audit.
[2026-04-17T13:32:50.893Z] [INFO] Searching for candidates for Asset Generation...
[2026-04-17T13:32:51.027Z] [INFO] Phase 3: No candidates found for generation.
[2026-04-17T13:32:51.028Z] [INFO] Phase 4: Checking for Outreach candidates...
[2026-04-17T13:32:51.101Z] [INFO] Automating Outreach for Clínica Dental Adeslas...
[2026-04-17T13:32:51.358Z] [SUCCESS] Outreach successful for Clínica Dental Adeslas
[2026-04-17T13:32:51.501Z] [INFO] Automating Outreach for restaurante Principal Sant Antoni de Vilamajor...
[2026-04-17T13:32:51.708Z] [SUCCESS] Outreach successful for restaurante Principal Sant Antoni de Vilamajor
[2026-04-17T13:32:51.840Z] [INFO] Automating Outreach for Especialistas restaurante Sant Antoni de Vilamajor...
[2026-04-17T13:32:51.980Z] [SUCCESS] Outreach successful for Especialistas restaurante Sant Antoni de Vilamajor
[2026-04-17T13:32:52.120Z] [INFO] Automating Outreach for SC Project | Inmobiliaria en Sant Cugat...
[2026-04-17T13:32:52.254Z] [SUCCESS] Outreach successful for SC Project | Inmobiliaria en Sant Cugat
[2026-04-17T13:32:52.394Z] [INFO] Automating Outreach for clínica dental Principal Granollers...
[2026-04-17T13:32:52.530Z] [SUCCESS] Outreach successful for clínica dental Principal Granollers
[2026-04-17T13:32:52.676Z] [INFO] Cycle complete. Sleeping for 60s...
[2026-04-17T13:33:15.825Z] [INFO] Searching for NEW leads to audit...
[2026-04-17T13:33:15.942Z] [INFO] No new leads found for audit.
[2026-04-17T13:33:15.943Z] [INFO] Searching for candidates for Asset Generation...
[2026-04-17T13:33:16.055Z] [INFO] Phase 3: No candidates found for generation.
[2026-04-17T13:33:16.056Z] [INFO] Phase 4: Checking for Outreach candidates...
[2026-04-17T13:33:16.131Z] [INFO] Automating Outreach for Clínica Dental Adeslas...
[2026-04-17T13:33:16.131Z] [WARNING] Skipping outreach for Clínica Dental Adeslas: No corporate email discovered yet.
[2026-04-17T13:33:16.132Z] [INFO] Automating Outreach for restaurante Principal Sant Antoni de Vilamajor...
[2026-04-17T13:33:16.132Z] [WARNING] Skipping outreach for restaurante Principal Sant Antoni de Vilamajor: No corporate email discovered yet.
[2026-04-17T13:33:16.133Z] [INFO] Automating Outreach for Especialistas restaurante Sant Antoni de Vilamajor...
[2026-04-17T13:33:16.133Z] [WARNING] Skipping outreach for Especialistas restaurante Sant Antoni de Vilamajor: No corporate email discovered yet.
[2026-04-17T13:33:16.134Z] [INFO] Automating Outreach for SC Project | Inmobiliaria en Sant Cugat...
[2026-04-17T13:33:16.134Z] [WARNING] Skipping outreach for SC Project | Inmobiliaria en Sant Cugat: No corporate email discovered yet.
[2026-04-17T13:33:16.135Z] [INFO] Automating Outreach for clínica dental Principal Granollers...
[2026-04-17T13:33:16.136Z] [WARNING] Skipping outreach for clínica dental Principal Granollers: No corporate email discovered yet.
[2026-04-17T13:33:16.136Z] [INFO] Cycle complete. Sleeping for 60s...
[2026-04-17T13:33:52.678Z] [INFO] Searching for NEW leads to audit...
[2026-04-17T13:33:52.807Z] [INFO] No new leads found for audit.
[2026-04-17T13:33:52.807Z] [INFO] Searching for candidates for Asset Generation...
[2026-04-17T13:33:52.930Z] [INFO] Phase 3: No candidates found for generation.
[2026-04-17T13:33:52.931Z] [INFO] Phase 4: Checking for Outreach candidates...
[2026-04-17T13:33:53.008Z] [INFO] Automating Outreach for Clínica Dental Adeslas...
[2026-04-17T13:33:53.225Z] [SUCCESS] Outreach successful for Clínica Dental Adeslas
[2026-04-17T13:33:53.387Z] [INFO] Automating Outreach for restaurante Principal Sant Antoni de Vilamajor...
[2026-04-17T13:33:53.576Z] [SUCCESS] Outreach successful for restaurante Principal Sant Antoni de Vilamajor
[2026-04-17T13:33:53.804Z] [INFO] Automating Outreach for Especialistas restaurante Sant Antoni de Vilamajor...
[2026-04-17T13:33:53.937Z] [SUCCESS] Outreach successful for Especialistas restaurante Sant Antoni de Vilamajor
[2026-04-17T13:33:54.073Z] [INFO] Automating Outreach for SC Project | Inmobiliaria en Sant Cugat...
[2026-04-17T13:33:54.334Z] [SUCCESS] Outreach successful for SC Project | Inmobiliaria en Sant Cugat
[2026-04-17T13:33:54.491Z] [INFO] Automating Outreach for clínica dental Principal Granollers...
[2026-04-17T13:33:54.644Z] [SUCCESS] Outreach successful for clínica dental Principal Granollers
[2026-04-17T13:33:54.795Z] [INFO] Cycle complete. Sleeping for 60s...
[2026-04-17T13:34:16.137Z] [INFO] Searching for NEW leads to audit...
[2026-04-17T13:34:16.287Z] [INFO] No new leads found for audit.
[2026-04-17T13:34:16.287Z] [INFO] Searching for candidates for Asset Generation...
[2026-04-17T13:34:16.390Z] [INFO] Phase 3: No candidates found for generation.
[2026-04-17T13:34:16.390Z] [INFO] Phase 4: Checking for Outreach candidates...
[2026-04-17T13:34:16.467Z] [INFO] Automating Outreach for Clínica Dental Adeslas...
[2026-04-17T13:34:16.468Z] [WARNING] Skipping outreach for Clínica Dental Adeslas: No corporate email discovered yet.
[2026-04-17T13:34:16.468Z] [INFO] Automating Outreach for restaurante Principal Sant Antoni de Vilamajor...
[2026-04-17T13:34:16.469Z] [WARNING] Skipping outreach for restaurante Principal Sant Antoni de Vilamajor: No corporate email discovered yet.
[2026-04-17T13:34:16.469Z] [INFO] Automating Outreach for Especialistas restaurante Sant Antoni de Vilamajor...
[2026-04-17T13:34:16.470Z] [WARNING] Skipping outreach for Especialistas restaurante Sant Antoni de Vilamajor: No corporate email discovered yet.
[2026-04-17T13:34:16.470Z] [INFO] Automating Outreach for SC Project | Inmobiliaria en Sant Cugat...
[2026-04-17T13:34:16.471Z] [WARNING] Skipping outreach for SC Project | Inmobiliaria en Sant Cugat: No corporate email discovered yet.
[2026-04-17T13:34:16.471Z] [INFO] Automating Outreach for clínica dental Principal Granollers...
[2026-04-17T13:34:16.472Z] [WARNING] Skipping outreach for clínica dental Principal Granollers: No corporate email discovered yet.
[2026-04-17T13:34:16.472Z] [INFO] Cycle complete. Sleeping for 60s...
[2026-04-17T13:34:54.809Z] [INFO] Searching for NEW leads to audit...
[2026-04-17T13:34:54.926Z] [INFO] No new leads found for audit.
[2026-04-17T13:34:54.926Z] [INFO] Searching for candidates for Asset Generation...
[2026-04-17T13:34:55.043Z] [INFO] Phase 3: No candidates found for generation.
[2026-04-17T13:34:55.044Z] [INFO] Phase 4: Checking for Outreach candidates...
[2026-04-17T13:34:55.108Z] [INFO] Automating Outreach for Clínica Dental Adeslas...
[2026-04-17T13:34:55.320Z] [SUCCESS] Outreach successful for Clínica Dental Adeslas
[2026-04-17T13:34:55.459Z] [INFO] Automating Outreach for restaurante Principal Sant Antoni de Vilamajor...
[2026-04-17T13:34:55.663Z] [SUCCESS] Outreach successful for restaurante Principal Sant Antoni de Vilamajor
[2026-04-17T13:34:55.828Z] [INFO] Automating Outreach for Especialistas restaurante Sant Antoni de Vilamajor...
[2026-04-17T13:34:55.963Z] [SUCCESS] Outreach successful for Especialistas restaurante Sant Antoni de Vilamajor
[2026-04-17T13:34:56.104Z] [INFO] Automating Outreach for SC Project | Inmobiliaria en Sant Cugat...
[2026-04-17T13:34:56.244Z] [SUCCESS] Outreach successful for SC Project | Inmobiliaria en Sant Cugat
[2026-04-17T13:34:56.374Z] [INFO] Automating Outreach for clínica dental Principal Granollers...
[2026-04-17T13:34:56.510Z] [SUCCESS] Outreach successful for clínica dental Principal Granollers
[2026-04-17T13:34:56.661Z] [INFO] Cycle complete. Sleeping for 60s...
[2026-04-17T13:35:16.479Z] [INFO] Searching for NEW leads to audit...
[2026-04-17T13:35:16.628Z] [INFO] No new leads found for audit.
[2026-04-17T13:35:16.628Z] [INFO] Searching for candidates for Asset Generation...
[2026-04-17T13:35:16.733Z] [INFO] Phase 3: No candidates found for generation.
[2026-04-17T13:35:16.733Z] [INFO] Phase 4: Checking for Outreach candidates...
[2026-04-17T13:35:16.833Z] [INFO] Automating Outreach for Clínica Dental Adeslas...
[2026-04-17T13:35:16.833Z] [WARNING] Skipping outreach for Clínica Dental Adeslas: No corporate email discovered yet.
[2026-04-17T13:35:16.834Z] [INFO] Automating Outreach for restaurante Principal Sant Antoni de Vilamajor...
[2026-04-17T13:35:16.834Z] [WARNING] Skipping outreach for restaurante Principal Sant Antoni de Vilamajor: No corporate email discovered yet.
[2026-04-17T13:35:16.835Z] [INFO] Automating Outreach for Especialistas restaurante Sant Antoni de Vilamajor...
[2026-04-17T13:35:16.835Z] [WARNING] Skipping outreach for Especialistas restaurante Sant Antoni de Vilamajor: No corporate email discovered yet.
[2026-04-17T13:35:16.836Z] [INFO] Automating Outreach for SC Project | Inmobiliaria en Sant Cugat...
[2026-04-17T13:35:16.836Z] [WARNING] Skipping outreach for SC Project | Inmobiliaria en Sant Cugat: No corporate email discovered yet.
[2026-04-17T13:35:16.836Z] [INFO] Automating Outreach for clínica dental Principal Granollers...
[2026-04-17T13:35:16.837Z] [WARNING] Skipping outreach for clínica dental Principal Granollers: No corporate email discovered yet.
[2026-04-17T13:35:16.837Z] [INFO] Cycle complete. Sleeping for 60s...
[2026-04-17T13:35:56.671Z] [INFO] Searching for NEW leads to audit...
[2026-04-17T13:35:56.810Z] [INFO] No new leads found for audit.
[2026-04-17T13:35:56.811Z] [INFO] Searching for candidates for Asset Generation...
[2026-04-17T13:35:56.944Z] [INFO] Phase 3: No candidates found for generation.
[2026-04-17T13:35:56.945Z] [INFO] Phase 4: Checking for Outreach candidates...
[2026-04-17T13:35:57.026Z] [INFO] Automating Outreach for Clínica Dental Adeslas...
[2026-04-17T13:35:57.413Z] [SUCCESS] Outreach successful for Clínica Dental Adeslas
[2026-04-17T13:35:57.588Z] [INFO] Automating Outreach for restaurante Principal Sant Antoni de Vilamajor...
[2026-04-17T13:35:57.792Z] [SUCCESS] Outreach successful for restaurante Principal Sant Antoni de Vilamajor
[2026-04-17T13:35:57.947Z] [INFO] Automating Outreach for Especialistas restaurante Sant Antoni de Vilamajor...
[2026-04-17T13:35:58.087Z] [SUCCESS] Outreach successful for Especialistas restaurante Sant Antoni de Vilamajor
[2026-04-17T13:35:58.222Z] [INFO] Automating Outreach for SC Project | Inmobiliaria en Sant Cugat...
[2026-04-17T13:35:58.366Z] [SUCCESS] Outreach successful for SC Project | Inmobiliaria en Sant Cugat
[2026-04-17T13:35:58.503Z] [INFO] Automating Outreach for clínica dental Principal Granollers...
[2026-04-17T13:35:58.638Z] [SUCCESS] Outreach successful for clínica dental Principal Granollers
[2026-04-17T13:35:58.772Z] [INFO] Cycle complete. Sleeping for 60s...
[2026-04-17T13:36:16.842Z] [INFO] Searching for NEW leads to audit...
[2026-04-17T13:36:16.990Z] [INFO] No new leads found for audit.
[2026-04-17T13:36:16.991Z] [INFO] Searching for candidates for Asset Generation...
[2026-04-17T13:36:17.122Z] [INFO] Phase 3: No candidates found for generation.
[2026-04-17T13:36:17.123Z] [INFO] Phase 4: Checking for Outreach candidates...
[2026-04-17T13:36:17.191Z] [INFO] Automating Outreach for Clínica Dental Adeslas...
[2026-04-17T13:36:17.192Z] [WARNING] Skipping outreach for Clínica Dental Adeslas: No corporate email discovered yet.
[2026-04-17T13:36:17.193Z] [INFO] Automating Outreach for restaurante Principal Sant Antoni de Vilamajor...
[2026-04-17T13:36:17.193Z] [WARNING] Skipping outreach for restaurante Principal Sant Antoni de Vilamajor: No corporate email discovered yet.
[2026-04-17T13:36:17.194Z] [INFO] Automating Outreach for Especialistas restaurante Sant Antoni de Vilamajor...
[2026-04-17T13:36:17.194Z] [WARNING] Skipping outreach for Especialistas restaurante Sant Antoni de Vilamajor: No corporate email discovered yet.
[2026-04-17T13:36:17.195Z] [INFO] Automating Outreach for SC Project | Inmobiliaria en Sant Cugat...
[2026-04-17T13:36:17.196Z] [WARNING] Skipping outreach for SC Project | Inmobiliaria en Sant Cugat: No corporate email discovered yet.
[2026-04-17T13:36:17.196Z] [INFO] Automating Outreach for clínica dental Principal Granollers...
[2026-04-17T13:36:17.197Z] [WARNING] Skipping outreach for clínica dental Principal Granollers: No corporate email discovered yet.
[2026-04-17T13:36:17.197Z] [INFO] Cycle complete. Sleeping for 60s...
[2026-04-17T13:36:58.775Z] [INFO] Searching for NEW leads to audit...
[2026-04-17T13:36:58.901Z] [INFO] No new leads found for audit.
[2026-04-17T13:36:58.901Z] [INFO] Searching for candidates for Asset Generation...
[2026-04-17T13:36:59.026Z] [INFO] Phase 3: No candidates found for generation.
[2026-04-17T13:36:59.027Z] [INFO] Phase 4: Checking for Outreach candidates...
[2026-04-17T13:36:59.093Z] [INFO] Automating Outreach for Clínica Dental Adeslas...
[2026-04-17T13:36:59.311Z] [SUCCESS] Outreach successful for Clínica Dental Adeslas
[2026-04-17T13:36:59.460Z] [INFO] Automating Outreach for restaurante Principal Sant Antoni de Vilamajor...
[2026-04-17T13:36:59.669Z] [SUCCESS] Outreach successful for restaurante Principal Sant Antoni de Vilamajor
[2026-04-17T13:36:59.799Z] [INFO] Automating Outreach for Especialistas restaurante Sant Antoni de Vilamajor...
[2026-04-17T13:36:59.932Z] [SUCCESS] Outreach successful for Especialistas restaurante Sant Antoni de Vilamajor
[2026-04-17T13:37:00.068Z] [INFO] Automating Outreach for SC Project | Inmobiliaria en Sant Cugat...
[2026-04-17T13:37:00.196Z] [SUCCESS] Outreach successful for SC Project | Inmobiliaria en Sant Cugat
[2026-04-17T13:37:00.334Z] [INFO] Automating Outreach for clínica dental Principal Granollers...
[2026-04-17T13:37:00.464Z] [SUCCESS] Outreach successful for clínica dental Principal Granollers
[2026-04-17T13:37:00.601Z] [INFO] Cycle complete. Sleeping for 60s...
[2026-04-17T13:37:17.208Z] [INFO] Searching for NEW leads to audit...
[2026-04-17T13:37:17.320Z] [INFO] No new leads found for audit.
[2026-04-17T13:37:17.320Z] [INFO] Searching for candidates for Asset Generation...
[2026-04-17T13:37:17.421Z] [INFO] Phase 3: No candidates found for generation.
[2026-04-17T13:37:17.422Z] [INFO] Phase 4: Checking for Outreach candidates...
[2026-04-17T13:37:17.505Z] [INFO] Automating Outreach for Clínica Dental Adeslas...
[2026-04-17T13:37:17.506Z] [WARNING] Skipping outreach for Clínica Dental Adeslas: No corporate email discovered yet.
[2026-04-17T13:37:17.506Z] [INFO] Automating Outreach for restaurante Principal Sant Antoni de Vilamajor...
[2026-04-17T13:37:17.507Z] [WARNING] Skipping outreach for restaurante Principal Sant Antoni de Vilamajor: No corporate email discovered yet.
[2026-04-17T13:37:17.507Z] [INFO] Automating Outreach for Especialistas restaurante Sant Antoni de Vilamajor...
[2026-04-17T13:37:17.508Z] [WARNING] Skipping outreach for Especialistas restaurante Sant Antoni de Vilamajor: No corporate email discovered yet.
[2026-04-17T13:37:17.508Z] [INFO] Automating Outreach for SC Project | Inmobiliaria en Sant Cugat...
[2026-04-17T13:37:17.508Z] [WARNING] Skipping outreach for SC Project | Inmobiliaria en Sant Cugat: No corporate email discovered yet.
[2026-04-17T13:37:17.509Z] [INFO] Automating Outreach for clínica dental Principal Granollers...
[2026-04-17T13:37:17.510Z] [WARNING] Skipping outreach for clínica dental Principal Granollers: No corporate email discovered yet.
[2026-04-17T13:37:17.510Z] [INFO] Cycle complete. Sleeping for 60s...
[2026-04-17T13:38:00.606Z] [INFO] Searching for NEW leads to audit...
[2026-04-17T13:38:00.733Z] [INFO] No new leads found for audit.
[2026-04-17T13:38:00.733Z] [INFO] Searching for candidates for Asset Generation...
[2026-04-17T13:38:00.850Z] [INFO] Phase 3: No candidates found for generation.
[2026-04-17T13:38:00.851Z] [INFO] Phase 4: Checking for Outreach candidates...
[2026-04-17T13:38:00.927Z] [INFO] Automating Outreach for Clínica Dental Adeslas...
[2026-04-17T13:38:01.142Z] [SUCCESS] Outreach successful for Clínica Dental Adeslas
[2026-04-17T13:38:01.308Z] [INFO] Automating Outreach for restaurante Principal Sant Antoni de Vilamajor...
[2026-04-17T13:38:01.500Z] [SUCCESS] Outreach successful for restaurante Principal Sant Antoni de Vilamajor
[2026-04-17T13:38:01.634Z] [INFO] Automating Outreach for Especialistas restaurante Sant Antoni de Vilamajor...
[2026-04-17T13:38:01.769Z] [SUCCESS] Outreach successful for Especialistas restaurante Sant Antoni de Vilamajor
[2026-04-17T13:38:01.904Z] [INFO] Automating Outreach for SC Project | Inmobiliaria en Sant Cugat...
[2026-04-17T13:38:02.042Z] [SUCCESS] Outreach successful for SC Project | Inmobiliaria en Sant Cugat
[2026-04-17T13:38:02.190Z] [INFO] Automating Outreach for clínica dental Principal Granollers...
[2026-04-17T13:38:02.324Z] [SUCCESS] Outreach successful for clínica dental Principal Granollers
[2026-04-17T13:38:02.496Z] [INFO] Cycle complete. Sleeping for 60s...
[2026-04-17T13:38:17.524Z] [INFO] Searching for NEW leads to audit...
[2026-04-17T13:38:17.738Z] [INFO] No new leads found for audit.
[2026-04-17T13:38:17.738Z] [INFO] Searching for candidates for Asset Generation...
[2026-04-17T13:38:17.859Z] [INFO] Phase 3: No candidates found for generation.
[2026-04-17T13:38:17.860Z] [INFO] Phase 4: Checking for Outreach candidates...
[2026-04-17T13:38:17.938Z] [INFO] Automating Outreach for Clínica Dental Adeslas...
[2026-04-17T13:38:17.938Z] [WARNING] Skipping outreach for Clínica Dental Adeslas: No corporate email discovered yet.
[2026-04-17T13:38:17.939Z] [INFO] Automating Outreach for restaurante Principal Sant Antoni de Vilamajor...
[2026-04-17T13:38:17.939Z] [WARNING] Skipping outreach for restaurante Principal Sant Antoni de Vilamajor: No corporate email discovered yet.
[2026-04-17T13:38:17.940Z] [INFO] Automating Outreach for Especialistas restaurante Sant Antoni de Vilamajor...
[2026-04-17T13:38:17.940Z] [WARNING] Skipping outreach for Especialistas restaurante Sant Antoni de Vilamajor: No corporate email discovered yet.
[2026-04-17T13:38:17.941Z] [INFO] Automating Outreach for SC Project | Inmobiliaria en Sant Cugat...
[2026-04-17T13:38:17.942Z] [WARNING] Skipping outreach for SC Project | Inmobiliaria en Sant Cugat: No corporate email discovered yet.
[2026-04-17T13:38:17.942Z] [INFO] Automating Outreach for clínica dental Principal Granollers...
[2026-04-17T13:38:17.943Z] [WARNING] Skipping outreach for clínica dental Principal Granollers: No corporate email discovered yet.
[2026-04-17T13:38:17.943Z] [INFO] Cycle complete. Sleeping for 60s...
[2026-04-17T13:39:02.507Z] [INFO] Searching for NEW leads to audit...
[2026-04-17T13:39:02.643Z] [INFO] No new leads found for audit.
[2026-04-17T13:39:02.644Z] [INFO] Searching for candidates for Asset Generation...
[2026-04-17T13:39:02.766Z] [INFO] Phase 3: No candidates found for generation.
[2026-04-17T13:39:02.767Z] [INFO] Phase 4: Checking for Outreach candidates...
[2026-04-17T13:39:02.845Z] [INFO] Automating Outreach for Clínica Dental Adeslas...
[2026-04-17T13:39:03.064Z] [SUCCESS] Outreach successful for Clínica Dental Adeslas
[2026-04-17T13:39:03.208Z] [INFO] Automating Outreach for restaurante Principal Sant Antoni de Vilamajor...
[2026-04-17T13:39:03.468Z] [SUCCESS] Outreach successful for restaurante Principal Sant Antoni de Vilamajor
[2026-04-17T13:39:03.607Z] [INFO] Automating Outreach for Especialistas restaurante Sant Antoni de Vilamajor...
[2026-04-17T13:39:03.745Z] [SUCCESS] Outreach successful for Especialistas restaurante Sant Antoni de Vilamajor
[2026-04-17T13:39:03.882Z] [INFO] Automating Outreach for SC Project | Inmobiliaria en Sant Cugat...
[2026-04-17T13:39:04.048Z] [SUCCESS] Outreach successful for SC Project | Inmobiliaria en Sant Cugat
[2026-04-17T13:39:04.186Z] [INFO] Automating Outreach for clínica dental Principal Granollers...
[2026-04-17T13:39:04.327Z] [SUCCESS] Outreach successful for clínica dental Principal Granollers
[2026-04-17T13:39:04.465Z] [INFO] Cycle complete. Sleeping for 60s...
[2026-04-17T13:39:17.944Z] [INFO] Searching for NEW leads to audit...
[2026-04-17T13:39:18.059Z] [INFO] No new leads found for audit.
[2026-04-17T13:39:18.060Z] [INFO] Searching for candidates for Asset Generation...
[2026-04-17T13:39:18.169Z] [INFO] Phase 3: No candidates found for generation.
[2026-04-17T13:39:18.170Z] [INFO] Phase 4: Checking for Outreach candidates...
[2026-04-17T13:39:18.243Z] [INFO] Automating Outreach for Clínica Dental Adeslas...
[2026-04-17T13:39:18.244Z] [WARNING] Skipping outreach for Clínica Dental Adeslas: No corporate email discovered yet.
[2026-04-17T13:39:18.245Z] [INFO] Automating Outreach for restaurante Principal Sant Antoni de Vilamajor...
[2026-04-17T13:39:18.246Z] [WARNING] Skipping outreach for restaurante Principal Sant Antoni de Vilamajor: No corporate email discovered yet.
[2026-04-17T13:39:18.247Z] [INFO] Automating Outreach for Especialistas restaurante Sant Antoni de Vilamajor...
[2026-04-17T13:39:18.248Z] [WARNING] Skipping outreach for Especialistas restaurante Sant Antoni de Vilamajor: No corporate email discovered yet.
[2026-04-17T13:39:18.249Z] [INFO] Automating Outreach for SC Project | Inmobiliaria en Sant Cugat...
[2026-04-17T13:39:18.250Z] [WARNING] Skipping outreach for SC Project | Inmobiliaria en Sant Cugat: No corporate email discovered yet.
[2026-04-17T13:39:18.251Z] [INFO] Automating Outreach for clínica dental Principal Granollers...
[2026-04-17T13:39:18.252Z] [WARNING] Skipping outreach for clínica dental Principal Granollers: No corporate email discovered yet.
[2026-04-17T13:39:18.252Z] [INFO] Cycle complete. Sleeping for 60s...
[2026-04-17T13:40:04.474Z] [INFO] Searching for NEW leads to audit...
[2026-04-17T13:40:04.647Z] [INFO] No new leads found for audit.
[2026-04-17T13:40:04.648Z] [INFO] Searching for candidates for Asset Generation...
[2026-04-17T13:40:04.766Z] [INFO] Phase 3: No candidates found for generation.
[2026-04-17T13:40:04.767Z] [INFO] Phase 4: Checking for Outreach candidates...
[2026-04-17T13:40:04.830Z] [INFO] Automating Outreach for Clínica Dental Adeslas...
[2026-04-17T13:40:05.049Z] [SUCCESS] Outreach successful for Clínica Dental Adeslas
[2026-04-17T13:40:05.197Z] [INFO] Automating Outreach for restaurante Principal Sant Antoni de Vilamajor...
[2026-04-17T13:40:05.403Z] [SUCCESS] Outreach successful for restaurante Principal Sant Antoni de Vilamajor
[2026-04-17T13:40:05.541Z] [INFO] Automating Outreach for Especialistas restaurante Sant Antoni de Vilamajor...
[2026-04-17T13:40:05.682Z] [SUCCESS] Outreach successful for Especialistas restaurante Sant Antoni de Vilamajor
[2026-04-17T13:40:05.827Z] [INFO] Automating Outreach for SC Project | Inmobiliaria en Sant Cugat...
[2026-04-17T13:40:06.045Z] [SUCCESS] Outreach successful for SC Project | Inmobiliaria en Sant Cugat
[2026-04-17T13:40:06.253Z] [INFO] Automating Outreach for clínica dental Principal Granollers...
[2026-04-17T13:40:06.384Z] [SUCCESS] Outreach successful for clínica dental Principal Granollers
[2026-04-17T13:40:06.522Z] [INFO] Cycle complete. Sleeping for 60s...
[2026-04-17T13:40:18.258Z] [INFO] Searching for NEW leads to audit...
[2026-04-17T13:40:18.406Z] [INFO] No new leads found for audit.
[2026-04-17T13:40:18.407Z] [INFO] Searching for candidates for Asset Generation...
[2026-04-17T13:40:18.514Z] [INFO] Phase 3: No candidates found for generation.
[2026-04-17T13:40:18.515Z] [INFO] Phase 4: Checking for Outreach candidates...
[2026-04-17T13:40:18.584Z] [INFO] Automating Outreach for Clínica Dental Adeslas...
[2026-04-17T13:40:18.584Z] [WARNING] Skipping outreach for Clínica Dental Adeslas: No corporate email discovered yet.
[2026-04-17T13:40:18.585Z] [INFO] Automating Outreach for restaurante Principal Sant Antoni de Vilamajor...
[2026-04-17T13:40:18.585Z] [WARNING] Skipping outreach for restaurante Principal Sant Antoni de Vilamajor: No corporate email discovered yet.
[2026-04-17T13:40:18.586Z] [INFO] Automating Outreach for Especialistas restaurante Sant Antoni de Vilamajor...
[2026-04-17T13:40:18.586Z] [WARNING] Skipping outreach for Especialistas restaurante Sant Antoni de Vilamajor: No corporate email discovered yet.
[2026-04-17T13:40:18.587Z] [INFO] Automating Outreach for SC Project | Inmobiliaria en Sant Cugat...
[2026-04-17T13:40:18.587Z] [WARNING] Skipping outreach for SC Project | Inmobiliaria en Sant Cugat: No corporate email discovered yet.
[2026-04-17T13:40:18.588Z] [INFO] Automating Outreach for clínica dental Principal Granollers...
[2026-04-17T13:40:18.588Z] [WARNING] Skipping outreach for clínica dental Principal Granollers: No corporate email discovered yet.
[2026-04-17T13:40:18.589Z] [INFO] Cycle complete. Sleeping for 60s...
[2026-04-17T13:41:06.524Z] [INFO] Searching for NEW leads to audit...
[2026-04-17T13:41:06.886Z] [INFO] No new leads found for audit.
[2026-04-17T13:41:06.887Z] [INFO] Searching for candidates for Asset Generation...
[2026-04-17T13:41:07.006Z] [INFO] Phase 3: No candidates found for generation.
[2026-04-17T13:41:07.007Z] [INFO] Phase 4: Checking for Outreach candidates...
[2026-04-17T13:41:07.076Z] [INFO] Automating Outreach for Clínica Dental Adeslas...
[2026-04-17T13:41:07.330Z] [SUCCESS] Outreach successful for Clínica Dental Adeslas
[2026-04-17T13:41:07.503Z] [INFO] Automating Outreach for restaurante Principal Sant Antoni de Vilamajor...
[2026-04-17T13:41:07.719Z] [SUCCESS] Outreach successful for restaurante Principal Sant Antoni de Vilamajor
[2026-04-17T13:41:07.869Z] [INFO] Automating Outreach for Especialistas restaurante Sant Antoni de Vilamajor...
[2026-04-17T13:41:08.819Z] [SUCCESS] Outreach successful for Especialistas restaurante Sant Antoni de Vilamajor
[2026-04-17T13:41:08.954Z] [INFO] Automating Outreach for SC Project | Inmobiliaria en Sant Cugat...
[2026-04-17T13:41:09.121Z] [SUCCESS] Outreach successful for SC Project | Inmobiliaria en Sant Cugat
[2026-04-17T13:41:09.259Z] [INFO] Automating Outreach for clínica dental Principal Granollers...
[2026-04-17T13:41:09.393Z] [SUCCESS] Outreach successful for clínica dental Principal Granollers
[2026-04-17T13:41:09.529Z] [INFO] Cycle complete. Sleeping for 60s...
[2026-04-17T13:41:18.593Z] [INFO] Searching for NEW leads to audit...
[2026-04-17T13:41:18.721Z] [INFO] No new leads found for audit.
[2026-04-17T13:41:18.723Z] [INFO] Searching for candidates for Asset Generation...
[2026-04-17T13:41:18.825Z] [INFO] Phase 3: No candidates found for generation.
[2026-04-17T13:41:18.825Z] [INFO] Phase 4: Checking for Outreach candidates...
[2026-04-17T13:41:18.897Z] [INFO] Automating Outreach for Clínica Dental Adeslas...
[2026-04-17T13:41:18.898Z] [WARNING] Skipping outreach for Clínica Dental Adeslas: No corporate email discovered yet.
[2026-04-17T13:41:18.898Z] [INFO] Automating Outreach for restaurante Principal Sant Antoni de Vilamajor...
[2026-04-17T13:41:18.899Z] [WARNING] Skipping outreach for restaurante Principal Sant Antoni de Vilamajor: No corporate email discovered yet.
[2026-04-17T13:41:18.899Z] [INFO] Automating Outreach for Especialistas restaurante Sant Antoni de Vilamajor...
[2026-04-17T13:41:18.900Z] [WARNING] Skipping outreach for Especialistas restaurante Sant Antoni de Vilamajor: No corporate email discovered yet.
[2026-04-17T13:41:18.900Z] [INFO] Automating Outreach for SC Project | Inmobiliaria en Sant Cugat...
[2026-04-17T13:41:18.901Z] [WARNING] Skipping outreach for SC Project | Inmobiliaria en Sant Cugat: No corporate email discovered yet.
[2026-04-17T13:41:18.901Z] [INFO] Automating Outreach for clínica dental Principal Granollers...
[2026-04-17T13:41:18.902Z] [WARNING] Skipping outreach for clínica dental Principal Granollers: No corporate email discovered yet.
[2026-04-17T13:41:18.903Z] [INFO] Cycle complete. Sleeping for 60s...
[2026-04-17T13:42:09.544Z] [INFO] Searching for NEW leads to audit...
[2026-04-17T13:42:09.722Z] [INFO] No new leads found for audit.
[2026-04-17T13:42:09.722Z] [INFO] Searching for candidates for Asset Generation...
[2026-04-17T13:42:09.839Z] [INFO] Phase 3: No candidates found for generation.
[2026-04-17T13:42:09.840Z] [INFO] Phase 4: Checking for Outreach candidates...
[2026-04-17T13:42:09.913Z] [INFO] Automating Outreach for Clínica Dental Adeslas...
[2026-04-17T13:42:10.127Z] [SUCCESS] Outreach successful for Clínica Dental Adeslas
[2026-04-17T13:42:10.377Z] [INFO] Automating Outreach for restaurante Principal Sant Antoni de Vilamajor...
[2026-04-17T13:42:10.576Z] [SUCCESS] Outreach successful for restaurante Principal Sant Antoni de Vilamajor
[2026-04-17T13:42:10.723Z] [INFO] Automating Outreach for Especialistas restaurante Sant Antoni de Vilamajor...
[2026-04-17T13:42:10.859Z] [SUCCESS] Outreach successful for Especialistas restaurante Sant Antoni de Vilamajor
[2026-04-17T13:42:10.996Z] [INFO] Automating Outreach for SC Project | Inmobiliaria en Sant Cugat...
[2026-04-17T13:42:11.138Z] [SUCCESS] Outreach successful for SC Project | Inmobiliaria en Sant Cugat
[2026-04-17T13:42:11.276Z] [INFO] Automating Outreach for clínica dental Principal Granollers...
[2026-04-17T13:42:11.413Z] [SUCCESS] Outreach successful for clínica dental Principal Granollers
[2026-04-17T13:42:11.545Z] [INFO] Cycle complete. Sleeping for 60s...
[2026-04-17T13:42:18.905Z] [INFO] Searching for NEW leads to audit...
[2026-04-17T13:42:19.012Z] [INFO] No new leads found for audit.
[2026-04-17T13:42:19.012Z] [INFO] Searching for candidates for Asset Generation...
[2026-04-17T13:42:19.134Z] [INFO] Phase 3: No candidates found for generation.
[2026-04-17T13:42:19.135Z] [INFO] Phase 4: Checking for Outreach candidates...
[2026-04-17T13:42:19.210Z] [INFO] Automating Outreach for Clínica Dental Adeslas...
[2026-04-17T13:42:19.211Z] [WARNING] Skipping outreach for Clínica Dental Adeslas: No corporate email discovered yet.
[2026-04-17T13:42:19.212Z] [INFO] Automating Outreach for restaurante Principal Sant Antoni de Vilamajor...
[2026-04-17T13:42:19.213Z] [WARNING] Skipping outreach for restaurante Principal Sant Antoni de Vilamajor: No corporate email discovered yet.
[2026-04-17T13:42:19.213Z] [INFO] Automating Outreach for Especialistas restaurante Sant Antoni de Vilamajor...
[2026-04-17T13:42:19.214Z] [WARNING] Skipping outreach for Especialistas restaurante Sant Antoni de Vilamajor: No corporate email discovered yet.
[2026-04-17T13:42:19.215Z] [INFO] Automating Outreach for SC Project | Inmobiliaria en Sant Cugat...
[2026-04-17T13:42:19.216Z] [WARNING] Skipping outreach for SC Project | Inmobiliaria en Sant Cugat: No corporate email discovered yet.
[2026-04-17T13:42:19.216Z] [INFO] Automating Outreach for clínica dental Principal Granollers...
[2026-04-17T13:42:19.217Z] [WARNING] Skipping outreach for clínica dental Principal Granollers: No corporate email discovered yet.
[2026-04-17T13:42:19.218Z] [INFO] Cycle complete. Sleeping for 60s...
[2026-04-17T13:43:11.546Z] [INFO] Searching for NEW leads to audit...
[2026-04-17T13:43:11.666Z] [INFO] No new leads found for audit.
[2026-04-17T13:43:11.667Z] [INFO] Searching for candidates for Asset Generation...
[2026-04-17T13:43:11.803Z] [INFO] Phase 3: No candidates found for generation.
[2026-04-17T13:43:11.804Z] [INFO] Phase 4: Checking for Outreach candidates...
[2026-04-17T13:43:11.874Z] [INFO] Automating Outreach for Clínica Dental Adeslas...
[2026-04-17T13:43:12.088Z] [SUCCESS] Outreach successful for Clínica Dental Adeslas
[2026-04-17T13:43:12.246Z] [INFO] Automating Outreach for restaurante Principal Sant Antoni de Vilamajor...
[2026-04-17T13:43:12.460Z] [SUCCESS] Outreach successful for restaurante Principal Sant Antoni de Vilamajor
[2026-04-17T13:43:12.620Z] [INFO] Automating Outreach for Especialistas restaurante Sant Antoni de Vilamajor...
[2026-04-17T13:43:12.766Z] [SUCCESS] Outreach successful for Especialistas restaurante Sant Antoni de Vilamajor
[2026-04-17T13:43:13.082Z] [INFO] Automating Outreach for SC Project | Inmobiliaria en Sant Cugat...
[2026-04-17T13:43:13.242Z] [SUCCESS] Outreach successful for SC Project | Inmobiliaria en Sant Cugat
[2026-04-17T13:43:13.393Z] [INFO] Automating Outreach for clínica dental Principal Granollers...
[2026-04-17T13:43:13.543Z] [SUCCESS] Outreach successful for clínica dental Principal Granollers
[2026-04-17T13:43:13.684Z] [INFO] Cycle complete. Sleeping for 60s...
[2026-04-17T13:43:19.222Z] [INFO] Searching for NEW leads to audit...
[2026-04-17T13:43:19.328Z] [INFO] No new leads found for audit.
[2026-04-17T13:43:19.329Z] [INFO] Searching for candidates for Asset Generation...
[2026-04-17T13:43:19.439Z] [INFO] Phase 3: No candidates found for generation.
[2026-04-17T13:43:19.440Z] [INFO] Phase 4: Checking for Outreach candidates...
[2026-04-17T13:43:19.507Z] [INFO] Automating Outreach for Clínica Dental Adeslas...
[2026-04-17T13:43:19.508Z] [WARNING] Skipping outreach for Clínica Dental Adeslas: No corporate email discovered yet.
[2026-04-17T13:43:19.509Z] [INFO] Automating Outreach for restaurante Principal Sant Antoni de Vilamajor...
[2026-04-17T13:43:19.510Z] [WARNING] Skipping outreach for restaurante Principal Sant Antoni de Vilamajor: No corporate email discovered yet.
[2026-04-17T13:43:19.511Z] [INFO] Automating Outreach for Especialistas restaurante Sant Antoni de Vilamajor...
[2026-04-17T13:43:19.512Z] [WARNING] Skipping outreach for Especialistas restaurante Sant Antoni de Vilamajor: No corporate email discovered yet.
[2026-04-17T13:43:19.512Z] [INFO] Automating Outreach for SC Project | Inmobiliaria en Sant Cugat...
[2026-04-17T13:43:19.513Z] [WARNING] Skipping outreach for SC Project | Inmobiliaria en Sant Cugat: No corporate email discovered yet.
[2026-04-17T13:43:19.514Z] [INFO] Automating Outreach for clínica dental Principal Granollers...
[2026-04-17T13:43:19.514Z] [WARNING] Skipping outreach for clínica dental Principal Granollers: No corporate email discovered yet.
[2026-04-17T13:43:19.515Z] [INFO] Cycle complete. Sleeping for 60s...
[2026-04-17T13:44:13.689Z] [INFO] Searching for NEW leads to audit...
[2026-04-17T13:44:13.884Z] [INFO] No new leads found for audit.
[2026-04-17T13:44:13.884Z] [INFO] Searching for candidates for Asset Generation...
[2026-04-17T13:44:14.039Z] [INFO] Phase 3: No candidates found for generation.
[2026-04-17T13:44:14.039Z] [INFO] Phase 4: Checking for Outreach candidates...
[2026-04-17T13:44:14.123Z] [INFO] Automating Outreach for Clínica Dental Adeslas...
[2026-04-17T13:44:14.364Z] [SUCCESS] Outreach successful for Clínica Dental Adeslas
[2026-04-17T13:44:14.505Z] [INFO] Automating Outreach for restaurante Principal Sant Antoni de Vilamajor...
[2026-04-17T13:44:14.703Z] [SUCCESS] Outreach successful for restaurante Principal Sant Antoni de Vilamajor
[2026-04-17T13:44:14.851Z] [INFO] Automating Outreach for Especialistas restaurante Sant Antoni de Vilamajor...
[2026-04-17T13:44:14.989Z] [SUCCESS] Outreach successful for Especialistas restaurante Sant Antoni de Vilamajor
[2026-04-17T13:44:15.125Z] [INFO] Automating Outreach for SC Project | Inmobiliaria en Sant Cugat...
[2026-04-17T13:44:15.275Z] [SUCCESS] Outreach successful for SC Project | Inmobiliaria en Sant Cugat
[2026-04-17T13:44:15.428Z] [INFO] Automating Outreach for clínica dental Principal Granollers...
[2026-04-17T13:44:15.565Z] [SUCCESS] Outreach successful for clínica dental Principal Granollers
[2026-04-17T13:44:15.707Z] [INFO] Cycle complete. Sleeping for 60s...
[2026-04-17T13:44:19.517Z] [INFO] Searching for NEW leads to audit...
[2026-04-17T13:44:19.628Z] [INFO] No new leads found for audit.
[2026-04-17T13:44:19.629Z] [INFO] Searching for candidates for Asset Generation...
[2026-04-17T13:44:19.730Z] [INFO] Phase 3: No candidates found for generation.
[2026-04-17T13:44:19.730Z] [INFO] Phase 4: Checking for Outreach candidates...
[2026-04-17T13:44:19.801Z] [INFO] Automating Outreach for Clínica Dental Adeslas...
[2026-04-17T13:44:19.802Z] [WARNING] Skipping outreach for Clínica Dental Adeslas: No corporate email discovered yet.
[2026-04-17T13:44:19.802Z] [INFO] Automating Outreach for restaurante Principal Sant Antoni de Vilamajor...
[2026-04-17T13:44:19.803Z] [WARNING] Skipping outreach for restaurante Principal Sant Antoni de Vilamajor: No corporate email discovered yet.
[2026-04-17T13:44:19.804Z] [INFO] Automating Outreach for Especialistas restaurante Sant Antoni de Vilamajor...
[2026-04-17T13:44:19.805Z] [WARNING] Skipping outreach for Especialistas restaurante Sant Antoni de Vilamajor: No corporate email discovered yet.
[2026-04-17T13:44:19.806Z] [INFO] Automating Outreach for SC Project | Inmobiliaria en Sant Cugat...
[2026-04-17T13:44:19.806Z] [WARNING] Skipping outreach for SC Project | Inmobiliaria en Sant Cugat: No corporate email discovered yet.
[2026-04-17T13:44:19.807Z] [INFO] Automating Outreach for clínica dental Principal Granollers...
[2026-04-17T13:44:19.808Z] [WARNING] Skipping outreach for clínica dental Principal Granollers: No corporate email discovered yet.
[2026-04-17T13:44:19.808Z] [INFO] Cycle complete. Sleeping for 60s...
[2026-04-17T13:45:15.714Z] [INFO] Searching for NEW leads to audit...
[2026-04-17T13:45:15.991Z] [INFO] No new leads found for audit.
[2026-04-17T13:45:15.992Z] [INFO] Searching for candidates for Asset Generation...
[2026-04-17T13:45:16.136Z] [INFO] Phase 3: No candidates found for generation.
[2026-04-17T13:45:16.136Z] [INFO] Phase 4: Checking for Outreach candidates...
[2026-04-17T13:45:16.208Z] [INFO] Automating Outreach for Clínica Dental Adeslas...
[2026-04-17T13:45:16.441Z] [SUCCESS] Outreach successful for Clínica Dental Adeslas
[2026-04-17T13:45:16.585Z] [INFO] Automating Outreach for restaurante Principal Sant Antoni de Vilamajor...
[2026-04-17T13:45:16.912Z] [SUCCESS] Outreach successful for restaurante Principal Sant Antoni de Vilamajor
[2026-04-17T13:45:17.066Z] [INFO] Automating Outreach for Especialistas restaurante Sant Antoni de Vilamajor...
[2026-04-17T13:45:17.209Z] [SUCCESS] Outreach successful for Especialistas restaurante Sant Antoni de Vilamajor
[2026-04-17T13:45:17.349Z] [INFO] Automating Outreach for SC Project | Inmobiliaria en Sant Cugat...
[2026-04-17T13:45:17.483Z] [SUCCESS] Outreach successful for SC Project | Inmobiliaria en Sant Cugat
[2026-04-17T13:45:17.706Z] [INFO] Automating Outreach for clínica dental Principal Granollers...
[2026-04-17T13:45:17.839Z] [SUCCESS] Outreach successful for clínica dental Principal Granollers
[2026-04-17T13:45:17.981Z] [INFO] Cycle complete. Sleeping for 60s...
[2026-04-17T13:45:19.817Z] [INFO] Searching for NEW leads to audit...
[2026-04-17T13:45:19.952Z] [INFO] No new leads found for audit.
[2026-04-17T13:45:19.953Z] [INFO] Searching for candidates for Asset Generation...
[2026-04-17T13:45:20.072Z] [INFO] Phase 3: No candidates found for generation.
[2026-04-17T13:45:20.072Z] [INFO] Phase 4: Checking for Outreach candidates...
[2026-04-17T13:45:20.143Z] [INFO] Automating Outreach for Clínica Dental Adeslas...
[2026-04-17T13:45:20.144Z] [WARNING] Skipping outreach for Clínica Dental Adeslas: No corporate email discovered yet.
[2026-04-17T13:45:20.144Z] [INFO] Automating Outreach for restaurante Principal Sant Antoni de Vilamajor...
[2026-04-17T13:45:20.144Z] [WARNING] Skipping outreach for restaurante Principal Sant Antoni de Vilamajor: No corporate email discovered yet.
[2026-04-17T13:45:20.145Z] [INFO] Automating Outreach for Especialistas restaurante Sant Antoni de Vilamajor...
[2026-04-17T13:45:20.145Z] [WARNING] Skipping outreach for Especialistas restaurante Sant Antoni de Vilamajor: No corporate email discovered yet.
[2026-04-17T13:45:20.146Z] [INFO] Automating Outreach for SC Project | Inmobiliaria en Sant Cugat...
[2026-04-17T13:45:20.146Z] [WARNING] Skipping outreach for SC Project | Inmobiliaria en Sant Cugat: No corporate email discovered yet.
[2026-04-17T13:45:20.146Z] [INFO] Automating Outreach for clínica dental Principal Granollers...
[2026-04-17T13:45:20.147Z] [WARNING] Skipping outreach for clínica dental Principal Granollers: No corporate email discovered yet.
[2026-04-17T13:45:20.147Z] [INFO] Cycle complete. Sleeping for 60s...
[2026-04-17T13:46:17.982Z] [INFO] Searching for NEW leads to audit...
[2026-04-17T13:46:18.161Z] [INFO] No new leads found for audit.
[2026-04-17T13:46:18.161Z] [INFO] Searching for candidates for Asset Generation...
[2026-04-17T13:46:18.284Z] [INFO] Phase 3: No candidates found for generation.
[2026-04-17T13:46:18.285Z] [INFO] Phase 4: Checking for Outreach candidates...
[2026-04-17T13:46:18.372Z] [INFO] Automating Outreach for Clínica Dental Adeslas...
[2026-04-17T13:46:18.694Z] [SUCCESS] Outreach successful for Clínica Dental Adeslas
[2026-04-17T13:46:18.909Z] [INFO] Automating Outreach for restaurante Principal Sant Antoni de Vilamajor...
[2026-04-17T13:46:19.107Z] [SUCCESS] Outreach successful for restaurante Principal Sant Antoni de Vilamajor
[2026-04-17T13:46:19.243Z] [INFO] Automating Outreach for Especialistas restaurante Sant Antoni de Vilamajor...
[2026-04-17T13:46:19.392Z] [SUCCESS] Outreach successful for Especialistas restaurante Sant Antoni de Vilamajor
[2026-04-17T13:46:19.537Z] [INFO] Automating Outreach for SC Project | Inmobiliaria en Sant Cugat...
[2026-04-17T13:46:19.675Z] [SUCCESS] Outreach successful for SC Project | Inmobiliaria en Sant Cugat
[2026-04-17T13:46:19.809Z] [INFO] Automating Outreach for clínica dental Principal Granollers...
[2026-04-17T13:46:19.943Z] [SUCCESS] Outreach successful for clínica dental Principal Granollers
[2026-04-17T13:46:20.096Z] [INFO] Cycle complete. Sleeping for 60s...
[2026-04-17T13:46:20.150Z] [INFO] Searching for NEW leads to audit...
[2026-04-17T13:46:20.257Z] [INFO] No new leads found for audit.
[2026-04-17T13:46:20.258Z] [INFO] Searching for candidates for Asset Generation...
[2026-04-17T13:46:20.369Z] [INFO] Phase 3: No candidates found for generation.
[2026-04-17T13:46:20.370Z] [INFO] Phase 4: Checking for Outreach candidates...
[2026-04-17T13:46:20.438Z] [INFO] Automating Outreach for Clínica Dental Adeslas...
[2026-04-17T13:46:20.438Z] [WARNING] Skipping outreach for Clínica Dental Adeslas: No corporate email discovered yet.
[2026-04-17T13:46:20.439Z] [INFO] Automating Outreach for restaurante Principal Sant Antoni de Vilamajor...
[2026-04-17T13:46:20.439Z] [WARNING] Skipping outreach for restaurante Principal Sant Antoni de Vilamajor: No corporate email discovered yet.
[2026-04-17T13:46:20.440Z] [INFO] Automating Outreach for Especialistas restaurante Sant Antoni de Vilamajor...
[2026-04-17T13:46:20.440Z] [WARNING] Skipping outreach for Especialistas restaurante Sant Antoni de Vilamajor: No corporate email discovered yet.
[2026-04-17T13:46:20.441Z] [INFO] Automating Outreach for SC Project | Inmobiliaria en Sant Cugat...
[2026-04-17T13:46:20.441Z] [WARNING] Skipping outreach for SC Project | Inmobiliaria en Sant Cugat: No corporate email discovered yet.
[2026-04-17T13:46:20.442Z] [INFO] Automating Outreach for clínica dental Principal Granollers...
[2026-04-17T13:46:20.442Z] [WARNING] Skipping outreach for clínica dental Principal Granollers: No corporate email discovered yet.
[2026-04-17T13:46:20.443Z] [INFO] Cycle complete. Sleeping for 60s...
[2026-04-17T13:47:20.111Z] [INFO] Searching for NEW leads to audit...
[2026-04-17T13:47:20.240Z] [INFO] No new leads found for audit.
[2026-04-17T13:47:20.241Z] [INFO] Searching for candidates for Asset Generation...
[2026-04-17T13:47:20.379Z] [INFO] Phase 3: No candidates found for generation.
[2026-04-17T13:47:20.380Z] [INFO] Phase 4: Checking for Outreach candidates...
[2026-04-17T13:47:20.450Z] [INFO] Searching for NEW leads to audit...
[2026-04-17T13:47:20.462Z] [INFO] Automating Outreach for Clínica Dental Adeslas...
[2026-04-17T13:47:20.565Z] [INFO] No new leads found for audit.
[2026-04-17T13:47:20.566Z] [INFO] Searching for candidates for Asset Generation...
[2026-04-17T13:47:20.671Z] [INFO] Phase 3: No candidates found for generation.
[2026-04-17T13:47:20.672Z] [INFO] Phase 4: Checking for Outreach candidates...
[2026-04-17T13:47:20.678Z] [SUCCESS] Outreach successful for Clínica Dental Adeslas
[2026-04-17T13:47:20.750Z] [INFO] Automating Outreach for Clínica Dental Adeslas...
[2026-04-17T13:47:20.751Z] [WARNING] Skipping outreach for Clínica Dental Adeslas: No corporate email discovered yet.
[2026-04-17T13:47:20.751Z] [INFO] Automating Outreach for restaurante Principal Sant Antoni de Vilamajor...
[2026-04-17T13:47:20.752Z] [WARNING] Skipping outreach for restaurante Principal Sant Antoni de Vilamajor: No corporate email discovered yet.
[2026-04-17T13:47:20.753Z] [INFO] Automating Outreach for Especialistas restaurante Sant Antoni de Vilamajor...
[2026-04-17T13:47:20.753Z] [WARNING] Skipping outreach for Especialistas restaurante Sant Antoni de Vilamajor: No corporate email discovered yet.
[2026-04-17T13:47:20.754Z] [INFO] Automating Outreach for SC Project | Inmobiliaria en Sant Cugat...
[2026-04-17T13:47:20.754Z] [WARNING] Skipping outreach for SC Project | Inmobiliaria en Sant Cugat: No corporate email discovered yet.
[2026-04-17T13:47:20.755Z] [INFO] Automating Outreach for clínica dental Principal Granollers...
[2026-04-17T13:47:20.756Z] [WARNING] Skipping outreach for clínica dental Principal Granollers: No corporate email discovered yet.
[2026-04-17T13:47:20.756Z] [INFO] Cycle complete. Sleeping for 60s...
[2026-04-17T13:47:20.828Z] [INFO] Automating Outreach for restaurante Principal Sant Antoni de Vilamajor...
[2026-04-17T13:47:21.045Z] [SUCCESS] Outreach successful for restaurante Principal Sant Antoni de Vilamajor
[2026-04-17T13:47:21.179Z] [INFO] Automating Outreach for Especialistas restaurante Sant Antoni de Vilamajor...
[2026-04-17T13:47:21.310Z] [SUCCESS] Outreach successful for Especialistas restaurante Sant Antoni de Vilamajor
[2026-04-17T13:47:21.446Z] [INFO] Automating Outreach for SC Project | Inmobiliaria en Sant Cugat...
[2026-04-17T13:47:21.582Z] [SUCCESS] Outreach successful for SC Project | Inmobiliaria en Sant Cugat
[2026-04-17T13:47:21.718Z] [INFO] Automating Outreach for clínica dental Principal Granollers...
[2026-04-17T13:47:21.849Z] [SUCCESS] Outreach successful for clínica dental Principal Granollers
[2026-04-17T13:47:21.978Z] [INFO] Cycle complete. Sleeping for 60s...
[2026-04-17T13:48:20.772Z] [INFO] Searching for NEW leads to audit...
[2026-04-17T13:48:20.961Z] [INFO] No new leads found for audit.
[2026-04-17T13:48:20.962Z] [INFO] Searching for candidates for Asset Generation...
[2026-04-17T13:48:21.078Z] [INFO] Phase 3: No candidates found for generation.
[2026-04-17T13:48:21.079Z] [INFO] Phase 4: Checking for Outreach candidates...
[2026-04-17T13:48:21.161Z] [INFO] Automating Outreach for Clínica Dental Adeslas...
[2026-04-17T13:48:21.162Z] [WARNING] Skipping outreach for Clínica Dental Adeslas: No corporate email discovered yet.
[2026-04-17T13:48:21.162Z] [INFO] Automating Outreach for restaurante Principal Sant Antoni de Vilamajor...
[2026-04-17T13:48:21.163Z] [WARNING] Skipping outreach for restaurante Principal Sant Antoni de Vilamajor: No corporate email discovered yet.
[2026-04-17T13:48:21.163Z] [INFO] Automating Outreach for Especialistas restaurante Sant Antoni de Vilamajor...
[2026-04-17T13:48:21.163Z] [WARNING] Skipping outreach for Especialistas restaurante Sant Antoni de Vilamajor: No corporate email discovered yet.
[2026-04-17T13:48:21.164Z] [INFO] Automating Outreach for SC Project | Inmobiliaria en Sant Cugat...
[2026-04-17T13:48:21.164Z] [WARNING] Skipping outreach for SC Project | Inmobiliaria en Sant Cugat: No corporate email discovered yet.
[2026-04-17T13:48:21.165Z] [INFO] Automating Outreach for clínica dental Principal Granollers...
[2026-04-17T13:48:21.166Z] [WARNING] Skipping outreach for clínica dental Principal Granollers: No corporate email discovered yet.
[2026-04-17T13:48:21.166Z] [INFO] Cycle complete. Sleeping for 60s...
[2026-04-17T13:48:21.983Z] [INFO] Searching for NEW leads to audit...
[2026-04-17T13:48:22.135Z] [INFO] No new leads found for audit.
[2026-04-17T13:48:22.135Z] [INFO] Searching for candidates for Asset Generation...
[2026-04-17T13:48:22.245Z] [INFO] Phase 3: No candidates found for generation.
[2026-04-17T13:48:22.246Z] [INFO] Phase 4: Checking for Outreach candidates...
[2026-04-17T13:48:22.318Z] [INFO] Automating Outreach for Clínica Dental Adeslas...
[2026-04-17T13:48:22.524Z] [SUCCESS] Outreach successful for Clínica Dental Adeslas
[2026-04-17T13:48:22.667Z] [INFO] Automating Outreach for restaurante Principal Sant Antoni de Vilamajor...
[2026-04-17T13:48:22.868Z] [SUCCESS] Outreach successful for restaurante Principal Sant Antoni de Vilamajor
[2026-04-17T13:48:23.011Z] [INFO] Automating Outreach for Especialistas restaurante Sant Antoni de Vilamajor...
[2026-04-17T13:48:23.144Z] [SUCCESS] Outreach successful for Especialistas restaurante Sant Antoni de Vilamajor
[2026-04-17T13:48:23.275Z] [INFO] Automating Outreach for SC Project | Inmobiliaria en Sant Cugat...
[2026-04-17T13:48:23.412Z] [SUCCESS] Outreach successful for SC Project | Inmobiliaria en Sant Cugat
[2026-04-17T13:48:23.546Z] [INFO] Automating Outreach for clínica dental Principal Granollers...
[2026-04-17T13:48:23.680Z] [SUCCESS] Outreach successful for clínica dental Principal Granollers
[2026-04-17T13:48:23.820Z] [INFO] Cycle complete. Sleeping for 60s...
[2026-04-17T13:49:21.177Z] [INFO] Searching for NEW leads to audit...
[2026-04-17T13:49:21.347Z] [INFO] No new leads found for audit.
[2026-04-17T13:49:21.348Z] [INFO] Searching for candidates for Asset Generation...
[2026-04-17T13:49:21.467Z] [INFO] Phase 3: No candidates found for generation.
[2026-04-17T13:49:21.468Z] [INFO] Phase 4: Checking for Outreach candidates...
[2026-04-17T13:49:21.542Z] [INFO] Automating Outreach for Clínica Dental Adeslas...
[2026-04-17T13:49:21.544Z] [WARNING] Skipping outreach for Clínica Dental Adeslas: No corporate email discovered yet.
[2026-04-17T13:49:21.545Z] [INFO] Automating Outreach for restaurante Principal Sant Antoni de Vilamajor...
[2026-04-17T13:49:21.546Z] [WARNING] Skipping outreach for restaurante Principal Sant Antoni de Vilamajor: No corporate email discovered yet.
[2026-04-17T13:49:21.546Z] [INFO] Automating Outreach for Especialistas restaurante Sant Antoni de Vilamajor...
[2026-04-17T13:49:21.547Z] [WARNING] Skipping outreach for Especialistas restaurante Sant Antoni de Vilamajor: No corporate email discovered yet.
[2026-04-17T13:49:21.548Z] [INFO] Automating Outreach for SC Project | Inmobiliaria en Sant Cugat...
[2026-04-17T13:49:21.549Z] [WARNING] Skipping outreach for SC Project | Inmobiliaria en Sant Cugat: No corporate email discovered yet.
[2026-04-17T13:49:21.549Z] [INFO] Automating Outreach for clínica dental Principal Granollers...
[2026-04-17T13:49:21.551Z] [WARNING] Skipping outreach for clínica dental Principal Granollers: No corporate email discovered yet.
[2026-04-17T13:49:21.552Z] [INFO] Cycle complete. Sleeping for 60s...
[2026-04-17T13:49:23.826Z] [INFO] Searching for NEW leads to audit...
[2026-04-17T13:49:23.942Z] [INFO] No new leads found for audit.
[2026-04-17T13:49:23.942Z] [INFO] Searching for candidates for Asset Generation...
[2026-04-17T13:49:24.043Z] [INFO] Phase 3: No candidates found for generation.
[2026-04-17T13:49:24.044Z] [INFO] Phase 4: Checking for Outreach candidates...
[2026-04-17T13:49:24.114Z] [INFO] Automating Outreach for Clínica Dental Adeslas...
[2026-04-17T13:49:24.315Z] [SUCCESS] Outreach successful for Clínica Dental Adeslas
[2026-04-17T13:49:24.457Z] [INFO] Automating Outreach for restaurante Principal Sant Antoni de Vilamajor...
[2026-04-17T13:49:24.660Z] [SUCCESS] Outreach successful for restaurante Principal Sant Antoni de Vilamajor
[2026-04-17T13:49:24.801Z] [INFO] Automating Outreach for Especialistas restaurante Sant Antoni de Vilamajor...
[2026-04-17T13:49:24.939Z] [SUCCESS] Outreach successful for Especialistas restaurante Sant Antoni de Vilamajor
[2026-04-17T13:49:25.077Z] [INFO] Automating Outreach for SC Project | Inmobiliaria en Sant Cugat...
[2026-04-17T13:49:25.216Z] [SUCCESS] Outreach successful for SC Project | Inmobiliaria en Sant Cugat
[2026-04-17T13:49:25.351Z] [INFO] Automating Outreach for clínica dental Principal Granollers...
[2026-04-17T13:49:25.486Z] [SUCCESS] Outreach successful for clínica dental Principal Granollers
[2026-04-17T13:49:25.624Z] [INFO] Cycle complete. Sleeping for 60s...
[2026-04-17T13:50:21.559Z] [INFO] Searching for NEW leads to audit...
[2026-04-17T13:50:21.757Z] [INFO] No new leads found for audit.
[2026-04-17T13:50:21.758Z] [INFO] Searching for candidates for Asset Generation...
[2026-04-17T13:50:21.875Z] [INFO] Phase 3: No candidates found for generation.
[2026-04-17T13:50:21.876Z] [INFO] Phase 4: Checking for Outreach candidates...
[2026-04-17T13:50:21.951Z] [INFO] Automating Outreach for Clínica Dental Adeslas...
[2026-04-17T13:50:21.951Z] [WARNING] Skipping outreach for Clínica Dental Adeslas: No corporate email discovered yet.
[2026-04-17T13:50:21.952Z] [INFO] Automating Outreach for restaurante Principal Sant Antoni de Vilamajor...
[2026-04-17T13:50:21.953Z] [WARNING] Skipping outreach for restaurante Principal Sant Antoni de Vilamajor: No corporate email discovered yet.
[2026-04-17T13:50:21.953Z] [INFO] Automating Outreach for Especialistas restaurante Sant Antoni de Vilamajor...
[2026-04-17T13:50:21.954Z] [WARNING] Skipping outreach for Especialistas restaurante Sant Antoni de Vilamajor: No corporate email discovered yet.
[2026-04-17T13:50:21.954Z] [INFO] Automating Outreach for SC Project | Inmobiliaria en Sant Cugat...
[2026-04-17T13:50:21.955Z] [WARNING] Skipping outreach for SC Project | Inmobiliaria en Sant Cugat: No corporate email discovered yet.
[2026-04-17T13:50:21.956Z] [INFO] Automating Outreach for clínica dental Principal Granollers...
[2026-04-17T13:50:21.956Z] [WARNING] Skipping outreach for clínica dental Principal Granollers: No corporate email discovered yet.
[2026-04-17T13:50:21.957Z] [INFO] Cycle complete. Sleeping for 60s...
[2026-04-17T13:50:25.637Z] [INFO] Searching for NEW leads to audit...
[2026-04-17T13:50:25.742Z] [INFO] No new leads found for audit.
[2026-04-17T13:50:25.743Z] [INFO] Searching for candidates for Asset Generation...
[2026-04-17T13:50:25.847Z] [INFO] Phase 3: No candidates found for generation.
[2026-04-17T13:50:25.848Z] [INFO] Phase 4: Checking for Outreach candidates...
[2026-04-17T13:50:25.913Z] [INFO] Automating Outreach for Clínica Dental Adeslas...
[2026-04-17T13:50:26.118Z] [SUCCESS] Outreach successful for Clínica Dental Adeslas
[2026-04-17T13:50:26.269Z] [INFO] Automating Outreach for restaurante Principal Sant Antoni de Vilamajor...
[2026-04-17T13:50:26.472Z] [SUCCESS] Outreach successful for restaurante Principal Sant Antoni de Vilamajor
[2026-04-17T13:50:26.629Z] [INFO] Automating Outreach for Especialistas restaurante Sant Antoni de Vilamajor...
[2026-04-17T13:50:26.761Z] [SUCCESS] Outreach successful for Especialistas restaurante Sant Antoni de Vilamajor
[2026-04-17T13:50:26.900Z] [INFO] Automating Outreach for SC Project | Inmobiliaria en Sant Cugat...
[2026-04-17T13:50:27.037Z] [SUCCESS] Outreach successful for SC Project | Inmobiliaria en Sant Cugat
[2026-04-17T13:50:27.168Z] [INFO] Automating Outreach for clínica dental Principal Granollers...
[2026-04-17T13:50:27.307Z] [SUCCESS] Outreach successful for clínica dental Principal Granollers
[2026-04-17T13:50:27.443Z] [INFO] Cycle complete. Sleeping for 60s...
[2026-04-17T13:51:21.964Z] [INFO] Searching for NEW leads to audit...
[2026-04-17T13:51:22.099Z] [INFO] No new leads found for audit.
[2026-04-17T13:51:22.100Z] [INFO] Searching for candidates for Asset Generation...
[2026-04-17T13:51:22.223Z] [INFO] Phase 3: No candidates found for generation.
[2026-04-17T13:51:22.223Z] [INFO] Phase 4: Checking for Outreach candidates...
[2026-04-17T13:51:22.291Z] [INFO] Automating Outreach for Clínica Dental Adeslas...
[2026-04-17T13:51:22.291Z] [WARNING] Skipping outreach for Clínica Dental Adeslas: No corporate email discovered yet.
[2026-04-17T13:51:22.292Z] [INFO] Automating Outreach for restaurante Principal Sant Antoni de Vilamajor...
[2026-04-17T13:51:22.292Z] [WARNING] Skipping outreach for restaurante Principal Sant Antoni de Vilamajor: No corporate email discovered yet.
[2026-04-17T13:51:22.293Z] [INFO] Automating Outreach for Especialistas restaurante Sant Antoni de Vilamajor...
[2026-04-17T13:51:22.293Z] [WARNING] Skipping outreach for Especialistas restaurante Sant Antoni de Vilamajor: No corporate email discovered yet.
[2026-04-17T13:51:22.293Z] [INFO] Automating Outreach for SC Project | Inmobiliaria en Sant Cugat...
[2026-04-17T13:51:22.294Z] [WARNING] Skipping outreach for SC Project | Inmobiliaria en Sant Cugat: No corporate email discovered yet.
[2026-04-17T13:51:22.294Z] [INFO] Automating Outreach for clínica dental Principal Granollers...
[2026-04-17T13:51:22.295Z] [WARNING] Skipping outreach for clínica dental Principal Granollers: No corporate email discovered yet.
[2026-04-17T13:51:22.295Z] [INFO] Cycle complete. Sleeping for 60s...
[2026-04-17T13:51:27.451Z] [INFO] Searching for NEW leads to audit...
[2026-04-17T13:51:27.573Z] [INFO] No new leads found for audit.
[2026-04-17T13:51:27.574Z] [INFO] Searching for candidates for Asset Generation...
[2026-04-17T13:51:27.691Z] [INFO] Phase 3: No candidates found for generation.
[2026-04-17T13:51:27.691Z] [INFO] Phase 4: Checking for Outreach candidates...
[2026-04-17T13:51:27.770Z] [INFO] Automating Outreach for Clínica Dental Adeslas...
[2026-04-17T13:51:27.993Z] [SUCCESS] Outreach successful for Clínica Dental Adeslas
[2026-04-17T13:51:28.150Z] [INFO] Automating Outreach for restaurante Principal Sant Antoni de Vilamajor...
[2026-04-17T13:51:28.492Z] [SUCCESS] Outreach successful for restaurante Principal Sant Antoni de Vilamajor
[2026-04-17T13:51:28.629Z] [INFO] Automating Outreach for Especialistas restaurante Sant Antoni de Vilamajor...
[2026-04-17T13:51:28.763Z] [SUCCESS] Outreach successful for Especialistas restaurante Sant Antoni de Vilamajor
[2026-04-17T13:51:28.895Z] [INFO] Automating Outreach for SC Project | Inmobiliaria en Sant Cugat...
[2026-04-17T13:51:29.031Z] [SUCCESS] Outreach successful for SC Project | Inmobiliaria en Sant Cugat
[2026-04-17T13:51:29.170Z] [INFO] Automating Outreach for clínica dental Principal Granollers...
[2026-04-17T13:51:29.301Z] [SUCCESS] Outreach successful for clínica dental Principal Granollers
[2026-04-17T13:51:29.439Z] [INFO] Cycle complete. Sleeping for 60s...
[2026-04-17T13:52:22.311Z] [INFO] Searching for NEW leads to audit...
[2026-04-17T13:52:22.493Z] [INFO] No new leads found for audit.
[2026-04-17T13:52:22.493Z] [INFO] Searching for candidates for Asset Generation...
[2026-04-17T13:52:22.616Z] [INFO] Phase 3: No candidates found for generation.
[2026-04-17T13:52:22.618Z] [INFO] Phase 4: Checking for Outreach candidates...
[2026-04-17T13:52:22.685Z] [INFO] Automating Outreach for Clínica Dental Adeslas...
[2026-04-17T13:52:22.686Z] [WARNING] Skipping outreach for Clínica Dental Adeslas: No corporate email discovered yet.
[2026-04-17T13:52:22.687Z] [INFO] Automating Outreach for restaurante Principal Sant Antoni de Vilamajor...
[2026-04-17T13:52:22.687Z] [WARNING] Skipping outreach for restaurante Principal Sant Antoni de Vilamajor: No corporate email discovered yet.
[2026-04-17T13:52:22.687Z] [INFO] Automating Outreach for Especialistas restaurante Sant Antoni de Vilamajor...
[2026-04-17T13:52:22.688Z] [WARNING] Skipping outreach for Especialistas restaurante Sant Antoni de Vilamajor: No corporate email discovered yet.
[2026-04-17T13:52:22.688Z] [INFO] Automating Outreach for SC Project | Inmobiliaria en Sant Cugat...
[2026-04-17T13:52:22.689Z] [WARNING] Skipping outreach for SC Project | Inmobiliaria en Sant Cugat: No corporate email discovered yet.
[2026-04-17T13:52:22.689Z] [INFO] Automating Outreach for clínica dental Principal Granollers...
[2026-04-17T13:52:22.690Z] [WARNING] Skipping outreach for clínica dental Principal Granollers: No corporate email discovered yet.
[2026-04-17T13:52:22.690Z] [INFO] Cycle complete. Sleeping for 60s...
[2026-04-17T13:52:29.442Z] [INFO] Searching for NEW leads to audit...
[2026-04-17T13:52:29.570Z] [INFO] No new leads found for audit.
[2026-04-17T13:52:29.570Z] [INFO] Searching for candidates for Asset Generation...
[2026-04-17T13:52:29.686Z] [INFO] Phase 3: No candidates found for generation.
[2026-04-17T13:52:29.686Z] [INFO] Phase 4: Checking for Outreach candidates...
[2026-04-17T13:52:29.770Z] [INFO] Automating Outreach for Clínica Dental Adeslas...
[2026-04-17T13:52:29.978Z] [SUCCESS] Outreach successful for Clínica Dental Adeslas
[2026-04-17T13:52:30.121Z] [INFO] Automating Outreach for restaurante Principal Sant Antoni de Vilamajor...
[2026-04-17T13:52:30.343Z] [SUCCESS] Outreach successful for restaurante Principal Sant Antoni de Vilamajor
[2026-04-17T13:52:30.670Z] [INFO] Automating Outreach for Especialistas restaurante Sant Antoni de Vilamajor...
[2026-04-17T13:52:30.828Z] [SUCCESS] Outreach successful for Especialistas restaurante Sant Antoni de Vilamajor
[2026-04-17T13:52:30.964Z] [INFO] Automating Outreach for SC Project | Inmobiliaria en Sant Cugat...
[2026-04-17T13:52:31.113Z] [SUCCESS] Outreach successful for SC Project | Inmobiliaria en Sant Cugat
[2026-04-17T13:52:31.248Z] [INFO] Automating Outreach for clínica dental Principal Granollers...
[2026-04-17T13:52:31.392Z] [SUCCESS] Outreach successful for clínica dental Principal Granollers
[2026-04-17T13:52:31.537Z] [INFO] Cycle complete. Sleeping for 60s...
[2026-04-17T13:53:22.697Z] [INFO] Searching for NEW leads to audit...
[2026-04-17T13:53:23.022Z] [INFO] No new leads found for audit.
[2026-04-17T13:53:23.022Z] [INFO] Searching for candidates for Asset Generation...
[2026-04-17T13:53:23.154Z] [INFO] Phase 3: No candidates found for generation.
[2026-04-17T13:53:23.154Z] [INFO] Phase 4: Checking for Outreach candidates...
[2026-04-17T13:53:23.245Z] [INFO] Automating Outreach for Clínica Dental Adeslas...
[2026-04-17T13:53:23.246Z] [WARNING] Skipping outreach for Clínica Dental Adeslas: No corporate email discovered yet.
[2026-04-17T13:53:23.246Z] [INFO] Automating Outreach for restaurante Principal Sant Antoni de Vilamajor...
[2026-04-17T13:53:23.247Z] [WARNING] Skipping outreach for restaurante Principal Sant Antoni de Vilamajor: No corporate email discovered yet.
[2026-04-17T13:53:23.247Z] [INFO] Automating Outreach for Especialistas restaurante Sant Antoni de Vilamajor...
[2026-04-17T13:53:23.248Z] [WARNING] Skipping outreach for Especialistas restaurante Sant Antoni de Vilamajor: No corporate email discovered yet.
[2026-04-17T13:53:23.249Z] [INFO] Automating Outreach for SC Project | Inmobiliaria en Sant Cugat...
[2026-04-17T13:53:23.250Z] [WARNING] Skipping outreach for SC Project | Inmobiliaria en Sant Cugat: No corporate email discovered yet.
[2026-04-17T13:53:23.250Z] [INFO] Automating Outreach for clínica dental Principal Granollers...
[2026-04-17T13:53:23.251Z] [WARNING] Skipping outreach for clínica dental Principal Granollers: No corporate email discovered yet.
[2026-04-17T13:53:23.251Z] [INFO] Cycle complete. Sleeping for 60s...
[2026-04-17T13:53:31.539Z] [INFO] Searching for NEW leads to audit...
[2026-04-17T13:53:31.652Z] [INFO] No new leads found for audit.
[2026-04-17T13:53:31.653Z] [INFO] Searching for candidates for Asset Generation...
[2026-04-17T13:53:31.763Z] [INFO] Phase 3: No candidates found for generation.
[2026-04-17T13:53:31.764Z] [INFO] Phase 4: Checking for Outreach candidates...
[2026-04-17T13:53:31.840Z] [INFO] Automating Outreach for Clínica Dental Adeslas...
[2026-04-17T13:53:32.072Z] [SUCCESS] Outreach successful for Clínica Dental Adeslas
[2026-04-17T13:53:32.266Z] [INFO] Automating Outreach for restaurante Principal Sant Antoni de Vilamajor...
[2026-04-17T13:53:32.468Z] [SUCCESS] Outreach successful for restaurante Principal Sant Antoni de Vilamajor
[2026-04-17T13:53:32.605Z] [INFO] Automating Outreach for Especialistas restaurante Sant Antoni de Vilamajor...
[2026-04-17T13:53:32.743Z] [SUCCESS] Outreach successful for Especialistas restaurante Sant Antoni de Vilamajor
[2026-04-17T13:53:32.880Z] [INFO] Automating Outreach for SC Project | Inmobiliaria en Sant Cugat...
[2026-04-17T13:53:33.019Z] [SUCCESS] Outreach successful for SC Project | Inmobiliaria en Sant Cugat
[2026-04-17T13:53:33.156Z] [INFO] Automating Outreach for clínica dental Principal Granollers...
[2026-04-17T13:53:33.289Z] [SUCCESS] Outreach successful for clínica dental Principal Granollers
[2026-04-17T13:53:33.436Z] [INFO] Cycle complete. Sleeping for 60s...
[2026-04-17T13:54:23.261Z] [INFO] Searching for NEW leads to audit...
[2026-04-17T13:54:23.466Z] [INFO] No new leads found for audit.
[2026-04-17T13:54:23.467Z] [INFO] Searching for candidates for Asset Generation...
[2026-04-17T13:54:23.587Z] [INFO] Phase 3: No candidates found for generation.
[2026-04-17T13:54:23.588Z] [INFO] Phase 4: Checking for Outreach candidates...
[2026-04-17T13:54:23.676Z] [INFO] Automating Outreach for Clínica Dental Adeslas...
[2026-04-17T13:54:23.676Z] [WARNING] Skipping outreach for Clínica Dental Adeslas: No corporate email discovered yet.
[2026-04-17T13:54:23.677Z] [INFO] Automating Outreach for restaurante Principal Sant Antoni de Vilamajor...
[2026-04-17T13:54:23.677Z] [WARNING] Skipping outreach for restaurante Principal Sant Antoni de Vilamajor: No corporate email discovered yet.
[2026-04-17T13:54:23.678Z] [INFO] Automating Outreach for Especialistas restaurante Sant Antoni de Vilamajor...
[2026-04-17T13:54:23.678Z] [WARNING] Skipping outreach for Especialistas restaurante Sant Antoni de Vilamajor: No corporate email discovered yet.
[2026-04-17T13:54:23.679Z] [INFO] Automating Outreach for SC Project | Inmobiliaria en Sant Cugat...
[2026-04-17T13:54:23.679Z] [WARNING] Skipping outreach for SC Project | Inmobiliaria en Sant Cugat: No corporate email discovered yet.
[2026-04-17T13:54:23.680Z] [INFO] Automating Outreach for clínica dental Principal Granollers...
[2026-04-17T13:54:23.681Z] [WARNING] Skipping outreach for clínica dental Principal Granollers: No corporate email discovered yet.
[2026-04-17T13:54:23.681Z] [INFO] Cycle complete. Sleeping for 60s...
[2026-04-17T13:54:33.449Z] [INFO] Searching for NEW leads to audit...
[2026-04-17T13:54:33.566Z] [INFO] No new leads found for audit.
[2026-04-17T13:54:33.567Z] [INFO] Searching for candidates for Asset Generation...
[2026-04-17T13:54:33.671Z] [INFO] Phase 3: No candidates found for generation.
[2026-04-17T13:54:33.672Z] [INFO] Phase 4: Checking for Outreach candidates...
[2026-04-17T13:54:33.738Z] [INFO] Automating Outreach for Clínica Dental Adeslas...
[2026-04-17T13:54:33.947Z] [SUCCESS] Outreach successful for Clínica Dental Adeslas
[2026-04-17T13:54:34.447Z] [INFO] Automating Outreach for restaurante Principal Sant Antoni de Vilamajor...
[2026-04-17T13:54:34.644Z] [SUCCESS] Outreach successful for restaurante Principal Sant Antoni de Vilamajor
[2026-04-17T13:54:34.835Z] [INFO] Automating Outreach for Especialistas restaurante Sant Antoni de Vilamajor...
[2026-04-17T13:54:35.071Z] [SUCCESS] Outreach successful for Especialistas restaurante Sant Antoni de Vilamajor
[2026-04-17T13:54:35.209Z] [INFO] Automating Outreach for SC Project | Inmobiliaria en Sant Cugat...
[2026-04-17T13:54:35.345Z] [SUCCESS] Outreach successful for SC Project | Inmobiliaria en Sant Cugat
[2026-04-17T13:54:35.488Z] [INFO] Automating Outreach for clínica dental Principal Granollers...
[2026-04-17T13:54:35.619Z] [SUCCESS] Outreach successful for clínica dental Principal Granollers
[2026-04-17T13:54:35.752Z] [INFO] Cycle complete. Sleeping for 60s...
[2026-04-17T13:55:23.692Z] [INFO] Searching for NEW leads to audit...
[2026-04-17T13:55:23.845Z] [INFO] No new leads found for audit.
[2026-04-17T13:55:23.846Z] [INFO] Searching for candidates for Asset Generation...
[2026-04-17T13:55:23.972Z] [INFO] Phase 3: No candidates found for generation.
[2026-04-17T13:55:23.973Z] [INFO] Phase 4: Checking for Outreach candidates...
[2026-04-17T13:55:24.042Z] [INFO] Automating Outreach for Clínica Dental Adeslas...
[2026-04-17T13:55:24.042Z] [WARNING] Skipping outreach for Clínica Dental Adeslas: No corporate email discovered yet.
[2026-04-17T13:55:24.043Z] [INFO] Automating Outreach for restaurante Principal Sant Antoni de Vilamajor...
[2026-04-17T13:55:24.044Z] [WARNING] Skipping outreach for restaurante Principal Sant Antoni de Vilamajor: No corporate email discovered yet.
[2026-04-17T13:55:24.044Z] [INFO] Automating Outreach for Especialistas restaurante Sant Antoni de Vilamajor...
[2026-04-17T13:55:24.045Z] [WARNING] Skipping outreach for Especialistas restaurante Sant Antoni de Vilamajor: No corporate email discovered yet.
[2026-04-17T13:55:24.045Z] [INFO] Automating Outreach for SC Project | Inmobiliaria en Sant Cugat...
[2026-04-17T13:55:24.046Z] [WARNING] Skipping outreach for SC Project | Inmobiliaria en Sant Cugat: No corporate email discovered yet.
[2026-04-17T13:55:24.046Z] [INFO] Automating Outreach for clínica dental Principal Granollers...
[2026-04-17T13:55:24.047Z] [WARNING] Skipping outreach for clínica dental Principal Granollers: No corporate email discovered yet.
[2026-04-17T13:55:24.048Z] [INFO] Cycle complete. Sleeping for 60s...
[2026-04-17T13:55:35.769Z] [INFO] Searching for NEW leads to audit...
[2026-04-17T13:55:35.876Z] [INFO] No new leads found for audit.
[2026-04-17T13:55:35.876Z] [INFO] Searching for candidates for Asset Generation...
[2026-04-17T13:55:35.984Z] [INFO] Phase 3: No candidates found for generation.
[2026-04-17T13:55:35.984Z] [INFO] Phase 4: Checking for Outreach candidates...
[2026-04-17T13:55:36.059Z] [INFO] Automating Outreach for Clínica Dental Adeslas...
[2026-04-17T13:55:36.259Z] [SUCCESS] Outreach successful for Clínica Dental Adeslas
[2026-04-17T13:55:36.404Z] [INFO] Automating Outreach for restaurante Principal Sant Antoni de Vilamajor...
[2026-04-17T13:55:36.604Z] [SUCCESS] Outreach successful for restaurante Principal Sant Antoni de Vilamajor
[2026-04-17T13:55:36.757Z] [INFO] Automating Outreach for Especialistas restaurante Sant Antoni de Vilamajor...
[2026-04-17T13:55:36.899Z] [SUCCESS] Outreach successful for Especialistas restaurante Sant Antoni de Vilamajor
[2026-04-17T13:55:37.044Z] [INFO] Automating Outreach for SC Project | Inmobiliaria en Sant Cugat...
[2026-04-17T13:55:37.190Z] [SUCCESS] Outreach successful for SC Project | Inmobiliaria en Sant Cugat
[2026-04-17T13:55:37.327Z] [INFO] Automating Outreach for clínica dental Principal Granollers...
[2026-04-17T13:55:37.457Z] [SUCCESS] Outreach successful for clínica dental Principal Granollers
[2026-04-17T13:55:37.611Z] [INFO] Cycle complete. Sleeping for 60s...
[2026-04-17T13:56:24.053Z] [INFO] Searching for NEW leads to audit...
[2026-04-17T13:56:24.240Z] [INFO] No new leads found for audit.
[2026-04-17T13:56:24.241Z] [INFO] Searching for candidates for Asset Generation...
[2026-04-17T13:56:24.492Z] [INFO] Phase 3: No candidates found for generation.
[2026-04-17T13:56:24.493Z] [INFO] Phase 4: Checking for Outreach candidates...
[2026-04-17T13:56:24.563Z] [INFO] Automating Outreach for Clínica Dental Adeslas...
[2026-04-17T13:56:24.563Z] [WARNING] Skipping outreach for Clínica Dental Adeslas: No corporate email discovered yet.
[2026-04-17T13:56:24.564Z] [INFO] Automating Outreach for restaurante Principal Sant Antoni de Vilamajor...
[2026-04-17T13:56:24.564Z] [WARNING] Skipping outreach for restaurante Principal Sant Antoni de Vilamajor: No corporate email discovered yet.
[2026-04-17T13:56:24.565Z] [INFO] Automating Outreach for Especialistas restaurante Sant Antoni de Vilamajor...
[2026-04-17T13:56:24.565Z] [WARNING] Skipping outreach for Especialistas restaurante Sant Antoni de Vilamajor: No corporate email discovered yet.
[2026-04-17T13:56:24.566Z] [INFO] Automating Outreach for SC Project | Inmobiliaria en Sant Cugat...
[2026-04-17T13:56:24.566Z] [WARNING] Skipping outreach for SC Project | Inmobiliaria en Sant Cugat: No corporate email discovered yet.
[2026-04-17T13:56:24.567Z] [INFO] Automating Outreach for clínica dental Principal Granollers...
[2026-04-17T13:56:24.567Z] [WARNING] Skipping outreach for clínica dental Principal Granollers: No corporate email discovered yet.
[2026-04-17T13:56:24.568Z] [INFO] Cycle complete. Sleeping for 60s...
[2026-04-17T13:56:37.624Z] [INFO] Searching for NEW leads to audit...
[2026-04-17T13:56:37.739Z] [INFO] No new leads found for audit.
[2026-04-17T13:56:37.740Z] [INFO] Searching for candidates for Asset Generation...
[2026-04-17T13:56:37.852Z] [INFO] Phase 3: No candidates found for generation.
[2026-04-17T13:56:37.853Z] [INFO] Phase 4: Checking for Outreach candidates...
[2026-04-17T13:56:37.927Z] [INFO] Automating Outreach for Clínica Dental Adeslas...
[2026-04-17T13:56:38.229Z] [SUCCESS] Outreach successful for Clínica Dental Adeslas
[2026-04-17T13:56:38.375Z] [INFO] Automating Outreach for restaurante Principal Sant Antoni de Vilamajor...
[2026-04-17T13:56:38.589Z] [SUCCESS] Outreach successful for restaurante Principal Sant Antoni de Vilamajor
[2026-04-17T13:56:38.745Z] [INFO] Automating Outreach for Especialistas restaurante Sant Antoni de Vilamajor...
[2026-04-17T13:56:38.875Z] [SUCCESS] Outreach successful for Especialistas restaurante Sant Antoni de Vilamajor
[2026-04-17T13:56:39.018Z] [INFO] Automating Outreach for SC Project | Inmobiliaria en Sant Cugat...
[2026-04-17T13:56:39.162Z] [SUCCESS] Outreach successful for SC Project | Inmobiliaria en Sant Cugat
[2026-04-17T13:56:39.295Z] [INFO] Automating Outreach for clínica dental Principal Granollers...
[2026-04-17T13:56:39.423Z] [SUCCESS] Outreach successful for clínica dental Principal Granollers
[2026-04-17T13:56:39.556Z] [INFO] Cycle complete. Sleeping for 60s...
[2026-04-17T13:57:24.581Z] [INFO] Searching for NEW leads to audit...
[2026-04-17T13:57:24.716Z] [INFO] No new leads found for audit.
[2026-04-17T13:57:24.716Z] [INFO] Searching for candidates for Asset Generation...
[2026-04-17T13:57:24.840Z] [INFO] Phase 3: No candidates found for generation.
[2026-04-17T13:57:24.840Z] [INFO] Phase 4: Checking for Outreach candidates...
[2026-04-17T13:57:24.918Z] [INFO] Automating Outreach for Clínica Dental Adeslas...
[2026-04-17T13:57:24.918Z] [WARNING] Skipping outreach for Clínica Dental Adeslas: No corporate email discovered yet.
[2026-04-17T13:57:24.919Z] [INFO] Automating Outreach for restaurante Principal Sant Antoni de Vilamajor...
[2026-04-17T13:57:24.920Z] [WARNING] Skipping outreach for restaurante Principal Sant Antoni de Vilamajor: No corporate email discovered yet.
[2026-04-17T13:57:24.920Z] [INFO] Automating Outreach for Especialistas restaurante Sant Antoni de Vilamajor...
[2026-04-17T13:57:24.921Z] [WARNING] Skipping outreach for Especialistas restaurante Sant Antoni de Vilamajor: No corporate email discovered yet.
[2026-04-17T13:57:24.921Z] [INFO] Automating Outreach for SC Project | Inmobiliaria en Sant Cugat...
[2026-04-17T13:57:24.922Z] [WARNING] Skipping outreach for SC Project | Inmobiliaria en Sant Cugat: No corporate email discovered yet.
[2026-04-17T13:57:24.923Z] [INFO] Automating Outreach for clínica dental Principal Granollers...
[2026-04-17T13:57:24.923Z] [WARNING] Skipping outreach for clínica dental Principal Granollers: No corporate email discovered yet.
[2026-04-17T13:57:24.924Z] [INFO] Cycle complete. Sleeping for 60s...
[2026-04-17T13:57:39.568Z] [INFO] Searching for NEW leads to audit...
[2026-04-17T13:57:39.723Z] [INFO] No new leads found for audit.
[2026-04-17T13:57:39.724Z] [INFO] Searching for candidates for Asset Generation...
[2026-04-17T13:57:39.843Z] [INFO] Phase 3: No candidates found for generation.
[2026-04-17T13:57:39.843Z] [INFO] Phase 4: Checking for Outreach candidates...
[2026-04-17T13:57:39.921Z] [INFO] Automating Outreach for Clínica Dental Adeslas...
[2026-04-17T13:57:40.121Z] [SUCCESS] Outreach successful for Clínica Dental Adeslas
[2026-04-17T13:57:40.280Z] [INFO] Automating Outreach for restaurante Principal Sant Antoni de Vilamajor...
[2026-04-17T13:57:40.480Z] [SUCCESS] Outreach successful for restaurante Principal Sant Antoni de Vilamajor
[2026-04-17T13:57:40.677Z] [INFO] Automating Outreach for Especialistas restaurante Sant Antoni de Vilamajor...
[2026-04-17T13:57:40.819Z] [SUCCESS] Outreach successful for Especialistas restaurante Sant Antoni de Vilamajor
[2026-04-17T13:57:40.976Z] [INFO] Automating Outreach for SC Project | Inmobiliaria en Sant Cugat...
[2026-04-17T13:57:41.108Z] [SUCCESS] Outreach successful for SC Project | Inmobiliaria en Sant Cugat
[2026-04-17T13:57:41.247Z] [INFO] Automating Outreach for clínica dental Principal Granollers...
[2026-04-17T13:57:41.394Z] [SUCCESS] Outreach successful for clínica dental Principal Granollers
[2026-04-17T13:57:41.531Z] [INFO] Cycle complete. Sleeping for 60s...
[2026-04-17T13:58:24.926Z] [INFO] Searching for NEW leads to audit...
[2026-04-17T13:58:25.142Z] [INFO] No new leads found for audit.
[2026-04-17T13:58:25.143Z] [INFO] Searching for candidates for Asset Generation...
[2026-04-17T13:58:25.269Z] [INFO] Phase 3: No candidates found for generation.
[2026-04-17T13:58:25.269Z] [INFO] Phase 4: Checking for Outreach candidates...
[2026-04-17T13:58:25.360Z] [INFO] Automating Outreach for Clínica Dental Adeslas...
[2026-04-17T13:58:25.361Z] [WARNING] Skipping outreach for Clínica Dental Adeslas: No corporate email discovered yet.
[2026-04-17T13:58:25.362Z] [INFO] Automating Outreach for restaurante Principal Sant Antoni de Vilamajor...
[2026-04-17T13:58:25.362Z] [WARNING] Skipping outreach for restaurante Principal Sant Antoni de Vilamajor: No corporate email discovered yet.
[2026-04-17T13:58:25.363Z] [INFO] Automating Outreach for Especialistas restaurante Sant Antoni de Vilamajor...
[2026-04-17T13:58:25.363Z] [WARNING] Skipping outreach for Especialistas restaurante Sant Antoni de Vilamajor: No corporate email discovered yet.
[2026-04-17T13:58:25.364Z] [INFO] Automating Outreach for SC Project | Inmobiliaria en Sant Cugat...
[2026-04-17T13:58:25.364Z] [WARNING] Skipping outreach for SC Project | Inmobiliaria en Sant Cugat: No corporate email discovered yet.
[2026-04-17T13:58:25.365Z] [INFO] Automating Outreach for clínica dental Principal Granollers...
[2026-04-17T13:58:25.365Z] [WARNING] Skipping outreach for clínica dental Principal Granollers: No corporate email discovered yet.
[2026-04-17T13:58:25.366Z] [INFO] Cycle complete. Sleeping for 60s...
[2026-04-17T13:58:41.544Z] [INFO] Searching for NEW leads to audit...
[2026-04-17T13:58:41.702Z] [INFO] No new leads found for audit.
[2026-04-17T13:58:41.703Z] [INFO] Searching for candidates for Asset Generation...
[2026-04-17T13:58:41.816Z] [INFO] Phase 3: No candidates found for generation.
[2026-04-17T13:58:41.816Z] [INFO] Phase 4: Checking for Outreach candidates...
[2026-04-17T13:58:41.906Z] [INFO] Automating Outreach for Clínica Dental Adeslas...
[2026-04-17T13:58:42.120Z] [SUCCESS] Outreach successful for Clínica Dental Adeslas
[2026-04-17T13:58:42.278Z] [INFO] Automating Outreach for restaurante Principal Sant Antoni de Vilamajor...
[2026-04-17T13:58:42.485Z] [SUCCESS] Outreach successful for restaurante Principal Sant Antoni de Vilamajor
[2026-04-17T13:58:42.622Z] [INFO] Automating Outreach for Especialistas restaurante Sant Antoni de Vilamajor...
[2026-04-17T13:58:42.762Z] [SUCCESS] Outreach successful for Especialistas restaurante Sant Antoni de Vilamajor
[2026-04-17T13:58:42.902Z] [INFO] Automating Outreach for SC Project | Inmobiliaria en Sant Cugat...
[2026-04-17T13:58:43.030Z] [SUCCESS] Outreach successful for SC Project | Inmobiliaria en Sant Cugat
[2026-04-17T13:58:43.162Z] [INFO] Automating Outreach for clínica dental Principal Granollers...
[2026-04-17T13:58:43.292Z] [SUCCESS] Outreach successful for clínica dental Principal Granollers
[2026-04-17T13:58:43.789Z] [INFO] Cycle complete. Sleeping for 60s...
[2026-04-17T13:59:25.373Z] [INFO] Searching for NEW leads to audit...
[2026-04-17T13:59:25.502Z] [INFO] No new leads found for audit.
[2026-04-17T13:59:25.503Z] [INFO] Searching for candidates for Asset Generation...
[2026-04-17T13:59:25.683Z] [INFO] Phase 3: No candidates found for generation.
[2026-04-17T13:59:25.684Z] [INFO] Phase 4: Checking for Outreach candidates...
[2026-04-17T13:59:25.771Z] [INFO] Automating Outreach for Clínica Dental Adeslas...
[2026-04-17T13:59:25.772Z] [WARNING] Skipping outreach for Clínica Dental Adeslas: No corporate email discovered yet.
[2026-04-17T13:59:25.772Z] [INFO] Automating Outreach for restaurante Principal Sant Antoni de Vilamajor...
[2026-04-17T13:59:25.773Z] [WARNING] Skipping outreach for restaurante Principal Sant Antoni de Vilamajor: No corporate email discovered yet.
[2026-04-17T13:59:25.774Z] [INFO] Automating Outreach for Especialistas restaurante Sant Antoni de Vilamajor...
[2026-04-17T13:59:25.774Z] [WARNING] Skipping outreach for Especialistas restaurante Sant Antoni de Vilamajor: No corporate email discovered yet.
[2026-04-17T13:59:25.775Z] [INFO] Automating Outreach for SC Project | Inmobiliaria en Sant Cugat...
[2026-04-17T13:59:25.775Z] [WARNING] Skipping outreach for SC Project | Inmobiliaria en Sant Cugat: No corporate email discovered yet.
[2026-04-17T13:59:25.776Z] [INFO] Automating Outreach for clínica dental Principal Granollers...
[2026-04-17T13:59:25.777Z] [WARNING] Skipping outreach for clínica dental Principal Granollers: No corporate email discovered yet.
[2026-04-17T13:59:25.778Z] [INFO] Cycle complete. Sleeping for 60s...
[2026-04-17T13:59:43.795Z] [INFO] Searching for NEW leads to audit...
[2026-04-17T13:59:43.923Z] [INFO] No new leads found for audit.
[2026-04-17T13:59:43.923Z] [INFO] Searching for candidates for Asset Generation...
[2026-04-17T13:59:44.026Z] [INFO] Phase 3: No candidates found for generation.
[2026-04-17T13:59:44.027Z] [INFO] Phase 4: Checking for Outreach candidates...
[2026-04-17T13:59:44.108Z] [INFO] Automating Outreach for Clínica Dental Adeslas...
[2026-04-17T13:59:44.325Z] [SUCCESS] Outreach successful for Clínica Dental Adeslas
[2026-04-17T13:59:44.476Z] [INFO] Automating Outreach for restaurante Principal Sant Antoni de Vilamajor...
[2026-04-17T13:59:44.684Z] [SUCCESS] Outreach successful for restaurante Principal Sant Antoni de Vilamajor
[2026-04-17T13:59:44.825Z] [INFO] Automating Outreach for Especialistas restaurante Sant Antoni de Vilamajor...
[2026-04-17T13:59:44.958Z] [SUCCESS] Outreach successful for Especialistas restaurante Sant Antoni de Vilamajor
[2026-04-17T13:59:45.089Z] [INFO] Automating Outreach for SC Project | Inmobiliaria en Sant Cugat...
[2026-04-17T13:59:45.233Z] [SUCCESS] Outreach successful for SC Project | Inmobiliaria en Sant Cugat
[2026-04-17T13:59:45.362Z] [INFO] Automating Outreach for clínica dental Principal Granollers...
[2026-04-17T13:59:45.495Z] [SUCCESS] Outreach successful for clínica dental Principal Granollers
[2026-04-17T13:59:45.632Z] [INFO] Cycle complete. Sleeping for 60s...
[2026-04-17T14:00:25.790Z] [INFO] Searching for NEW leads to audit...
[2026-04-17T14:00:26.174Z] [INFO] No new leads found for audit.
[2026-04-17T14:00:26.174Z] [INFO] Searching for candidates for Asset Generation...
[2026-04-17T14:00:26.318Z] [INFO] Phase 3: No candidates found for generation.
[2026-04-17T14:00:26.319Z] [INFO] Phase 4: Checking for Outreach candidates...
[2026-04-17T14:00:26.392Z] [INFO] Automating Outreach for Clínica Dental Adeslas...
[2026-04-17T14:00:26.393Z] [WARNING] Skipping outreach for Clínica Dental Adeslas: No corporate email discovered yet.
[2026-04-17T14:00:26.394Z] [INFO] Automating Outreach for restaurante Principal Sant Antoni de Vilamajor...
[2026-04-17T14:00:26.395Z] [WARNING] Skipping outreach for restaurante Principal Sant Antoni de Vilamajor: No corporate email discovered yet.
[2026-04-17T14:00:26.395Z] [INFO] Automating Outreach for Especialistas restaurante Sant Antoni de Vilamajor...
[2026-04-17T14:00:26.396Z] [WARNING] Skipping outreach for Especialistas restaurante Sant Antoni de Vilamajor: No corporate email discovered yet.
[2026-04-17T14:00:26.396Z] [INFO] Automating Outreach for SC Project | Inmobiliaria en Sant Cugat...
[2026-04-17T14:00:26.397Z] [WARNING] Skipping outreach for SC Project | Inmobiliaria en Sant Cugat: No corporate email discovered yet.
[2026-04-17T14:00:26.398Z] [INFO] Automating Outreach for clínica dental Principal Granollers...
[2026-04-17T14:00:26.398Z] [WARNING] Skipping outreach for clínica dental Principal Granollers: No corporate email discovered yet.
[2026-04-17T14:00:26.399Z] [INFO] Cycle complete. Sleeping for 60s...
[2026-04-17T14:00:45.639Z] [INFO] Searching for NEW leads to audit...
[2026-04-17T14:00:45.798Z] [INFO] No new leads found for audit.
[2026-04-17T14:00:45.799Z] [INFO] Searching for candidates for Asset Generation...
[2026-04-17T14:00:45.905Z] [INFO] Phase 3: No candidates found for generation.
[2026-04-17T14:00:45.905Z] [INFO] Phase 4: Checking for Outreach candidates...
[2026-04-17T14:00:45.981Z] [INFO] Automating Outreach for Clínica Dental Adeslas...
[2026-04-17T14:00:46.195Z] [SUCCESS] Outreach successful for Clínica Dental Adeslas
[2026-04-17T14:00:46.334Z] [INFO] Automating Outreach for restaurante Principal Sant Antoni de Vilamajor...
[2026-04-17T14:00:46.546Z] [SUCCESS] Outreach successful for restaurante Principal Sant Antoni de Vilamajor
[2026-04-17T14:00:46.685Z] [INFO] Automating Outreach for Especialistas restaurante Sant Antoni de Vilamajor...
[2026-04-17T14:00:46.821Z] [SUCCESS] Outreach successful for Especialistas restaurante Sant Antoni de Vilamajor
[2026-04-17T14:00:46.968Z] [INFO] Automating Outreach for SC Project | Inmobiliaria en Sant Cugat...
[2026-04-17T14:00:47.132Z] [SUCCESS] Outreach successful for SC Project | Inmobiliaria en Sant Cugat
[2026-04-17T14:00:47.268Z] [INFO] Automating Outreach for clínica dental Principal Granollers...
[2026-04-17T14:00:47.411Z] [SUCCESS] Outreach successful for clínica dental Principal Granollers
[2026-04-17T14:00:47.550Z] [INFO] Cycle complete. Sleeping for 60s...
[2026-04-17T14:01:26.408Z] [INFO] Searching for NEW leads to audit...
[2026-04-17T14:01:26.561Z] [INFO] No new leads found for audit.
[2026-04-17T14:01:26.561Z] [INFO] Searching for candidates for Asset Generation...
[2026-04-17T14:01:26.702Z] [INFO] Phase 3: No candidates found for generation.
[2026-04-17T14:01:26.702Z] [INFO] Phase 4: Checking for Outreach candidates...
[2026-04-17T14:01:26.781Z] [INFO] Automating Outreach for Clínica Dental Adeslas...
[2026-04-17T14:01:26.782Z] [WARNING] Skipping outreach for Clínica Dental Adeslas: No corporate email discovered yet.
[2026-04-17T14:01:26.783Z] [INFO] Automating Outreach for restaurante Principal Sant Antoni de Vilamajor...
[2026-04-17T14:01:26.783Z] [WARNING] Skipping outreach for restaurante Principal Sant Antoni de Vilamajor: No corporate email discovered yet.
[2026-04-17T14:01:26.784Z] [INFO] Automating Outreach for Especialistas restaurante Sant Antoni de Vilamajor...
[2026-04-17T14:01:26.785Z] [WARNING] Skipping outreach for Especialistas restaurante Sant Antoni de Vilamajor: No corporate email discovered yet.
[2026-04-17T14:01:26.785Z] [INFO] Automating Outreach for SC Project | Inmobiliaria en Sant Cugat...
[2026-04-17T14:01:26.786Z] [WARNING] Skipping outreach for SC Project | Inmobiliaria en Sant Cugat: No corporate email discovered yet.
[2026-04-17T14:01:26.786Z] [INFO] Automating Outreach for clínica dental Principal Granollers...
[2026-04-17T14:01:26.786Z] [WARNING] Skipping outreach for clínica dental Principal Granollers: No corporate email discovered yet.
[2026-04-17T14:01:26.787Z] [INFO] Cycle complete. Sleeping for 60s...
[2026-04-17T14:01:47.556Z] [INFO] Searching for NEW leads to audit...
[2026-04-17T14:01:47.675Z] [INFO] No new leads found for audit.
[2026-04-17T14:01:47.676Z] [INFO] Searching for candidates for Asset Generation...
[2026-04-17T14:01:47.787Z] [INFO] Phase 3: No candidates found for generation.
[2026-04-17T14:01:47.788Z] [INFO] Phase 4: Checking for Outreach candidates...
[2026-04-17T14:01:47.860Z] [INFO] Automating Outreach for Clínica Dental Adeslas...
[2026-04-17T14:01:48.110Z] [SUCCESS] Outreach successful for Clínica Dental Adeslas
[2026-04-17T14:01:48.255Z] [INFO] Automating Outreach for restaurante Principal Sant Antoni de Vilamajor...
[2026-04-17T14:01:48.457Z] [SUCCESS] Outreach successful for restaurante Principal Sant Antoni de Vilamajor
[2026-04-17T14:01:48.599Z] [INFO] Automating Outreach for Especialistas restaurante Sant Antoni de Vilamajor...
[2026-04-17T14:01:48.751Z] [SUCCESS] Outreach successful for Especialistas restaurante Sant Antoni de Vilamajor
[2026-04-17T14:01:48.881Z] [INFO] Automating Outreach for SC Project | Inmobiliaria en Sant Cugat...
[2026-04-17T14:01:49.010Z] [SUCCESS] Outreach successful for SC Project | Inmobiliaria en Sant Cugat
[2026-04-17T14:01:49.143Z] [INFO] Automating Outreach for clínica dental Principal Granollers...
[2026-04-17T14:01:49.285Z] [SUCCESS] Outreach successful for clínica dental Principal Granollers
[2026-04-17T14:01:49.425Z] [INFO] Cycle complete. Sleeping for 60s...
[2026-04-17T14:02:26.788Z] [INFO] Searching for NEW leads to audit...
[2026-04-17T14:02:26.972Z] [INFO] No new leads found for audit.
[2026-04-17T14:02:26.972Z] [INFO] Searching for candidates for Asset Generation...
[2026-04-17T14:02:27.110Z] [INFO] Phase 3: No candidates found for generation.
[2026-04-17T14:02:27.111Z] [INFO] Phase 4: Checking for Outreach candidates...
[2026-04-17T14:02:27.196Z] [INFO] Automating Outreach for Clínica Dental Adeslas...
[2026-04-17T14:02:27.197Z] [WARNING] Skipping outreach for Clínica Dental Adeslas: No corporate email discovered yet.
[2026-04-17T14:02:27.197Z] [INFO] Automating Outreach for restaurante Principal Sant Antoni de Vilamajor...
[2026-04-17T14:02:27.198Z] [WARNING] Skipping outreach for restaurante Principal Sant Antoni de Vilamajor: No corporate email discovered yet.
[2026-04-17T14:02:27.198Z] [INFO] Automating Outreach for Especialistas restaurante Sant Antoni de Vilamajor...
[2026-04-17T14:02:27.199Z] [WARNING] Skipping outreach for Especialistas restaurante Sant Antoni de Vilamajor: No corporate email discovered yet.
[2026-04-17T14:02:27.199Z] [INFO] Automating Outreach for SC Project | Inmobiliaria en Sant Cugat...
[2026-04-17T14:02:27.199Z] [WARNING] Skipping outreach for SC Project | Inmobiliaria en Sant Cugat: No corporate email discovered yet.
[2026-04-17T14:02:27.200Z] [INFO] Automating Outreach for clínica dental Principal Granollers...
[2026-04-17T14:02:27.200Z] [WARNING] Skipping outreach for clínica dental Principal Granollers: No corporate email discovered yet.
[2026-04-17T14:02:27.201Z] [INFO] Cycle complete. Sleeping for 60s...
[2026-04-17T14:02:49.441Z] [INFO] Searching for NEW leads to audit...
[2026-04-17T14:02:49.556Z] [INFO] No new leads found for audit.
[2026-04-17T14:02:49.556Z] [INFO] Searching for candidates for Asset Generation...
[2026-04-17T14:02:49.660Z] [INFO] Phase 3: No candidates found for generation.
[2026-04-17T14:02:49.661Z] [INFO] Phase 4: Checking for Outreach candidates...
[2026-04-17T14:02:49.733Z] [INFO] Automating Outreach for Clínica Dental Adeslas...
[2026-04-17T14:02:49.973Z] [SUCCESS] Outreach successful for Clínica Dental Adeslas
[2026-04-17T14:02:50.126Z] [INFO] Automating Outreach for restaurante Principal Sant Antoni de Vilamajor...
[2026-04-17T14:02:50.328Z] [SUCCESS] Outreach successful for restaurante Principal Sant Antoni de Vilamajor
[2026-04-17T14:02:50.484Z] [INFO] Automating Outreach for Especialistas restaurante Sant Antoni de Vilamajor...
[2026-04-17T14:02:50.619Z] [SUCCESS] Outreach successful for Especialistas restaurante Sant Antoni de Vilamajor
[2026-04-17T14:02:50.764Z] [INFO] Automating Outreach for SC Project | Inmobiliaria en Sant Cugat...
[2026-04-17T14:02:50.893Z] [SUCCESS] Outreach successful for SC Project | Inmobiliaria en Sant Cugat
[2026-04-17T14:02:51.032Z] [INFO] Automating Outreach for clínica dental Principal Granollers...
[2026-04-17T14:02:51.172Z] [SUCCESS] Outreach successful for clínica dental Principal Granollers
[2026-04-17T14:02:51.311Z] [INFO] Cycle complete. Sleeping for 60s...
[2026-04-17T14:03:27.204Z] [INFO] Searching for NEW leads to audit...
[2026-04-17T14:03:27.333Z] [INFO] No new leads found for audit.
[2026-04-17T14:03:27.334Z] [INFO] Searching for candidates for Asset Generation...
[2026-04-17T14:03:27.478Z] [INFO] Phase 3: No candidates found for generation.
[2026-04-17T14:03:27.479Z] [INFO] Phase 4: Checking for Outreach candidates...
[2026-04-17T14:03:27.549Z] [INFO] Automating Outreach for Clínica Dental Adeslas...
[2026-04-17T14:03:27.549Z] [WARNING] Skipping outreach for Clínica Dental Adeslas: No corporate email discovered yet.
[2026-04-17T14:03:27.550Z] [INFO] Automating Outreach for restaurante Principal Sant Antoni de Vilamajor...
[2026-04-17T14:03:27.551Z] [WARNING] Skipping outreach for restaurante Principal Sant Antoni de Vilamajor: No corporate email discovered yet.
[2026-04-17T14:03:27.552Z] [INFO] Automating Outreach for Especialistas restaurante Sant Antoni de Vilamajor...
[2026-04-17T14:03:27.552Z] [WARNING] Skipping outreach for Especialistas restaurante Sant Antoni de Vilamajor: No corporate email discovered yet.
[2026-04-17T14:03:27.553Z] [INFO] Automating Outreach for SC Project | Inmobiliaria en Sant Cugat...
[2026-04-17T14:03:27.553Z] [WARNING] Skipping outreach for SC Project | Inmobiliaria en Sant Cugat: No corporate email discovered yet.
[2026-04-17T14:03:27.554Z] [INFO] Automating Outreach for clínica dental Principal Granollers...
[2026-04-17T14:03:27.554Z] [WARNING] Skipping outreach for clínica dental Principal Granollers: No corporate email discovered yet.
[2026-04-17T14:03:27.555Z] [INFO] Cycle complete. Sleeping for 60s...
[2026-04-17T14:03:51.315Z] [INFO] Searching for NEW leads to audit...
[2026-04-17T14:03:51.425Z] [INFO] No new leads found for audit.
[2026-04-17T14:03:51.426Z] [INFO] Searching for candidates for Asset Generation...
[2026-04-17T14:03:51.532Z] [INFO] Phase 3: No candidates found for generation.
[2026-04-17T14:03:51.532Z] [INFO] Phase 4: Checking for Outreach candidates...
[2026-04-17T14:03:51.606Z] [INFO] Automating Outreach for Clínica Dental Adeslas...
[2026-04-17T14:03:51.816Z] [SUCCESS] Outreach successful for Clínica Dental Adeslas
[2026-04-17T14:03:51.961Z] [INFO] Automating Outreach for restaurante Principal Sant Antoni de Vilamajor...
[2026-04-17T14:03:52.212Z] [SUCCESS] Outreach successful for restaurante Principal Sant Antoni de Vilamajor
[2026-04-17T14:03:52.358Z] [INFO] Automating Outreach for Especialistas restaurante Sant Antoni de Vilamajor...
[2026-04-17T14:03:52.500Z] [SUCCESS] Outreach successful for Especialistas restaurante Sant Antoni de Vilamajor
[2026-04-17T14:03:52.753Z] [INFO] Automating Outreach for SC Project | Inmobiliaria en Sant Cugat...
[2026-04-17T14:03:52.890Z] [SUCCESS] Outreach successful for SC Project | Inmobiliaria en Sant Cugat
[2026-04-17T14:03:53.027Z] [INFO] Automating Outreach for clínica dental Principal Granollers...
[2026-04-17T14:03:53.185Z] [SUCCESS] Outreach successful for clínica dental Principal Granollers
[2026-04-17T14:03:53.324Z] [INFO] Cycle complete. Sleeping for 60s...
[2026-04-17T14:04:27.562Z] [INFO] Searching for NEW leads to audit...
[2026-04-17T14:04:27.746Z] [INFO] No new leads found for audit.
[2026-04-17T14:04:27.747Z] [INFO] Searching for candidates for Asset Generation...
[2026-04-17T14:04:27.867Z] [INFO] Phase 3: No candidates found for generation.
[2026-04-17T14:04:27.868Z] [INFO] Phase 4: Checking for Outreach candidates...
[2026-04-17T14:04:27.943Z] [INFO] Automating Outreach for Clínica Dental Adeslas...
[2026-04-17T14:04:27.944Z] [WARNING] Skipping outreach for Clínica Dental Adeslas: No corporate email discovered yet.
[2026-04-17T14:04:27.944Z] [INFO] Automating Outreach for restaurante Principal Sant Antoni de Vilamajor...
[2026-04-17T14:04:27.945Z] [WARNING] Skipping outreach for restaurante Principal Sant Antoni de Vilamajor: No corporate email discovered yet.
[2026-04-17T14:04:27.946Z] [INFO] Automating Outreach for Especialistas restaurante Sant Antoni de Vilamajor...
[2026-04-17T14:04:27.946Z] [WARNING] Skipping outreach for Especialistas restaurante Sant Antoni de Vilamajor: No corporate email discovered yet.
[2026-04-17T14:04:27.947Z] [INFO] Automating Outreach for SC Project | Inmobiliaria en Sant Cugat...
[2026-04-17T14:04:27.947Z] [WARNING] Skipping outreach for SC Project | Inmobiliaria en Sant Cugat: No corporate email discovered yet.
[2026-04-17T14:04:27.948Z] [INFO] Automating Outreach for clínica dental Principal Granollers...
[2026-04-17T14:04:27.948Z] [WARNING] Skipping outreach for clínica dental Principal Granollers: No corporate email discovered yet.
[2026-04-17T14:04:27.948Z] [INFO] Cycle complete. Sleeping for 60s...
